side,entry_ms,exit_ms,fill,stop,target,exit,how,risk,stop_atr,r_gross,r_net,sweep_ms
1,1515678600000,1515688260000,111.661,111.56931072316465,111.84437855367071,111.56631072316465,stop,0.09168927683535344,2.485291316627781,-1.032719202327086,-1.1050574323679905,1515678300000
1,1516117200000,1516124760000,110.68599999999999,110.59679243661238,110.86441512677523,110.86441512677523,target,0.08920756338761748,2.7811629142582177,2.0,1.9256493536183654,1516115700000
1,1516269900000,1516295340000,111.27499999999999,111.09274720638851,111.63950558722296,111.08974720638851,stop,0.1822527936114824,3.469635532853269,-1.016460653033365,-1.0528531816117699,1516267800000
-1,1516744200000,1516762500000,110.349,110.4869415716853,110.0731168566294,110.0731168566294,target,0.1379415716853032,3.4996590877427343,2.0,1.9519170332847042,1516743000000
-1,1517331000000,1517338620000,108.611,108.7665564571681,108.29988708566383,108.7695564571681,stop,0.15555645716808897,3.4139782605109015,-1.019285602504809,-1.0619237553706395,1517329800000
-1,1517421000000,1517423700000,108.882,109.0337944814636,108.57841103707281,109.0367944814636,stop,0.15179448146359675,2.619638744497301,-1.0197635643343173,-1.0634584334497708,1517420700000
-1,1517828400000,1517853060000,109.91,110.06860063282986,109.59279873434028,110.07160063282986,stop,0.15860063282985948,3.4473655841541544,-1.018915435244312,-1.060735192717255,1517827500000
1,1517996700000,1517999400000,109.25,109.12970393833002,109.49059212333995,109.12670393833002,stop,0.12029606166997553,2.800147458560087,-1.0249384722854056,-1.0800744418917607,1517994900000
1,1518102600000,1518108720000,109.704,109.56174993465676,109.98850013068646,109.55874993465676,stop,0.1422500653432337,2.709491330936869,-1.0210896212438387,-1.0677162430594151,1518102000000
-1,1518455400000,1518465480000,108.564,108.73486441476543,108.22227117046913,108.73786441476543,stop,0.17086441476543257,4.421482297761934,-1.017557781145469,-1.0563759283243621,1518453900000
-1,1518469500000,1518498300000,108.634,108.82011613334907,108.26176773330185,108.71,time,0.18611613334907418,3.637828036334974,-0.40834718964126526,-0.44398429363998204,1518467400000
-1,1518546900000,1518557400000,107.531,107.76067093834689,107.07165812330624,107.76367093834689,stop,0.22967093834688512,3.4428580568968,-1.0130621663393435,-1.0419410486556702,1518543900000
-1,1518805800000,1518818880000,106.16,106.39027167201868,105.69945665596262,106.39327167201868,stop,0.23027167201868792,3.671615341694622,-1.0130280897068253,-1.04183163267785,1518803100000
1,1519141500000,1519170300000,107.182,107.02743099872323,107.49113800255354,107.241,time,0.1545690012767693,4.33087548279725,0.3817065486135402,0.3387960041627568,1519138800000
-1,1519311600000,1519316640000,107.267,107.39275401878632,107.01549196242735,107.01549196242735,target,0.1257540187863242,3.34985054535333,2.0,1.9472570335006956,1519310700000
-1,1519376700000,1519378740000,106.917,107.04077469304336,106.66945061391328,107.04377469304336,stop,0.12377469304335875,3.279066446496205,-1.0242375878803367,-1.0778239861732135,1519374600000
-1,1519905900000,1519923000000,106.735,106.90532031721798,106.39435936556403,106.90832031721799,stop,0.17032031721798546,3.942310451391312,-1.017613870435437,-1.0565560243037342,1519902900000
1,1520329800000,1520331780000,106.25999999999999,106.14788376520414,106.48423246959169,106.14488376520414,stop,0.11211623479584887,3.5978108884727913,-1.0267579446051036,-1.085916549173633,1520328600000
1,1521043200000,1521051420000,106.568,106.30813060655483,107.08773878689034,106.30513060655483,stop,0.2598693934451717,4.4275340522467586,-1.0115442606004046,-1.037067235476626,1521042300000
-1,1521115500000,1521143160000,106.012,106.18711757063426,105.66176485873149,106.19011757063426,stop,0.17511757063425648,4.2529342223579105,-1.0171313477518815,-1.0550067018695597,1521113400000
-1,1521195300000,1521218460000,105.847,106.01552220871214,105.5099555825757,106.01852220871214,stop,0.1685222087121474,3.726546460796032,-1.0178018079808366,-1.057159469209507,1521194400000
-1,1521732300000,1521747000000,105.496,105.71094926618869,105.0661014676226,105.71394926618869,stop,0.2149492661886967,4.3430532526113685,-1.0139567817708506,-1.0448135514523875,1521729900000
-1,1522362000000,1522382100000,106.492,106.58262569858891,106.31074860282219,106.31074860282219,target,0.09062569858890868,2.4995375750740485,2.0,1.9268128124442205,1522361700000
1,1523393700000,1523415240000,107.279,107.11732293953006,107.60235412093988,107.11432293953006,stop,0.16167706046994113,2.847900974911996,-1.018555508068245,-1.0595795097461647,1523392200000
1,1524662700000,1524691500000,109.14399999999999,108.9794884491996,109.47302310160079,109.337,time,0.16451155080039825,4.68486888417179,1.1731699024233186,1.1328527333994405,1524659400000
-1,1526064600000,1526082900000,109.328,109.44404113645894,109.09591772708214,109.374,time,0.11604113645893221,2.8714976006856388,-0.3964111469752108,-0.45356880849421305,1526062500000
1,1526395200000,1526398380000,109.979,109.8700356155427,110.19692876891459,110.19692876891459,target,0.10896438445729473,3.6757845018729776,2.0,1.9391302026525974,1526393700000
1,1527509400000,1527512700000,109.47099999999999,109.36704259959639,109.67891480080719,109.36404259959639,stop,0.10395740040360124,2.626911350918433,-1.0288579744044484,-1.0926594928557527,1527508800000
-1,1527617700000,1527629280000,108.791,109.1200422769533,108.13291544609339,108.13291544609339,target,0.32904227695330235,4.672384785995384,2.0,1.9798425902549257,1527614100000
1,1527891900000,1527897300000,109.55,109.41886762652956,109.81226474694087,109.504,time,0.13113237347043594,4.186358194778516,-0.3507905697319134,-0.40137029939337143,1527888600000
1,1528194900000,1528204440000,109.877,109.72602564767948,110.17894870464103,109.72302564767948,stop,0.15097435232051737,3.79871586977145,-1.0198709247888087,-1.0638031549858886,1528193700000
-1,1528923300000,1528923660000,110.371,110.46638014610073,110.18023970779852,110.46938014610073,stop,0.0953801461007373,4.007323166903815,-1.0314530866500415,-1.1009920868628826,1528920000000
1,1529097900000,1529106900000,110.601,110.53098249699008,110.74103500601984,110.661,time,0.07001750300992171,2.320378895381841,0.8569285881488815,0.7622002743005551,1529097300000
-1,1529416500000,1529423160000,109.825,109.94924081967716,109.5765183606457,109.95224081967716,stop,0.12424081967715495,2.9296416526796576,-1.02414665331246,-1.0775320061879095,1529415000000
-1,1529928000000,1529935920000,109.454,109.59663063069752,109.16873873860494,109.59963063069752,stop,0.1426306306975249,3.9285359096056807,-1.021033350166993,-1.067535563384193,1529925300000
1,1530561000000,1530589800000,110.815,110.67275651839616,111.09948696320768,110.942,time,0.14224348160384181,4.385518371225344,0.892835288956856,0.8462065090281393,1530558000000
1,1530816600000,1530835260000,110.654,110.52226867299397,110.91746265401204,110.51926867299397,stop,0.13173132700602252,3.530414964788813,-1.0227736261995064,-1.0731233808914695,1530813600000
-1,1531134000000,1531152420000,110.401,110.55340491184052,110.09619017631896,110.55640491184052,stop,0.15240491184052019,4.4760310686061935,-1.019684404943191,-1.0632042621439912,1531133100000
1,1531426500000,1531452300000,112.47999999999999,112.36049700779657,112.71900598440683,112.71900598440683,target,0.11950299220342231,3.4114547010985006,2.0,1.9444981261330287,1531424700000
1,1532712900000,1532720640000,111.05799999999999,110.89828911552073,111.37742176895853,110.89528911552073,stop,0.15971088447926718,2.796605062822567,-1.018783942057434,-1.0603129838733725,1532709900000
-1,1533222300000,1533237600000,111.378,111.53116209613754,111.07167580772493,111.53416209613754,stop,0.1531620961375353,3.6799269184666152,-1.019587091556296,-1.062891800536278,1533222000000
-1,1533641100000,1533646560000,111.316,111.37811511655913,111.19176976688175,111.19176976688175,target,0.06211511655912716,2.936723098813914,2.0,1.8932201955431185,1533640500000
-1,1533745500000,1533774300000,111.027,111.18585689156498,110.70928621687004,110.95599999999999,time,0.15885689156498017,4.118780341331205,0.44694315305149807,0.4051908567887519,1533744000000
-1,1533910500000,1533915360000,110.887,111.01096318090843,110.63907363818313,111.01396318090843,stop,0.12396318090843295,3.1278708636402124,-1.024200734266541,-1.0777056536417486,1533907800000
1,1534261800000,1534265520000,110.91799999999999,110.78036039176982,111.19327921646034,110.77736039176982,stop,0.13763960823017385,3.7817149408690485,-1.021796051576834,-1.0699845060870234,1534259700000
1,1534269000000,1534277520000,110.937,110.74994651036666,111.31110697926668,111.31110697926668,target,0.18705348963334245,4.614628543616586,2.0,1.9645414794826808,1534266000000
-1,1534937700000,1534947720000,110.386,110.46057293203371,110.23685413593256,110.23685413593256,target,0.07457293203371762,2.8983638532482012,2.0,1.9110583449099052,1534936500000
1,1535026500000,1535044380000,110.901,110.74701590151426,111.20896819697147,111.20896819697147,target,0.15398409848573635,5.160154707402434,2.0,1.9569264614643673,1535023800000
1,1535106600000,1535122560000,111.39099999999999,111.30322303660421,111.56655392679156,111.30022303660421,stop,0.08777696339578256,3.1608973862943217,-1.0341775322811435,-1.1097399548508753,1535105700000
1,1535472000000,1535475600000,111.091,110.99300758560757,111.28698482878484,110.99000758560757,stop,0.09799241439242223,3.2746939942645987,-1.030614614596455,-1.0982998537154627,1535471100000
1,1536176700000,1536201780000,111.553,111.42669265627768,111.80561468744463,111.42369265627768,stop,0.126307343722317,2.9323720572328162,-1.0237515880833938,-1.0762634991452056,1536174900000
-1,1536238800000,1536254100000,111.303,111.43081693753027,111.04736612493946,111.04736612493946,target,0.12781693753026957,4.537443097586103,2.0,1.9481082857392882,1536235200000
-1,1537216200000,1537234740000,111.937,112.03283215816238,111.74533568367524,111.74533568367524,target,0.09583215816238067,3.383714915192361,2.0,1.930788994767691,1537213500000
1,1537287600000,1537316400000,112.25,112.02745385921018,112.69509228157963,112.365,time,0.2225461407898166,4.012630570040234,0.5167467725652743,0.4869433350558179,1537287300000
-1,1537455000000,1537465500000,112.167,112.28394083303756,111.93311833392488,112.28694083303756,stop,0.11694083303756031,3.9764526426161853,-1.025653998881952,-1.08237191193008,1537454700000
1,1537890900000,1537919700000,112.824,112.73840686947776,112.99518626104448,112.96,time,0.08559313052224127,3.30076445393993,1.588912558405096,1.511422227586123,1537888500000
-1,1537980900000,1537984920000,112.988,113.05476409689443,112.85447180621114,113.05776409689443,stop,0.06676409689443119,2.4154036361337834,-1.0449343305690748,-1.1442787433376271,1537980300000
1,1538135100000,1538140800000,113.49,113.33347388503991,113.80305222992017,113.33047388503991,stop,0.15652611496008717,4.439053086229256,-1.0191661308450994,-1.0615401462079115,1538133300000
1,1538151000000,1538178900000,113.457,113.30210382391135,113.76679235217728,113.687,time,0.15489617608864137,3.975594854149382,1.484865577755667,1.4420456698180792,1538149500000
1,1539878700000,1539885900000,112.56099999999999,112.4345997344331,112.81380053113377,112.4315997344331,stop,0.1264002655668861,3.7173645140332408,-1.023734127349698,-1.076207434824596,1539877500000
1,1540989300000,1541011920000,113.154,113.02745732293744,113.40708535412512,113.02445732293744,stop,0.1265426770625595,3.571950669716816,-1.0237074168939622,-1.076121670756483,1540986300000
1,1541415600000,1541434980000,113.229,113.16042162657237,113.36615674685525,113.15742162657237,stop,0.06857837342762707,2.6597533426588353,-1.0437455694857813,-1.1404617741505014,1541413800000
-1,1541517900000,1541520120000,113.11,113.21837719038376,112.89324561923247,113.22137719038376,stop,0.10837719038376292,4.559045464929291,-1.0276811014326643,-1.088880694968111,1541514600000
-1,1541779200000,1541786760000,113.884,113.99042313071715,113.6711537385657,113.6711537385657,target,0.10642313071714682,3.1089414781619986,2.0,1.9376767066021734,1541778300000
-1,1542143700000,1542172500000,113.902,114.02891492458352,113.64817015083297,113.893,time,0.1269149245835166,3.2418229745080662,0.07091364573185302,0.018653125373308602,1542141900000
-1,1542204000000,1542210060000,113.858,113.95874059170292,113.65651881659417,113.96174059170292,stop,0.10074059170291605,3.6758701267011897,-1.0297794558210172,-1.095618259106585,1542200400000
-1,1542922800000,1542938460000,112.945,113.00057778604645,112.83384442790708,113.00357778604645,stop,0.05557778604645591,3.522517274855784,-1.0539784006058193,-1.1733181669372086,1542921300000
1,1543241400000,1543249320000,113.22699999999999,113.16309138606447,113.35481722787104,113.35481722787104,target,0.06390861393552427,3.348430646205886,2.0,1.8962168072258383,1543239900000
1,1543327200000,1543332180000,113.63,113.55466963317889,113.78066073364221,113.55166963317889,stop,0.07533036682110605,3.2325540399233144,-1.0398245770809067,-1.1278719380575382,1543326300000
1,1543415400000,1543428060000,113.814,113.7129419310872,114.01611613782558,114.01611613782558,target,0.10105806891279201,4.91033455120315,2.0,1.9343680314560174,1543411800000
1,1544037600000,1544058180000,113.158,113.10362918599249,113.26674162801503,113.10062918599249,stop,0.054370814007512536,2.293339495862918,-1.0551766615005176,-1.1771656388787768,1544037300000
-1,1544706600000,1544715420000,113.414,113.5103545043501,113.2212909912998,113.5133545043501,stop,0.09635450435010284,4.092347688624242,-1.0311350260191225,-1.0999708323442776,1544706000000
-1,1545930000000,1545949500000,110.669,110.90555657938859,110.19588684122282,110.90855657938859,stop,0.23655657938859065,3.607926715570047,-1.0126819554448834,-1.040720237098866,1545929100000
-1,1546513200000,1546528740000,107.642,107.97391435291173,106.97817129417652,107.97691435291173,stop,0.3319143529117383,3.0410813686878075,-1.0090384762625733,-1.0290214626619705,1546512300000
1,1546854000000,1546856220000,108.271,108.08591885635906,108.64116228728189,108.08291885635906,stop,0.18508114364094297,3.6425095750091736,-1.0162091066706402,-1.0520454964266237,1546852500000
1,1546960500000,1546970400000,108.801,108.59637442089155,109.2102511582169,108.59337442089155,stop,0.20462557910845192,4.423782932055498,-1.0146609236883826,-1.0470744666525527,1546957800000
1,1547032500000,1547048160000,108.939,108.78568404994573,109.24563190010852,108.78268404994573,stop,0.1533159500542638,3.5523105718585133,-1.019567435736062,-1.0628286880562055,1547028900000
1,1548065100000,1548093900000,109.61699999999999,109.51035231103263,109.8302953779347,109.61,time,0.10664768896735666,4.027953822424657,-0.06563667781055614,-0.12782874276969608,1548062100000
-1,1548148500000,1548158700000,109.384,109.48456583764532,109.18286832470936,109.48756583764532,stop,0.10056583764531979,3.91941547153783,-1.0298312038187427,-1.0957844157175218,1548147600000
1,1548412200000,1548434640000,109.803,109.70648108071111,109.99603783857776,109.70348108071111,stop,0.0965189192888829,2.7428568650040397,-1.0310819891281735,-1.099800537251867,1548411300000
1,1549990500000,1550019300000,110.47,110.3432919500756,110.7234160998488,110.465,time,0.1267080499244031,4.678940693912147,-0.03946079197792537,-0.09180663743886634,1549989900000
-1,1550781600000,1550810400000,110.762,110.84340349262531,110.59919301474937,110.744,time,0.08140349262531288,3.3868833949354475,0.22112073351510572,0.13964216562946266,1550780100000
-1,1551990900000,1551999840000,111.599,111.66395734839048,111.46908530321905,111.66695734839048,stop,0.06495734839047884,2.1964726441916524,-1.0461841512058987,-1.148291767423992,1551990600000
-1,1552478100000,1552488480000,111.34,111.39503468287957,111.22993063424087,111.39803468287957,stop,0.055034682879565366,2.704828523017,-1.0545110799777866,-1.175028536479071,1552477500000
1,1552502100000,1552503240000,111.37599999999999,111.27416696578537,111.57966606842923,111.27116696578537,stop,0.10183303421462142,3.594486564567402,-1.0294599883342115,-1.0945924873425508,1552500000000
1,1552578600000,1552582860000,111.657,111.54419724087089,111.88260551825822,111.54119724087089,stop,0.11280275912911009,4.024704012475254,-1.0265950941551565,-1.0853936559209063,1552577400000
1,1552585200000,1552614000000,111.634,111.51137300619776,111.87925398760449,111.661,time,0.12262699380224262,3.380954048673781,0.22017990625737122,0.1660919783522292,1552583700000
-1,1552926000000,1552931280000,111.496,111.59128986358913,111.30542027282173,111.59428986358913,stop,0.09528986358913016,4.161377299583373,-1.0314828869200137,-1.1010877719537309,1552923000000
-1,1553110500000,1553115900000,111.391,111.53022146300917,111.11255707398168,111.11255707398168,target,0.13922146300916438,4.321684359332996,2.0,1.9523590698112157,1553108400000
1,1553684100000,1553690700000,110.651,110.5110483930429,110.93090321391419,110.5080483930429,stop,0.13995160695709785,4.7415394051823405,-1.0214359810882325,-1.0688283629565825,1553680800000
1,1554224100000,1554227940000,111.405,111.29486061600912,111.62527876798177,111.29186061600912,stop,0.11013938399088374,3.5083119589858254,-1.0272382129924427,-1.0874586333331717,1554223500000
1,1554300000000,1554304560000,111.515,111.44389170229552,111.65721659540897,111.44089170229552,stop,0.0711082977044839,3.372782579684862,-1.0421891691524903,-1.1354643594483447,1554298200000
-1,1555584900000,1555591860000,111.837,111.94380469297774,111.62339061404454,111.94680469297774,stop,0.10680469297773243,3.8080707523323616,-1.028088653376173,-1.0901892953524843,1555581600000
1,1555931700000,1555960500000,111.926,111.8869071065896,112.0041857868208,111.932,time,0.03909289341039823,3.5770087950547786,0.15348058116374422,-0.01618299247789875,1555930800000
-1,1556308500000,1556315100000,111.566,111.633981095614,111.430037808772,111.636981095614,stop,0.06798109561400167,2.2804064148282177,-1.0441299154258146,-1.141695862842436,1556307900000
-1,1557316200000,1557330600000,110.1,110.18686751967114,109.9262649606577,110.18986751967114,stop,0.08686751967114503,3.029360898393528,-1.034535347749737,-1.1108888573826725,1557315000000
1,1557747000000,1557760080000,109.673,109.58920126241226,109.84059747517549,109.58620126241226,stop,0.08379873758774181,2.9941620091401377,-1.0358000619861243,-1.1149497030300035,1557746100000
-1,1558534500000,1558538820000,110.438,110.49191041734775,110.3301791653045,110.3301791653045,target,0.05391041734775115,2.8219183316724683,2.0,1.8769692329180852,1558531800000
-1,1558710300000,1558739100000,109.581,109.73590419774064,109.27119160451873,109.29899999999999,time,0.15490419774063469,5.333803396799804,1.8204800393607155,1.777662348834953,1558709100000
-1,1559133000000,1559135340000,109.218,109.31445056330749,109.02509887338503,109.318,stop,0.09645056330748503,2.79521210632008,-1.0368005802225713,-1.1055678302266494,1559130300000
-1,1559155500000,1559160540000,109.312,109.4776712950221,108.98065740995578,109.4806712950221,stop,0.16567129502210776,3.5465817131635076,-1.0181081460104466,-1.0581430838620214,1559153700000
1,1559234100000,1559247960000,109.743,109.62675452604415,109.97549094791168,109.62375452604415,stop,0.11624547395584273,3.5817718933292877,-1.0258074563930093,-1.0828646455831836,1559232900000
1,1560792600000,1560814800000,108.633,108.52104706344689,108.85690587310621,108.51804706344689,stop,0.11195293655310934,3.791240839051938,-1.0267969746249304,-1.0860418698836942,1560789900000
1,1560939600000,1560968400000,108.33,108.23358815127142,108.52282369745716,108.366,time,0.09641184872857878,3.9974251944480854,0.37339808825105647,0.3046032244716845,1560939300000
1,1561133700000,1561135560000,107.52199999999999,107.42737044651913,107.7112591069617,107.42437044651913,stop,0.094629553480857,2.6071954575098046,-1.0317025695424737,-1.1017931464925357,1561131000000
-1,1561717800000,1561735320000,107.66,107.77575319097829,107.4284936180434,107.77875319097829,stop,0.11575319097829606,3.0841273904685242,-1.025917212084137,-1.0832170579367115,1561715100000
1,1562690700000,1562695260000,108.844,108.75942476286853,109.01315047426291,108.75642476286853,stop,0.08457523713146031,3.2841727893035886,-1.0354713755674967,-1.1138943303821605,1562689800000
1,1563360900000,1563384060000,108.26899999999999,108.16226917226513,108.48246165546972,108.15926917226513,stop,0.10673082773486442,3.9083691135720033,-1.028108092700757,-1.0902517126910047,1563358500000
1,1563814500000,1563818520000,107.923,107.8278869503487,108.11322609930261,107.8248869503487,stop,0.09511304965130307,3.0553014023166845,-1.0315414132024838,-1.1012756928235887,1563813900000
-1,1564400400000,1564414500000,108.635,108.68481450337154,108.53537099325693,108.68781450337154,stop,0.049814503371536034,2.7453519322419186,-1.0602234248452693,-1.1933701903671732,1564398000000
-1,1564593600000,1564606860000,108.546,108.66522963191606,108.3075407361679,108.66822963191606,stop,0.11922963191605618,3.691740576470818,-1.025161530332596,-1.080790654514324,1564591500000
-1,1566315300000,1566320280000,106.324,106.40889330130828,106.15421339738343,106.41189330130828,stop,0.08489330130828421,2.934132752267254,-1.0353384772858087,-1.1134676099474543,1566315000000
1,1566423300000,1566452100000,106.595,106.40940509785771,106.96618980428457,106.449,time,0.18559490214228447,4.039148090540749,-0.7866595381379138,-0.822396726624455,1566422100000
1,1566903600000,1566932400000,105.747,105.58441149441734,106.07217701116532,105.805,time,0.16258850558266147,3.5433868969727373,0.35672878468348557,0.31593475698619605,1566901800000
1,1567011300000,1567032600000,105.845,105.65319793034547,106.22860413930906,106.22860413930906,target,0.1918020696545284,3.994154259586774,2.0,1.9654193512512839,1567010700000
-1,1567200000000,1567209300000,106.33,106.43891894888384,106.11216210223232,106.268,time,0.10891894888384002,3.7314442019386824,0.5692306126284732,0.5083354234261463,1567197900000
-1,1568378100000,1568388780000,107.966,108.08972363150798,107.71855273698402,108.09272363150798,stop,0.12372363150798549,3.3226604523740226,-1.0242475908881359,-1.0778561046308957,1568376900000
1,1568734800000,1568737080000,108.17699999999999,108.09356659750878,108.34386680498241,108.09056659750878,stop,0.08343340249120956,3.4286725189158025,-1.0359568219732642,-1.1154530405375112,1568733300000
-1,1568831700000,1568840460000,108.168,108.24921265232089,108.00557469535823,108.25221265232089,stop,0.08121265232088604,3.670375664255817,-1.0369400569279104,-1.1186100899886853,1568829600000
-1,1569234000000,1569236700000,107.689,107.77725258296817,107.51249483406363,107.51249483406363,target,0.08825258296818106,3.917839396586834,2.0,1.9248448059317271,1569233700000
-1,1569406800000,1569423480000,107.278,107.43236948463496,106.9692610307301,107.43536948463496,stop,0.15436948463495526,4.581397494246699,-1.0194338926964377,-1.0623998973811364,1569405600000
1,1569493200000,1569497880000,107.699,107.58837401705736,107.92025196588527,107.58537401705736,stop,0.11062598294263637,4.212745678822727,-1.0271184031111003,-1.0870739381813672,1569492000000
-1,1569513000000,1569520500000,107.607,107.71365678238737,107.39368643522525,107.71665678238737,stop,0.10665678238737542,2.91668387912217,-1.0281276064479816,-1.0903143689916928,1569512700000
-1,1569862500000,1569866280000,107.976,108.10814878129233,107.71170243741534,108.11114878129233,stop,0.13214878129232943,3.1852433758481995,-1.0227016849543527,-1.0728923861862298,1569861900000
-1,1571999400000,1572017520000,108.639,108.69576270243432,108.52547459513134,108.52547459513134,target,0.056762702434326684,3.220209000049195,2.0,1.8831514407251164,1571998500000
1,1572259800000,1572263760000,108.74499999999999,108.69766683197591,108.83966633604815,108.69466683197591,stop,0.04733316802408183,3.550427790703864,-1.063380503043316,-1.2035071896117178,1572259500000
1,1572948600000,1572973680000,108.856,108.74550410775055,109.07699178449889,109.07699178449889,target,0.11049589224944611,4.42710987518406,2.0,1.9399738771734,1572945300000
-1,1573723200000,1573725300000,108.68,108.76967698780174,108.50064602439653,108.77267698780174,stop,0.08967698780173805,3.349921420744894,-1.0334533983972862,-1.1074148478458754,1573722900000
-1,1573754400000,1573757040000,108.573,108.70583460610658,108.30733078778682,108.30733078778682,target,0.13283460610658437,4.686175119637533,2.0,1.9500684332614493,1573751700000
-1,1573810200000,1573815960000,108.556,108.61347086956863,108.44105826086273,108.61647086956863,stop,0.057470869568632565,3.9072716435328325,-1.0522003585906676,-1.1676090873915987,1573809300000
1,1574188500000,1574188740000,108.526,108.44861355288955,108.68077289422088,108.68077289422088,target,0.07738644711044174,2.285181034480949,2.0,1.9142919691023643,1574187300000
-1,1574445900000,1574466900000,108.603,108.73957180453762,108.32985639092475,108.642,time,0.13657180453762408,3.8236080137864565,-0.2855640674298727,-0.3341292893836676,1574445600000
1,1575471900000,1575472560000,108.708,108.62226827878149,108.87946344243701,108.61926827878149,stop,0.08573172121850803,3.1383773950893255,-1.0349928819503564,-1.1123579447967573,1575468900000
1,1576487100000,1576492620000,109.401,109.36470647496452,109.47358705007095,109.47358705007095,target,0.03629352503547523,2.8057845066866807,2.0,1.8172500468467336,1576486800000
1,1576580400000,1576587900000,109.61099999999999,109.5450719497365,109.74285610052698,109.5420719497365,stop,0.06592805026349424,3.419415536602011,-1.0455041516927928,-1.146108370587351,1576578600000
-1,1576664700000,1576676100000,109.415,109.4938382933331,109.25732341333382,109.4968382933331,stop,0.07883829333309222,4.2886677503152555,-1.0380525741130024,-1.1221822491679538,1576664100000
-1,1578071100000,1578084000000,108.138,108.2781725014426,107.85765499711482,107.85765499711482,target,0.14017250144259208,2.7099557728158845,2.0,1.9526823026503781,1578069900000
1,1578432000000,1578439800000,108.589,108.50887949755108,108.74924100489784,108.50587949755108,stop,0.08012050244892066,3.7783734930380977,-1.0374435994321516,-1.120226904544704,1578429000000
1,1578653400000,1578670080000,109.595,109.5556458494799,109.6737083010402,109.6737083010402,target,0.039354150520097164,2.9061873060742736,2.0,1.8314627577436116,1578652200000
-1,1579103700000,1579107000000,109.828,109.92524530127918,109.63350939744166,109.92824530127918,stop,0.09724530127917319,4.331058026875111,-1.0308498195855003,-1.0990550687106886,1579102200000
1,1579184100000,1579187760000,109.99,109.95250381391008,110.06499237217982,109.94950381391008,stop,0.037496186089910566,2.506117811334972,-1.080008137169112,-1.2568965274735517,1579183200000
1,1579631400000,1579637940000,109.98299999999999,109.8586611710777,110.23167765784457,109.8556611710777,stop,0.12433882892229065,3.7240251542139995,-1.024127619875486,-1.0774708921057985,1579629600000
1,1581008400000,1581037200000,109.941,109.81475758733619,110.19348482532763,109.979,time,0.12624241266381375,3.8934714903133583,0.3010081889134321,0.24846926906830158,1581007500000
1,1581072300000,1581075240000,109.948,109.85821917901643,110.12756164196712,109.85521917901643,stop,0.0897808209835631,3.2285724796272506,-1.0334147089226255,-1.1072906205854771,1581070500000
1,1581440700000,1581455220000,109.83999999999999,109.74403015155777,110.03193969688444,109.74103015155777,stop,0.09596984844222334,3.23147292897607,-1.0312598180438537,-1.1003715245606462,1581439500000
1,1581586500000,1581588000000,109.85,109.74418210660552,110.06163578678894,109.74118210660552,stop,0.10581789339447312,3.7552127983825025,-1.0283505927378138,-1.0910303512099895,1581585300000
-1,1582713900000,1582724280000,110.345,110.5329068969881,109.9691862060238,110.5359068969881,stop,0.18790689698809615,3.829444503194298,-1.015965353311061,-1.0512628336394185,1582712100000
-1,1582808400000,1582830900000,110.055,110.25317604972926,109.6586479005415,110.25617604972926,stop,0.1981760497292555,3.8287122437937375,-1.0151380553003184,-1.048606479002685,1582805700000
1,1583319900000,1583339820000,107.47699999999999,107.31874153743392,107.79351692513212,107.31574153743392,stop,0.15825846256606724,2.5287114989499084,-1.0189563322640502,-1.0608665081399917,1583319600000
-1,1583759400000,1583771880000,102.349,102.82392741318415,101.39914517363171,101.39914517363171,target,0.47492741318414744,3.41001883770262,2.0,1.9860344132263676,1583757000000
-1,1583873700000,1583874720000,104.316,104.68911207679662,103.56977584640677,104.69211207679662,stop,0.37311207679661607,2.0600181911003053,-1.008040479487442,-1.0258170147766374,1583873100000
1,1584527400000,1584549540000,107.116,106.74585051161029,107.85629897677943,107.85629897677943,target,0.37014948838971407,4.541996634494486,2.0,1.9820811855532898,1584523800000
1,1584998400000,1585006500000,111.416,111.12202476088447,112.00395047823105,111.11902476088447,stop,0.29397523911552526,2.6785315200994653,-1.0102049410998903,-1.0327668412788151,1584998100000
-1,1585246200000,1585275000000,109.711,110.09947137115282,108.93405725769436,109.282,time,0.3884713711528178,3.1149050604964406,1.1043284830151383,1.0872547924100437,1585244700000
-1,1585328100000,1585334340000,108.608,108.91430485148615,107.99539029702771,107.99539029702771,target,0.3063048514861464,3.2918832927314767,2.0,1.9783462783308219,1585326600000
-1,1586267400000,1586296200000,108.994,109.15656543803661,108.66886912392678,108.827,time,0.1625654380366086,2.9209819059525217,1.0272786270990415,0.9864788108520827,1586265300000
-1,1586558100000,1586562900000,108.359,108.45194668543674,108.17310662912651,108.428,time,0.09294668543674334,3.1542791869741786,-0.7423610608143945,-0.8137206791680147,1586557800000
1,1587118800000,1587136440000,107.776,107.62029943258094,108.08740113483812,107.61729943258094,stop,0.15570056741906058,3.312378135194946,-1.019267752518369,-1.0618664412061796,1587118500000
1,1587554700000,1587583500000,107.65899999999999,107.51049359693043,107.95601280613911,107.841,time,0.1485064030695611,4.235291839621049,1.2255363825272403,1.1808740658667713,1587551400000
-1,1588155900000,1588174200000,106.528,106.61345098830849,106.35709802338305,106.61645098830849,stop,0.08545098830848019,3.486389062415879,-1.0351078443840818,-1.1127270753759575,1588152600000
-1,1588372500000,1588375200000,106.786,106.90091492923575,106.5561701415285,106.90391492923575,stop,0.11491492923575208,3.942288815311704,-1.0261062685236093,-1.0838240954770846,1588370400000
-1,1588759800000,1588764960000,106.315,106.41564415588843,106.11371168822313,106.41864415588843,stop,0.1006441558884319,3.806286774880454,-1.029807990076699,-1.0957098791774684,1588758300000
1,1588934400000,1588936020000,106.42699999999999,106.33660930173842,106.60778139652314,106.33360930173842,stop,0.09039069826157231,3.7809329481064338,-1.033189255727605,-1.10656671743065,1588933800000
-1,1590574800000,1590580620000,107.488,107.58450478078613,107.29499043842773,107.58750478078613,stop,0.09650478078613389,3.852823421517833,-1.0310865428174845,-1.0998151586018021,1590573600000
-1,1591798500000,1591802580000,107.309,107.41524681343611,107.09650637312777,107.41824681343611,stop,0.10624681343611542,3.2723411901085897,-1.0282361409531022,-1.0906628602634945,1591797600000
1,1592307300000,1592316420000,107.417,107.27900592150492,107.69298815699017,107.27600592150492,stop,0.13799407849508327,2.7631539758693906,-1.0217400632890707,-1.0698047344136097,1592306100000
1,1592406600000,1592409840000,107.42099999999999,107.33354067938821,107.59591864122356,107.3305406793882,stop,0.08745932061178507,3.55623907646112,-1.0343016613782827,-1.1101385184862975,1592404200000
-1,1592488800000,1592504340000,106.996,107.13860374502754,106.71079250994491,106.71079250994491,target,0.14260374502754303,3.9570986276126154,2.0,1.9534890195294734,1592487900000
-1,1592996700000,1593011760000,106.566,106.65503869566851,106.38792260866299,106.65803869566851,stop,0.0890386956685063,2.930161667434497,-1.0336932159380368,-1.1081848731911204,1592993700000
-1,1594226100000,1594236060000,107.508,107.60553197968186,107.31293604063627,107.31293604063627,target,0.097531979681861,3.852004831657516,2.0,1.9319952284201043,1594223100000
-1,1594293300000,1594296480000,107.213,107.32854838307415,106.98190323385168,107.33154838307415,stop,0.11554838307415594,4.534184214536831,-1.0259631499825903,-1.0833645590160974,1594291500000
1,1595260800000,1595266860000,107.178,107.06310437812303,107.40779124375393,107.06010437812303,stop,0.11489562187696833,3.967908337425124,-1.0261106554887927,-1.0838381814958524,1595259900000
1,1595268600000,1595297400000,107.217,107.03055311070237,107.58989377859525,107.248,time,0.18644688929762765,4.192748611875218,0.16626718802757925,0.1306933040921266,1595267100000
1,1595933100000,1595937180000,105.63,105.46680446863378,105.95639106273242,105.46380446863378,stop,0.16319553136621323,3.8897464259210977,-1.018382856288314,-1.0590251455990196,1595931300000
-1,1596200100000,1596205740000,104.642,104.86977158062932,104.18645683874135,104.87277158062932,stop,0.227771580629323,4.773503757418618,-1.0131710900530753,-1.0422907896296172,1596198600000
-1,1596559500000,1596562980000,106.052,106.20431283394494,105.74737433211014,105.74737433211014,target,0.1523128339449329,3.5316183254272424,2.0,1.9564538336776138,1596556800000
1,1597340700000,1597354140000,106.838,106.73350046392055,107.04699907215888,107.04699907215888,target,0.10449953607944451,2.3224513424134594,2.0,1.936529478992542,1597339800000
1,1597954500000,1597960020000,105.89399999999999,105.76234880183729,106.15730239632539,105.75934880183729,stop,0.1316511981627002,3.6056985213034642,-1.022787487253193,-1.0731678870715302,1597950900000
-1,1598270100000,1598292300000,105.809,105.88925228439864,105.64849543120272,105.89225228439864,stop,0.08025228439863952,2.467566625847574,-1.0373821134498569,-1.1200294804338728,1598269500000
-1,1598959200000,1598961360000,105.605,105.79853594651777,105.21792810696446,105.80153594651777,stop,0.19353594651776973,4.266715794805785,-1.0155009963470774,-1.0497718391509026,1598957100000
-1,1599043800000,1599044940000,106.022,106.1264733739391,105.8130532521218,106.1294733739391,stop,0.10447337393910061,3.007835487060718,-1.0287154505199465,-1.0922018657654835,1599043500000
1,1599820200000,1599837240000,106.217,106.14865579970463,106.35368840059074,106.14565579970463,stop,0.06834420029537114,2.9154590770356856,-1.0438954583861493,-1.1409430494229151,1599819300000
-1,1600252500000,1600263180000,105.307,105.4084679965033,105.1040640069934,105.1040640069934,target,0.10146799650330252,4.111350902131271,2.0,1.9346331825938425,1600251300000
1,1600869000000,1600882440000,105.04299999999999,104.92501821364617,105.27896357270764,105.27896357270764,target,0.11798178635382328,3.9567484840948337,2.0,1.9437825091060332,1600867800000
-1,1602004500000,1602033300000,105.624,105.71562056294995,105.44075887410008,105.62899999999999,time,0.0916205629499558,3.496216832014078,-0.05457290196663068,-0.12696538446668718,1602002700000
-1,1602671700000,1602689640000,105.429,105.52179665477804,105.24340669044392,105.24340669044392,target,0.09279665477804144,5.164968580046784,2.0,1.9285250097014328,1602670500000
1,1603197900000,1603226700000,105.576,105.48279057809499,105.76241884381,105.526,time,0.09320942190500148,4.218724440710834,-0.5364264575201086,-0.6075849291042361,1603195200000
-1,1603465800000,1603470960000,104.726,104.80673571493338,104.56452857013323,104.80973571493338,stop,0.0807357149333825,2.9511742597191972,-1.037158276265659,-1.1193107660958759,1603465200000
-1,1604663100000,1604680800000,103.405,103.58045800809498,103.05408398381005,103.58345800809498,stop,0.1754580080949779,3.9357938423777887,-1.0170981081603079,-1.054899973529768,1604661300000
1,1605199800000,1605212940000,105.23899999999999,105.10045623155882,105.51608753688232,105.09745623155882,stop,0.138543768441167,3.049093945581273,-1.0216538068348708,-1.0695277752899484,1605199500000
-1,1605268500000,1605282000000,105.021,105.15906264252276,104.74487471495449,104.74487471495449,target,0.13806264252275469,4.507958127556608,2.0,1.9519591985289804,1605266100000
-1,1605606900000,1605609600000,104.485,104.57537400351342,104.30425199297316,104.30425199297316,target,0.09037400351341773,3.806818439921919,2.0,1.9266089833121618,1605605400000
-1,1606471500000,1606482000000,104.037,104.11448998580462,103.88202002839077,104.11748998580462,stop,0.0774899858046183,3.1120653644168863,-1.0387146799531524,-1.1243081915679745,1606471200000
1,1606932000000,1606951860000,104.592,104.41705372942337,104.94189254115325,104.41405372942337,stop,0.17494627057662626,3.5369328844099353,-1.0171481220497702,-1.0550605621271647,1606930200000
1,1607448000000,1607476800000,104.169,104.02114808473162,104.46470383053675,104.158,time,0.14785191526837593,3.8383999897916254,-0.07439876568408899,-0.11925878652291715,1607445000000
-1,1607701800000,1607730600000,104.04,104.16276815886897,103.79446368226208,104.024,time,0.12276815886896486,4.4350113082306875,0.13032695242324807,0.07630121756573287,1607699700000
1,1608027000000,1608033240000,104.124,104.03172732306783,104.30854535386433,104.02872732306783,stop,0.09227267693216845,4.060087715311325,-1.0325123330084536,-1.1043931998101806,1608024600000
1,1608804300000,1608829260000,103.601,103.54822576538473,103.70654846923054,103.70654846923054,target,0.05277423461527064,2.9744789195925656,2.0,1.8743204889970912,1608802200000
-1,1609320300000,1609337460000,103.293,103.39324607077597,103.09250785844807,103.09250785844807,target,0.1002460707759667,4.463175063220163,2.0,1.9338364092611386,1609317000000
-1,1609869600000,1609898400000,102.786,102.95655343493604,102.44489313012792,102.693,time,0.17055343493603914,3.7455994723066057,0.5452836528028904,0.5063947262767998,1609866900000
1,1609967400000,1609968720000,103.211,103.12884500583532,103.37530998832936,103.12584500583532,stop,0.0821549941646822,2.603966596336389,-1.0365163436563154,-1.1172495975191865,1609966800000
1,1610118600000,1610119860000,103.88,103.78587172478215,104.06825655043568,103.78287172478215,stop,0.09412827521784095,3.0089512163347063,-1.031871400947879,-1.1023352438755232,1610117100000
-1,1611158100000,1611162660000,103.777,103.8510513839845,103.62889723203101,103.62889723203101,target,0.07405138398449651,3.6098255881641426,2.0,1.9104319238464387,1611155700000
1,1611782400000,1611799980000,104.11099999999999,104.03083108106345,104.27133783787306,104.27133783787306,target,0.08016891893653622,2.529850732750327,2.0,1.9172666902836677,1611782100000
1,1612373400000,1612402200000,105.07799999999999,104.96828671487282,105.29742657025433,104.997,time,0.10971328512717093,4.043559006313898,-0.7382879831380501,-0.798742284477327,1612370700000
-1,1612949100000,1612957200000,104.538,104.60879904253164,104.3964019149367,104.61179904253164,stop,0.0707990425316467,3.9353734715194246,-1.0423734543960694,-1.1360560772512478,1612945800000
-1,1614763800000,1614767700000,106.834,106.90400965350332,106.69398069299336,106.90700965350332,stop,0.07000965350331967,3.4836678754635435,-1.0428512333639512,-1.13759016818364,1614760200000
1,1614785700000,1614814500000,106.937,106.7965413822946,107.21791723541078,106.997,time,0.14045861770539148,4.06112006789819,0.4271720808605052,0.37995077035386327,1614785400000
1,1615838400000,1615867200000,109.16,109.02244253826952,109.43511492346096,109.23,time,0.13755746173048067,3.8667306116554947,0.5088782470932759,0.460661015424699,1615836600000
1,1616004000000,1616014860000,109.231,109.12427982096223,109.44444035807552,109.12127982096223,stop,0.1067201790377652,3.923277753262771,-1.0281108973677648,-1.0902607181402066,1616002200000
-1,1616165100000,1616169660000,108.757,108.934653070976,108.40169385804802,108.937653070976,stop,0.17765307097599248,4.863115776921628,-1.0168868457129319,-1.0542216351627371,1616164200000
-1,1616526000000,1616529960000,108.606,108.72076354907134,108.37647290185731,108.72376354907134,stop,0.11476354907134123,3.0493437682368136,-1.0261407042939672,-1.083934664603411,1616525100000
1,1617297600000,1617299580000,110.731,110.58037583185605,111.03224833628789,110.57737583185605,stop,0.15062416814394908,3.257324635593091,-1.0199171224443415,-1.0639514901140854,1617294600000
-1,1617815400000,1617844200000,109.765,109.9478604653637,109.3992790692726,109.854,time,0.18286046536370293,3.7622007705060594,-0.4867099065015547,-0.5229814974482796,1617813900000
-1,1618504200000,1618533000000,108.718,108.88634745655055,108.3813050868989,108.73899999999999,time,0.16834745655054917,3.872320622248345,-0.1247420093554011,-0.16414052559023615,1618501500000
1,1619623200000,1619629740000,108.948,108.83127411906955,109.18145176186088,108.82827411906955,stop,0.11672588093044567,3.132839806465113,-1.0257012410280095,-1.0825236007920127,1619622900000
1,1620226500000,1620227760000,109.345,109.25122159791849,109.53255680416302,109.24822159791849,stop,0.09377840208151156,3.3752638865882165,-1.0319903083589816,-1.102717041303684,1620224100000
1,1620901500000,1620930300000,109.628,109.47804903219098,109.92790193561804,109.62,time,0.14995096780901918,3.7952971286421096,-0.05335077270181104,-0.09758283133345304,1620900900000
-1,1621522500000,1621551300000,108.906,109.03518687600508,108.64762624798985,108.80199999999999,time,0.12918687600507894,4.053715168053067,0.8050353349818962,0.7536938968644574,1621519200000
-1,1622543700000,1622545320000,109.442,109.54711802031046,109.23176395937905,109.55011802031046,stop,0.10511802031047068,3.3713064651227937,-1.0285393502573534,-1.0916364289543286,1622542500000
1,1623147600000,1623158220000,109.48599999999999,109.3862241163381,109.68555176732377,109.3832241163381,stop,0.09977588366189138,3.5943827557146384,-1.0300673859242997,-1.0965427681166127,1623147300000
1,1623666300000,1623670320000,109.719,109.6301737950709,109.89665240985818,109.6271737950709,stop,0.08882620492909155,3.1429498977487813,-1.0337738171116841,-1.1084436738875614,1623665700000
-1,1624875000000,1624880340000,110.637,110.73628261272475,110.4384347745505,110.73928261272475,stop,0.0992826127247497,4.349516308573793,-1.0302167712720987,-1.0970224265421535,1624871700000
1,1625157900000,1625186700000,111.472,111.34495911889171,111.72608176221657,111.526,time,0.12704088110828593,3.143890594744205,0.42506002421357597,0.3728513183061718,1625156100000
-1,1625666700000,1625671560000,110.72,110.82385913088788,110.51228173822423,110.51228173822423,target,0.10385913088788357,3.632542019262673,2.0,1.9361381137768237,1625664600000
1,1626431100000,1626449460000,110.04899999999999,109.92907476057925,110.28885047884147,110.28885047884147,target,0.11992523942073774,4.0996726138019515,2.0,1.9446935438108197,1626430500000
-1,1627304100000,1627312380000,110.289,110.34431626539649,110.17836746920703,110.34731626539649,stop,0.05531626539648471,1.668028905497893,-1.0542335961854497,-1.1741375693199319,1627303500000
-1,1627641600000,1627654020000,109.508,109.63700489994815,109.24999020010368,109.64000489994815,stop,0.129004899948157,4.29315125875378,-1.0232549306360124,-1.0746687916805575,1627640100000
-1,1627991700000,1628009040000,109.136,109.25504614268829,108.89790771462341,108.89790771462341,target,0.1190461426882905,3.908094756884594,2.0,1.9442851330566262,1627988400000
-1,1628261700000,1628263860000,109.789,109.85414154780395,109.65871690439211,109.85714154780395,stop,0.06514154780394676,3.041797511288929,-1.0460535572324603,-1.1478724458465583,1628261100000
1,1628782500000,1628790780000,110.473,110.39343998254813,110.63212003490374,110.39043998254813,stop,0.07956001745186825,3.1077919954621183,-1.0377073823772731,-1.1210738799275353,1628781300000
-1,1629129900000,1629158700000,109.269,109.44781325012501,108.91137349975,109.264,time,0.17881325012500326,4.689260978499795,0.027962133659078986,-0.009130419579360052,1629128700000
1,1630362000000,1630363920000,109.91499999999999,109.8781048216182,109.98879035676359,109.8751048216182,stop,0.03689517838179768,4.121544837460264,-1.0813114377427748,-1.2610812692195141,1630360800000
-1,1631010000000,1631012640000,109.885,109.97165652455993,109.71168695088015,109.97465652455993,stop,0.08665652455992756,3.262026102319466,-1.0346194359309373,-1.1111588544419253,1631009700000
1,1631832300000,1631847660000,109.72699999999999,109.68771919051768,109.8055616189646,109.68471919051768,stop,0.03928080948230672,3.0668737251569764,-1.0763731715190699,-1.2452250889671443,1631830500000
1,1631894700000,1631897760000,110.05799999999999,109.94343853800889,110.2871229239822,109.94043853800889,stop,0.11456146199110151,4.472502906097967,-1.0261868166472345,-1.0840827258362704,1631893500000
-1,1632306000000,1632326160000,109.499,109.61324857266916,109.27050285466166,109.61624857266916,stop,0.11424857266916888,3.5168852386618505,-1.0262585337384236,-1.0843130008100275,1632305700000
-1,1633086900000,1633115700000,111.15,111.30689310133617,110.83621379732767,110.97999999999999,time,0.1568931013361663,3.2064143077539162,1.08354031217578,1.0412654132572572,1633086000000
1,1636622700000,1636644720000,113.984,113.87432588975749,114.20334822048501,113.87132588975749,stop,0.1096741102425085,4.101330921173982,-1.027353766475667,-1.0878296617013867,1636622100000
1,1637164500000,1637168220000,114.72,114.54836509076364,115.06326981847272,114.54536509076364,stop,0.17163490923636004,3.703091052784877,-1.0174789616713042,-1.0561228484511558,1637163900000
1,1638354900000,1638371820000,113.473,113.2800019890486,113.8589960219028,113.2770019890486,stop,0.19299801095139912,3.217700209540204,-1.015544201648563,-1.0499105661893366,1638353700000
1,1639656000000,1639670460000,114.154,114.0520973072727,114.35780538545458,114.0490973072727,stop,0.10190269272729324,3.5106262460605873,-1.0294398501129756,-1.0945278259307483,1639653300000
1,1640027100000,1640055900000,113.496,113.32294372746787,113.84211254506424,113.595,time,0.17305627253212208,4.266386717401995,0.5720682558999861,0.5337417630028918,1640025000000
1,1640100900000,1640107200000,113.76299999999999,113.66363210035063,113.96173579929872,113.96173579929872,target,0.09936789964936565,4.196457382634827,2.0,1.933251683658362,1640099700000
1,1640191800000,1640213280000,114.255,114.12027788659944,114.52444422680111,114.11727788659944,stop,0.1347221134005565,3.619505880198507,-1.0222680592241045,-1.0715000660014908,1640189700000
1,1640268900000,1640297700000,114.351,114.24685586911995,114.55928826176009,114.437,time,0.10414413088004437,4.857172285954009,0.8257786518863489,0.7620915295881214,1640266200000
1,1640367300000,1640373600000,114.395,114.34167125648027,114.50165748703945,114.33867125648027,stop,0.05332874351972805,4.013471578812205,-1.056254841235671,-1.1806275446267862,1640365200000
1,1641459900000,1641464580000,115.939,115.78385274678924,116.2492945064215,115.78085274678924,stop,0.15514725321075673,4.929608227251996,-1.019336468663901,-1.062087080503545,1641458700000
1,1642430100000,1642458900000,114.542,114.44524569410505,114.7355086117899,114.596,time,0.09675430589494738,3.5128380646638253,0.5581146957803972,0.48956332808001285,1642428900000
-1,1642713900000,1642719240000,114.146,114.20451050118324,114.02897899763353,114.20751050118324,stop,0.05851050118323542,2.330630297000543,-1.0512728474262272,-1.16463096034392,1642713300000
-1,1643037900000,1643042340000,113.72,113.83910827213185,113.48178345573629,113.84210827213185,stop,0.11910827213185371,2.8992303408603646,-1.0251871674931117,-1.08087297236028,1643037300000
1,1643220600000,1643231760000,114.344,114.2150421415433,114.6019157169134,114.2120421415433,stop,0.12895785845670105,3.2582736312402845,-1.023263413613583,-1.074696029503579,1643220000000
1,1643907900000,1643936700000,114.917,114.7278217094961,115.29535658100781,114.961,time,0.18917829050390367,3.0619843852392576,0.2325848271638177,0.19752456743563743,1643907600000
1,1643986500000,1643988660000,114.92,114.77085239713207,115.21829520573586,115.21829520573586,target,0.14914760286792728,4.7384504693364065,2.0,1.955529690907112,1643984100000
1,1644321000000,1644322920000,115.407,115.3075295384697,115.6059409230606,115.3045295384697,stop,0.09947046153030215,2.8662026840391617,-1.0301597072522501,-1.0968392008221022,1644318900000
-1,1644423300000,1644444960000,115.411,115.52484472135222,115.18331055729556,115.52784472135222,stop,0.11384472135222268,4.001963892269248,-1.0263516829271202,-1.0846120916770292,1644419700000
1,1645006800000,1645026540000,115.702,115.60229947511154,115.90140104977692,115.59929947511154,stop,0.09970052488846193,3.691894317074275,-1.030090112397666,-1.096615740095415,1645006500000
-1,1645045800000,1645074600000,115.432,115.5687285161299,115.15854296774022,115.493,time,0.13672851612989234,3.6671027123479716,-0.4461395598124003,-0.4946491186647685,1645045200000
1,1645608600000,1645630800000,115.083,114.99069379199113,115.26761241601773,114.98769379199113,stop,0.09230620800886413,4.0025100794877,-1.0325005226052837,-1.1043552780228507,1645607700000
1,1645642500000,1645648080000,115.124,115.0146191442031,115.3427617115938,115.0116191442031,stop,0.10938085579689982,3.2353008341021234,-1.0274271030167341,-1.088065136534369,1645640100000
1,1645814100000,1645833300000,115.62899999999999,115.46240735804628,115.96218528390742,115.526,time,0.16659264195371293,3.627381442591388,-0.6182746056012038,-0.6580881287089222,1645812000000
1,1646044800000,1646062380000,115.621,115.45333767925207,115.95632464149584,115.45033767925207,stop,0.16766232074792242,4.5780348660911745,-1.017893107924413,-1.0574526223723375,1646043300000
1,1646223300000,1646244120000,115.255,115.08441169102579,115.5961766179484,115.5961766179484,target,0.17058830897420307,3.7178906201181277,2.0,1.9611190236899352,1646221500000
-1,1646408100000,1646413740000,115.329,115.47299035402473,115.04101929195052,115.04101929195052,target,0.14399035402473714,3.608460631116256,2.0,1.9539369144209442,1646406900000
1,1646735400000,1646764200000,115.506,115.35992666193702,115.79814667612595,115.702,time,0.14607333806297618,3.58608433192492,1.3417917506307484,1.2963855177894035,1646731800000
-1,1647382500000,1647402720000,118.297,118.40515549110485,118.08068901779029,118.40815549110485,stop,0.10815549110485279,3.427532751993165,-1.0277378427054777,-1.0890628843861623,1647379800000
1,1647444300000,1647463800000,118.33399999999999,118.18889018529738,118.6242196294052,118.6242196294052,target,0.1451098147026073,4.666188457489326,2.0,1.9542922715903597,1647442800000
1,1648147800000,1648176600000,122.07,121.82598696667303,122.55802606665392,122.358,time,0.244013033326965,4.058068865719538,1.1802648246829734,1.1530833257705255,1648146600000
-1,1650648000000,1650650640000,128.19400000000002,128.61068054773537,127.36063890452931,128.61368054773536,stop,0.41668054773535346,4.304307557032934,-1.00719976014309,-1.0231175658483196,1650645900000
-1,1650973800000,1650987480000,127.835,128.06701984734244,127.37096030531511,127.37096030531511,target,0.23201984734244263,2.8930706213624,2.0,1.9714134800278065,1650972600000
1,1651069500000,1651084140000,128.015,127.78864744596586,128.46770510806823,128.46770510806823,target,0.22635255403412202,3.563174005570837,2.0,1.9706977461407387,1651068000000
1,1651095600000,1651116840000,128.33999999999997,128.19519843271058,128.62960313457876,128.62960313457876,target,0.14480156728939164,3.015714631526957,2.0,1.9541949709235922,1651094100000
1,1651155300000,1651184100000,130.63,130.16571451382606,131.55857097234787,130.912,time,0.46428548617393517,3.494681941593234,0.607384913803584,0.5930992206309241,1651152600000
-1,1651251000000,1651254960000,130.10500000000002,130.3973641550588,129.52027168988246,129.52027168988246,target,0.29236415505877744,2.572687133764877,2.0,1.9773137715919158,1651250700000
1,1651581600000,1651589040000,130.183,130.03996973508782,130.46906052982433,130.03696973508784,stop,0.14303026491216997,2.8433942825987866,-1.0209745818608957,-1.0673468654057305,1651579200000
1,1651597500000,1651626300000,129.95299999999997,129.69199110779653,130.47501778440687,130.13000000000002,time,0.26100889220344925,3.723967848638898,0.6781378155579569,0.6527262675298153,1651595400000
-1,1652197200000,1652205840000,130.056,130.29846434269732,129.5710713146054,130.3014643426973,stop,0.24246434269730344,3.2483013244288443,-1.01237295334486,-1.039728068436073,1652196600000
1,1652823600000,1652846580000,129.42499999999998,129.1747059623833,129.92558807523332,129.17170596238333,stop,0.25029403761666913,3.976684806465797,-1.0119859027748015,-1.0384852955016792,1652822100000
-1,1653345300000,1653350640000,127.885,127.95244057903884,127.75011884192234,127.75011884192234,target,0.0674405790388306,1.9601520057421713,2.0,1.9016520899652851,1653345000000
-1,1653488400000,1653494880000,127.031,127.19373905095682,126.70552189808637,127.19673905095682,stop,0.16273905095681584,3.4340008672473448,-1.0184344199032855,-1.0591907101790596,1653488100000
-1,1653660300000,1653674700000,127.012,127.15393554860016,126.72812890279968,127.15693554860016,stop,0.14193554860015922,2.8757805889250028,-1.0211363539972025,-1.067866296322536,1653660000000
1,1653951000000,1653954540000,127.544,127.51186493247477,127.60827013505046,127.60827013505046,target,0.032135067525231875,2.8311150491629173,2.0,1.793601180554789,1653950700000
-1,1654792800000,1654796280000,133.614,134.1189675540816,132.60406489183683,134.12196755408158,stop,0.5049675540815883,3.6152897717940364,-1.0059409757631699,-1.0190757602585085,1654792200000
1,1654871700000,1654875060000,133.884,133.70272719599342,134.24654560801312,134.24654560801312,target,0.18127280400656787,2.8898209447721994,2.0,1.9634107276248691,1654870500000
-1,1655312400000,1655327040000,134.561,134.84797706931795,133.98704586136412,134.85097706931793,stop,0.28697706931794187,3.196779028364584,-1.0104537969082896,-1.0335658874169975,1655311500000
1,1657026000000,1657046520000,135.837,135.5435924845986,136.42381503080276,135.54059248459862,stop,0.293407515401384,3.1188629822235145,-1.0102246869712315,-1.0328302429022937,1657025100000
1,1657142400000,1657171200000,135.94599999999997,135.54491050399432,136.74817899201128,135.681,time,0.40108949600565325,3.975317456686467,-0.6607004238181865,-0.677236982531523,1657142100000
1,1657208100000,1657236900000,135.85099999999997,135.55669494648404,136.43961010703183,135.984,time,0.2943050535159273,4.028787097493732,0.45191204979713495,0.4293754337222056,1657206900000
1,1657836900000,1657865700000,138.96099999999998,138.71589674834192,139.45120650331612,138.88400000000001,time,0.24510325165806535,3.45057817821442,-0.31415331897509735,-0.34121391468377016,1657835100000
-1,1658341500000,1658344800000,138.02300000000002,138.23951224995037,137.58997550009934,138.24251224995035,stop,0.21651224995034113,3.927838031656171,-1.0138560289345013,-1.0444900461853555,1658339100000
-1,1658830200000,1658841360000,136.627,136.74663242437032,136.3877351512594,136.7496324243703,stop,0.11963242437030885,2.582501403293954,-1.0250768135459642,-1.080518639078726,1658827800000
-1,1659102300000,1659106980000,133.155,133.57727231829045,132.3104553634191,133.58027231829044,stop,0.4222723182904531,4.110779147908562,-1.0071044202284707,-1.0228114408232658,1659099600000
-1,1660060200000,1660082400000,134.88400000000001,135.2008335581376,134.25033288372487,135.20383355813757,stop,0.3168335581375743,4.636436125342089,-1.0094686939654394,-1.0304028400798482,1660058100000
1,1660308000000,1660336800000,133.42399999999998,133.15862618190855,133.95474763618284,133.472,time,0.2653738180914331,4.163498460166528,0.1808769242770291,0.15588335088044494,1660305600000
1,1660769100000,1660770060000,135.48799999999997,135.30636252560416,135.8512749487916,135.30336252560417,stop,0.18163747439581357,3.9167326629017674,-1.0165164155137307,-1.0530322282448996,1660766400000
1,1661168700000,1661192820000,136.95199999999997,136.690201780933,137.47559643813392,137.47559643813392,target,0.261798219066975,2.975581956680242,2.0,1.9746650682971103,1661166900000
1,1661205000000,1661225880000,137.51199999999997,137.3466066541379,137.84278669172411,137.34360665413791,stop,0.16539334586207133,3.764632948413712,-1.018138577367482,-1.0582407952978892,1661202000000
1,1661250900000,1661273160000,137.28599999999997,137.03148516426114,137.79502967147764,137.02848516426116,stop,0.2545148357388314,2.989075110137541,-1.0117871321382002,-1.0378470668400266,1661249700000
-1,1661353500000,1661355660000,136.56900000000002,136.87923242970157,135.9485351405969,136.88223242970156,stop,0.31023242970155707,3.7684188137334718,-1.0096701689209986,-1.0310497519851567,1661352300000
1,1661899200000,1661916000000,138.79999999999998,138.6051756805385,139.18964863892293,138.60217568053852,stop,0.19482431946147472,5.094352640332025,-1.0153984882805103,-1.0494426980502847,1661895900000
1,1662038400000,1662051660000,139.29799999999997,139.05599958777606,139.7820008244478,139.7820008244478,target,0.24200041222391633,4.033063116196025,2.0,1.9725924433803732,1662037200000
1,1662587100000,1662590100000,144.099,143.8340473093372,144.62890538132558,143.8310473093372,stop,0.2649526906627955,3.8107935979315073,-1.0113227761246026,-1.0363560754030816,1662584400000
1,1663620000000,1663628400000,143.32,143.1619148961489,143.6361702077022,143.1589148961489,stop,0.15808510385110708,3.869794003112967,-1.018977120088503,-1.060933255349969,1663618500000
1,1663756800000,1663785600000,143.719,143.33445614499539,144.4880877100092,144.127,time,0.3845438550046083,3.647089748825038,1.0609973210861114,1.0437492493416791,1663755300000
-1,1663929300000,1663931580000,142.11200000000002,142.4740273079324,141.38794538413526,142.4770273079324,stop,0.36202730793237947,3.6104137857622702,-1.008286667702278,-1.0266074955919766,1663928100000
1,1664463600000,1664468220000,144.70799999999997,144.5927974931257,144.93840501374854,144.5897974931257,stop,0.11520250687428302,2.2143652984461686,-1.0260410999845664,-1.083614847118715,1664461800000
-1,1664577900000,1664582100000,144.711,144.8190318683362,144.49493626332765,144.80599999999998,time,0.10803186833618383,2.6794493105344452,-0.8793701475599812,-0.9407653645653922,1664577000000
1,1665072000000,1665097080000,144.74499999999998,144.56436201044536,145.1062759791092,145.1062759791092,target,0.18063798955461152,3.8947476579422426,2.0,1.9632821422760864,1665071100000
1,1665398700000,1665424020000,145.40099999999998,145.22869664302337,145.7456067139532,145.7456067139532,target,0.17230335697661303,4.0039289771258755,2.0,1.9615060314762163,1665396900000
1,1665518700000,1665543720000,145.60299999999998,145.41960156431023,145.9697968713795,145.9697968713795,target,0.18339843568975311,3.3972514674272727,2.0,1.9638348060328052,1665518400000
1,1665659700000,1665664500000,146.85699999999997,146.74747752130648,147.07604495738696,146.7444775213065,stop,0.10952247869349208,3.1092446036608257,-1.0273916371851084,-1.0879512600052055,1665657000000
1,1665667200000,1665671580000,146.826,146.72787226441844,147.0222554711631,146.72487226441845,stop,0.09812773558155641,3.1373411537854228,-1.0305723960937887,-1.0981642951699417,1665665100000
1,1666006200000,1666024920000,148.75199999999998,148.57750179712966,149.10099640574063,148.57450179712967,stop,0.1744982028703248,3.879287081977804,-1.0171921541347637,-1.0552019438684088,1666003500000
-1,1666802100000,1666809120000,147.05300000000003,147.37084670980076,146.41730658039856,146.41730658039856,target,0.31784670980073315,2.9303513751068113,2.0,1.9791325824824233,1666800000000
1,1667211300000,1667216100000,147.91799999999998,147.73089907695422,148.2922018460915,148.2922018460915,target,0.18710092304576165,3.06676418702667,2.0,1.9645504688484203,1667209500000
-1,1667406600000,1667422980000,146.95800000000003,147.4075900638399,146.05881987232027,146.05881987232027,target,0.449590063839878,5.233838446602463,2.0,1.9852473607994099,1667403000000
1,1667490000000,1667493720000,148.385,148.0542521554159,149.04649568916818,148.0512521554159,stop,0.3307478445840957,3.7809067297023597,-1.0090703538937897,-1.0291238179105857,1667488500000
1,1670420700000,1670424420000,137.65399999999997,137.32217316856946,138.31765366286098,137.31917316856948,stop,0.3318268314305044,3.759297252269883,-1.0090408602193286,-1.0290291172611319,1670418900000
1,1670840100000,1670846400000,136.85899999999998,136.6459652377775,137.28506952444496,136.6429652377775,stop,0.21303476222249174,2.651413399961967,-1.0140822087845585,-1.0452162825423095,1670839200000
1,1672224300000,1672231380000,134.10299999999998,133.79546836343846,134.71806327312302,133.79246836343847,stop,0.3075316365615208,4.083198041333863,-1.0097550939263635,-1.0313224359863833,1672222500000
1,1672241700000,1672270500000,133.79399999999998,133.39268699158364,134.59662601683266,134.45000000000002,time,0.4013130084163379,4.8275303995414225,1.6346342785865395,1.6181069299561681,1672239600000
-1,1673255400000,1673256600000,131.62400000000002,131.95472322411987,130.96255355176032,131.95772322411986,stop,0.33072322411985056,3.7912957362455435,-1.0090710291300824,-1.029125986013293,1673254800000
1,1675160400000,1675179060000,130.29299999999998,130.03335055301696,130.81229889396602,130.03035055301697,stop,0.25964944698301906,3.3943557953815793,-1.0115540396286,-1.0370986347627995,1675159200000
-1,1675328700000,1675334340000,128.61700000000002,128.800177752319,128.25064449536205,128.803177752319,stop,0.1831777523189828,2.9651197208928206,-1.016377534727917,-1.052586298707344,1675327500000
-1,1676042400000,1676048160000,130.746,131.08641623787412,130.0651675242518,131.0894162378741,stop,0.34041623787410913,3.268130413184011,-1.008812740598747,-1.0282966525337967,1676039400000
-1,1676064600000,1676073300000,131.48000000000002,131.6099405732121,131.22011885357585,131.38199999999998,time,0.12994057321208174,2.6300707961121126,0.7541909164898902,0.7031472752618761,1676063700000
1,1676628300000,1676648820000,134.91299999999998,134.62944843844292,135.4801031231141,134.62644843844294,stop,0.2835515615570614,4.327999654546729,-1.0105800863289627,-1.03397138759205,1676627100000
1,1677495600000,1677512580000,136.28199999999998,135.99170593001242,136.86258813997512,135.98870593001243,stop,0.2902940699875671,3.5000195371218923,-1.0103343482011686,-1.0331823519522754,1677492900000
1,1677602400000,1677603660000,136.91799999999998,136.6133828411236,137.52723431775271,136.61038284112362,stop,0.3046171588763684,4.603443329184788,-1.0098484274853456,-1.0316221188442487,1677600900000
-1,1677869700000,1677887700000,136.09900000000002,136.43412185767622,135.42875628464762,135.837,time,0.3351218576761994,3.6738334401864776,0.7818051672809055,0.7620134412323808,1677867300000
1,1678809900000,1678838700000,134.29,133.82263976890493,135.2247204621901,134.20600000000002,time,0.4673602310950571,2.295456416546785,-0.17973287928918769,-0.1939245874378662,1678808700000
-1,1678907100000,1678915680000,132.788,133.33743478342404,131.68913043315194,133.34043478342403,stop,0.549434783424033,2.6887233009674807,-1.0054601566746286,-1.0175319078634883,1678906800000
-1,1678965600000,1678983780000,132.77300000000002,133.24618419264445,131.82663161471118,131.82663161471118,target,0.4731841926444247,3.116294713353,2.0,1.9859829637103197,1678965300000
1,1679048400000,1679050020000,133.124,132.77796372223105,133.8160725555379,132.77496372223106,stop,0.3460362777689454,3.829411696018716,-1.0086696112307307,-1.0278370813086188,1679048100000
-1,1680183300000,1680192720000,132.65300000000002,132.90386627955075,132.15126744089855,132.90686627955074,stop,0.2508662795507348,3.1891350660945856,-1.0119585621684926,-1.0383975080956938,1680182100000
-1,1680194100000,1680222900000,132.673,132.98213979881098,132.05472040237805,132.66299999999998,time,0.30913979881097475,3.0487764557672405,0.03234782463623806,0.010892677076749726,1680192900000
1,1680294600000,1680299400000,132.896,132.70662357357926,133.27475285284143,132.70362357357928,stop,0.18937642642072205,2.969946078344926,-1.0158414648363945,-1.0508650426140467,1680291000000
1,1681296900000,1681313460000,133.825,133.54919361733627,134.37661276532742,133.5461936173363,stop,0.27580638266371693,4.750055217442682,-1.0108771957016083,-1.034925370134493,1681294500000
-1,1681468800000,1681481160000,132.33800000000002,132.6033690319277,131.80726193614464,132.6063690319277,stop,0.26536903192769046,4.166552074779875,-1.0113050116593987,-1.0362990358370479,1681467300000
1,1681812600000,1681815120000,134.415,134.23988396679124,134.7652320664175,134.23688396679125,stop,0.17511603320875224,2.8632289464650396,-1.0171314981559094,-1.0550071847990243,1681812000000
-1,1682091300000,1682095560000,133.637,133.93060741589474,133.04978516821052,133.93360741589473,stop,0.2936074158947406,4.443604286034572,-1.0102177255667868,-1.0328078906679907,1682091000000
1,1682373900000,1682381040000,134.31099999999998,134.2250473267905,134.48290534641893,134.22204732679052,stop,0.08595267320947642,2.911012059606831,-1.0349029284135767,-1.1120691147849475,1682373600000
-1,1682437500000,1682457120000,133.983,134.26280572952774,133.42338854094453,133.42338854094453,target,0.2798057295277374,4.819475798702664,2.0,1.9762955533069508,1682434800000
-1,1682503200000,1682514660000,133.663,133.80005187904916,133.3888962419017,133.3888962419017,target,0.13705187904915306,2.7128891589706816,2.0,1.9516048955620575,1682502300000
1,1683034500000,1683036660000,137.50799999999998,137.32916674670273,137.8656665065945,137.32616674670274,stop,0.17883325329725608,3.065754977250727,-1.0167754035934207,-1.053863807890217,1683033300000
1,1683642900000,1683649020000,134.939,134.75898549063695,135.2990290187261,135.2990290187261,target,0.18001450936304764,3.5898728335952335,2.0,1.9631549699884272,1683641700000
1,1683895500000,1683896520000,134.79299999999998,134.68376394590248,135.01147210819497,134.6807639459025,stop,0.1092360540974937,2.578721885590043,-1.027463459979142,-1.0881818743781126,1683894600000
-1,1685705700000,1685719860000,138.918,139.11773894532863,138.51852210934277,139.1207389453286,stop,0.1997389453286189,3.4804120598914428,-1.0150196046897624,-1.0482261483064201,1685704500000
1,1686178500000,1686182640000,140.23499999999999,140.05595394231375,140.59309211537246,140.05295394231376,stop,0.17904605768623583,4.425197848637716,-1.0167554652627044,-1.0537997883028865,1686176100000
-1,1686935100000,1686935460000,141.151,141.45893473110294,140.53513053779415,141.46193473110293,stop,0.30793473110293235,2.816116173359305,-1.0097423242556653,-1.0312814341061323,1686933900000
1,1687358400000,1687365060000,141.856,141.6998500780509,142.16829984389818,142.16829984389818,target,0.15614992194909405,3.0320832721675828,2.0,1.9575238980768603,1687357800000
-1,1687429800000,1687433220000,141.787,141.96602233404016,141.4289553319197,141.96902233404015,stop,0.17902233404015533,2.9726403890337703,-1.01675768566012,-1.0538069177325398,1687428900000
1,1687538100000,1687538760000,142.932,142.75046986972137,143.29506026055722,142.74746986972139,stop,0.18153013027861675,2.410716993745717,-1.0165261821570966,-1.05306358776475,1687537800000
-1,1687793400000,1687796880000,143.11300000000003,143.31559485251506,142.70781029496996,143.31859485251505,stop,0.20259485251503406,3.6210937101472376,-1.0148078786935777,-1.0475463215397889,1687792500000
1,1687947000000,1687955520000,144.064,143.85759250685464,144.4768149862907,143.85459250685466,stop,0.206407493145349,3.8170643512047264,-1.014534356065617,-1.0466680732041194,1687944600000
1,1688592000000,1688610540000,144.67,144.49552664492523,145.0189467101495,144.42000000000002,stop,0.1744733550747526,3.900279592354925,-1.4328835477076705,-1.4708987506431461,1688591700000
-1,1689096300000,1689105540000,140.758,140.97029641012992,140.3334071797402,140.3334071797402,target,0.21229641012990896,2.283638599873031,2.0,1.9687576441073997,1689095700000
1,1689251400000,1689266280000,138.55399999999997,138.223701221779,139.2145975564419,138.22070122177902,stop,0.3302987782209641,3.5520664153001613,-1.0090826857312167,-1.029163413960744,1689248700000
-1,1690193100000,1690217220000,141.35700000000003,141.645545306017,140.7799093879661,140.7799093879661,target,0.2885453060169709,4.408431099590976,2.0,1.9770135231393788,1690191000000
1,1691011200000,1691040000000,143.26799999999997,143.05483896586932,143.69432206826127,143.298,time,0.2131610341306498,4.130200047758518,0.14073866793891646,0.10962303732166796,1691008200000
-1,1691158200000,1691163060000,142.70600000000002,142.85312261077163,142.41175477845678,142.85612261077162,stop,0.1471226107716177,2.872023999664864,-1.0203911552700957,-1.0654735526338566,1691156700000
-1,1691404500000,1691409480000,142.137,142.36407146679693,141.68285706640614,142.36707146679692,stop,0.2270714667969287,3.739977082841743,-1.0132116995688798,-1.0424211819118623,1691403300000
-1,1691586600000,1691589900000,143.24800000000002,143.4205650616309,142.90286987673827,143.42356506163088,stop,0.17256506163087693,3.780125562015766,-1.0173847473621458,-1.055820337610347,1691583300000
-1,1692188400000,1692189660000,145.484,145.5881508254326,145.27569834913484,145.59115082543258,stop,0.10415082543258336,2.5091593738160034,-1.0288043804504248,-1.0924874091009589,1692188100000
1,1692292500000,1692321300000,145.93999999999997,145.60956056536958,146.60087886926075,145.811,time,0.33043943463039227,3.9154214600998047,-0.390389240752252,-0.41046142132421926,1692288900000
1,1692657000000,1692678660000,146.20399999999998,146.0635589582017,146.48488208359655,146.0605589582017,stop,0.1404410417982831,4.081352393542834,-1.0213612770282268,-1.0685884971846147,1692656100000
-1,1692723900000,1692752700000,145.91400000000002,146.1456124017011,145.45077519659785,145.87599999999998,time,0.231612401701085,3.042566732493213,0.16406720763200533,0.1354303991049733,1692722700000
-1,1693398000000,1693410660000,146.32500000000002,146.5479214556191,145.87915708876184,145.87915708876184,target,0.22292145561908683,3.7646394731041095,2.0,1.9702467401283552,1693395000000
-1,1693491600000,1693496700000,145.83300000000003,145.9840646037295,145.53087079254107,145.9870646037295,stop,0.1510646037294805,2.9827526850467687,-1.019859053186001,-1.0637650366940727,1693488600000
1,1693930500000,1693959300000,147.37699999999998,147.07328228888048,147.984435422239,147.67800000000003,time,0.3037177111195035,3.125403784741933,0.99105185170321,0.9692136784351707,1693928700000
-1,1694705400000,1694705460000,147.23100000000002,147.43252265347763,146.8279546930448,147.43552265347762,stop,0.20152265347761045,3.0895808610471223,-1.0148866638475422,-1.0477992912149507,1694704500000
1,1695072300000,1695078960000,147.73,147.58849444076586,148.01301111846826,147.58549444076587,stop,0.14150555923413322,5.647663695391954,-1.0212005805017323,-1.0680725199216228,1695069000000
1,1695148500000,1695177300000,147.801,147.6220599884271,148.15888002314574,147.74,time,0.17894001157287676,4.541611319227264,-0.3408963678038838,-0.37796264460636814,1695146400000
-1,1695396300000,1695400140000,148.197,148.30213591298067,147.98672817403866,148.30513591298066,stop,0.10513591298067126,2.542024299638947,-1.0285344932567184,-1.0916208337084286,1695395700000
-1,1695401700000,1695418440000,148.227,148.36614041174766,147.94871917650468,148.36914041174765,stop,0.13914041174766112,2.706795069683373,-1.0215609538760497,-1.0692296355817548,1695401100000
1,1696243200000,1696272000000,149.70499999999998,149.55253118948903,150.0099376210219,149.818,time,0.1524688105109533,3.4118432665148433,0.7411351844442317,0.6976335661278513,1696241700000
1,1696330800000,1696352820000,149.80399999999997,149.64967181502055,150.1126563699588,150.1126563699588,target,0.1543281849794198,3.5656559438230184,2.0,1.9570224972134254,1696328100000
1,1697489400000,1697493240000,149.61299999999997,149.54346260924754,149.75207478150483,149.54046260924756,stop,0.06953739075242993,2.7405077710223864,-1.0431422572449782,-1.138524610943204,1697488200000
1,1698755100000,1698777060000,150.493,150.05107196170937,151.37685607658125,151.37685607658125,target,0.44192803829062655,4.949889593928385,2.0,1.9849915836396013,1698754500000
1,1698855300000,1698858060000,151.26999999999998,151.08012280643425,151.64975438713145,151.07712280643426,stop,0.18987719356573507,3.8931650139781118,-1.0157996858055904,-1.0507308951596186,1698853500000
-1,1698874500000,1698874920000,150.961,151.19153529487423,150.49992941025158,151.1945352948742,stop,0.23053529487421542,3.0594064163593093,-1.013013191761473,-1.0417837971632138,1698872400000
1,1699295100000,1699323900000,149.82799999999997,149.67471616960478,150.13456766079037,150.048,time,0.15328383039519622,3.5781955925803968,1.4352459710383247,1.391975653595841,1699294500000
1,1699465200000,1699466040000,150.945,150.80463371411483,151.22573257177032,150.80163371411484,stop,0.14036628588516464,3.2147754310342975,-1.0213726535618406,-1.0686250258688648,1699461900000
-1,1700842800000,1700870100000,149.49900000000002,149.68165865581372,149.13368268837263,149.415,time,0.18265865581369667,3.9208446195041193,0.4598741823968512,0.4235625169548095,1700840700000
-1,1701354900000,1701358260000,147.603,147.78890611721414,147.23118776557175,147.23118776557175,target,0.18590611721413097,2.6919050379403675,2.0,1.9643226371493716,1701354600000
-1,1701789900000,1701794760000,146.97400000000002,147.21014790691308,146.5017041861739,147.21314790691306,stop,0.23614790691306098,3.3037350623757926,-1.0127039025634488,-1.0407907066630584,1701786600000
-1,1702028700000,1702040100000,144.037,144.41542104993295,143.28015790013413,144.41842104993293,stop,0.378421049932939,2.624088063573571,-1.007927677386122,-1.0254548207656338,1702027800000
-1,1704814800000,1704822300000,143.889,144.20603660303237,143.25492679393528,144.20903660303236,stop,0.3170366030323635,3.5083604081780915,-1.0094626297761575,-1.0303833686957673,1704814200000
1,1704970800000,1704984420000,145.487,145.32520260452478,145.81059479095043,145.3222026045248,stop,0.16179739547521876,2.79086352082285,-1.0185417076163341,-1.059535198151328,1704968100000
-1,1705054200000,1705071120000,144.997,145.2994923771162,144.39201524576765,145.30249237711618,stop,0.30249237711618093,4.037335179805252,-1.0099176052916985,-1.0318442404791122,1705050900000
1,1705397100000,1705398180000,146.23199999999997,146.01518282499686,146.6656343500062,146.01218282499687,stop,0.21681717500311493,3.7271901719737013,-1.0138365422386064,-1.04442747674324,1705394700000
-1,1705586400000,1705590180000,147.816,147.97317916729918,147.50164166540165,147.97617916729916,stop,0.15717916729917647,3.0348347180037707,-1.0190864988759971,-1.06128445751116,1705583700000
-1,1705915500000,1705919580000,147.96400000000003,148.14193078229036,147.60813843541936,148.14493078229034,stop,0.177930782290332,3.00012331559991,-1.0168604890135917,-1.0541370069641363,1705914900000
-1,1706631000000,1706634060000,147.38500000000002,147.59042384509306,146.97415230981395,147.59342384509304,stop,0.20542384509303702,3.787420945272947,-1.0146039521294483,-1.0468915378135544,1706627700000
-1,1706778300000,1706779440000,146.747,146.95869517175444,146.32360965649116,146.96169517175443,stop,0.2116951717544282,3.1619080065264824,-1.0141713198989062,-1.0455024076371473,1706776200000
-1,1707322500000,1707351300000,148.043,148.27036474050007,147.58827051899988,148.10299999999998,time,0.2273647405000645,3.5722546818225447,-0.26389316068978086,-0.2930649662450847,1707321600000
1,1707472500000,1707492720000,149.373,149.21251229125025,149.69397541749947,149.20951229125026,stop,0.1604877087497414,3.576161415513407,-1.0186930203151194,-1.0600210450696053,1707471000000
1,1707735900000,1707746940000,149.159,148.98465925133837,149.50768149732323,148.98165925133839,stop,0.17434074866162064,4.016375106042773,-1.0172076810671993,-1.0552517989852273,1707732900000
1,1707773700000,1707802500000,149.36999999999998,149.23670699975355,149.63658600049283,149.48700000000002,time,0.1332930002464252,4.04776769723223,0.877765522448617,0.828005670185273,1707772500000
1,1707930600000,1707936900000,150.75599999999997,150.4841707988327,151.2996584023345,150.48117079883272,stop,0.2718292011672645,3.9803952835411565,-1.0110363418908035,-1.0354363694504576,1707929100000
1,1709153400000,1709164920000,150.73899999999998,150.63895401346565,150.93909197306863,150.62800000000001,stop,0.10004598653432595,3.284518345913077,-1.1094897840992082,-1.1757856969065081,1709151300000
-1,1709825700000,1709827860000,147.67200000000003,147.93830706633008,147.1393858673399,147.94130706633007,stop,0.2663070663300573,2.861342735567118,-1.0112651911243982,-1.036171176877625,1709825400000
-1,1710180900000,1710209700000,146.936,147.1586225631575,146.490754873685,146.826,time,0.2226225631575005,3.3615770489791,0.4941098442128307,0.4643166376935636,1710180000000
1,1710542400000,1710546900000,149.05399999999997,148.9932993136282,149.17540137274352,149.056,time,0.06070068637177428,2.247602202373844,0.03294855659108277,-0.0763194006009823,1710540900000
1,1710764400000,1710771180000,149.188,149.04927885442527,149.46544229114943,149.04627885442528,stop,0.1387211455747206,2.9382941783726104,-1.0216261189853713,-1.0694388729279731,1710761400000
-1,1711363800000,1711367460000,151.18800000000002,151.3975649339329,150.76887013213425,151.40056493393288,stop,0.20956493393288156,4.5907550254576766,-1.0143153720600353,-1.0459649418402746,1711361700000
-1,1711372800000,1711393440000,151.28300000000002,151.44975967092134,150.94948065815737,151.45275967092132,stop,0.16675967092132282,3.503596649364821,-1.0179899611423513,-1.05776360643294,1711369800000
1,1711459200000,1711488000000,151.338,151.2021804313047,151.6096391373906,151.538,time,0.13581956869529677,3.5558875760676325,1.4725418577105434,1.4237076575749212,1711456200000
1,1712614500000,1712643300000,151.808,151.7158521643153,151.9922956713694,151.86200000000002,time,0.09214783568469898,4.290264676236684,0.5860148488435643,0.5140365983429793,1712611800000
-1,1713547800000,1713549360000,154.47000000000003,154.6211017714723,154.1677964570555,154.62410177147228,stop,0.15110177147226977,3.6838174065244123,-1.0198541682917097,-1.063749351884691,1713544200000
-1,1713551100000,1713560460000,154.50500000000002,154.64068159053764,154.2336368189248,154.64368159053762,stop,0.1356815905376152,2.8981943091018962,-1.0221105898604144,-1.0709944507712372,1713549600000
1,1713866700000,1713890760000,154.802,154.71343396056446,154.97913207887106,154.71043396056447,stop,0.0885660394355341,3.451468368280427,-1.0338730287490112,-1.108762230549977,1713866400000
-1,1714737900000,1714750260000,153.14700000000002,153.34677462844166,152.74745074311673,152.74745074311673,target,0.19977462844164506,2.9488647261191745,2.0,1.9667993876312604,1714734900000
-1,1715020800000,1715047320000,153.911,154.0093374797198,153.71432504056042,154.01233747971978,stop,0.09833747971978823,1.8423953791306393,-1.0305071881904475,-1.0979549204172612,1715020200000
1,1715361300000,1715385300000,155.77899999999997,155.5965377967828,156.1439244064343,155.79000000000002,time,0.18246220321717033,3.3404506562928833,0.06028645826971679,0.023935696944612693,1715360400000
1,1715618700000,1715623440000,155.807,155.68195676600217,156.05708646799562,156.05708646799562,target,0.1250432339978147,3.0926539019272763,2.0,1.9469572260093984,1715617800000
-1,1716206100000,1716217440000,155.673,155.7954948118693,155.4280103762614,155.7984948118693,stop,0.12249481186930211,2.725248918767899,-1.0244908331561569,-1.0786371263646954,1716204600000
-1,1716308700000,1716337500000,156.14000000000001,156.44803277181987,155.5239344563603,156.12099999999998,time,0.3080327718198532,3.8347008819304897,0.061681748626232685,0.04014949424688709,1716308100000
1,1716461100000,1716476640000,156.70999999999998,156.55519662284667,157.0196067543066,156.55219662284668,stop,0.15480337715331416,3.2228028782898934,-1.0193794221751038,-1.0622249990737989,1716460200000
-1,1716897000000,1716899280000,156.86700000000002,156.9643134266272,156.67237314674566,156.9673134266272,stop,0.09731342662718134,2.936942252701293,-1.030828222825605,-1.0989857241065986,1716896700000
1,1717176900000,1717178400000,156.743,156.54885430376416,157.13129139247167,157.13129139247167,target,0.19414569623583589,2.38341438982291,2.0,1.9658367909843177,1717176600000
-1,1718136300000,1718165100000,157.233,157.41259081307044,156.87381837385914,157.141,time,0.17959081307043334,3.911960916602637,0.5122756472177209,0.47534369125292014,1718134200000
1,1719437100000,1719457320000,160.73499999999999,160.58704252049054,161.03091495901887,160.58404252049056,stop,0.1479574795094436,3.7386796104941014,-1.0202760956048487,-1.0651041098559069,1719433800000
1,1719506700000,1719535500000,160.51699999999997,160.27437527439423,161.00224945121144,160.722,time,0.24262472560573656,4.313538874794551,0.8449262517999276,0.8175892193377953,1719504000000
1,1720520700000,1720535940000,160.88099999999997,160.73461188284278,161.17377623431435,161.17377623431435,target,0.14638811715718703,3.3360120505469095,2.0,1.9546914044062873,1720520100000
1,1720702500000,1720711860000,161.55999999999997,161.46581043238442,161.7483791352311,161.46281043238443,stop,0.09418956761555819,2.9530512899441526,-1.0318506611287424,-1.102268650805387,1720701000000
1,1722951300000,1722961320000,144.95,144.32537482979276,146.19925034041444,144.32237482979278,stop,0.6246251702072243,3.0284606814428847,-1.0048028804202538,-1.015421472683834,1722950100000
-1,1723121400000,1723131060000,146.02900000000002,146.5098807336617,145.06723853267667,146.5128807336617,stop,0.48088073366167805,3.464375481743719,-1.006238553117199,-1.020031245433016,1723121100000
1,1723499100000,1723502580000,147.21499999999997,147.06628816688936,147.5124236662212,147.06328816688938,stop,0.14871183311061031,1.928359068161165,-1.0201732433609,-1.0647738636428565,1723497300000
1,1723648200000,1723649460000,146.99999999999997,146.82399508585095,147.352009828298,146.82099508585097,stop,0.17600491414901853,2.931014661992392,-1.0170449786273916,-1.054729380975296,1723647600000
1,1723761300000,1723764660000,149.04699999999997,148.9640760974933,149.21284780501333,149.21284780501333,target,0.08292390250667836,2.113301805156247,2.0,1.920015341783199,1723761000000
-1,1724235600000,1724237040000,145.775,146.05815322975513,145.20869354048975,146.06115322975512,stop,0.28315322975512913,2.7887995897262843,-1.010594970089447,-1.0340191775609138,1724235300000
-1,1725013800000,1725019080000,144.818,145.10281869644675,144.24836260710654,145.10581869644673,stop,0.2848186964467345,4.8948883835742025,-1.0105330163974926,-1.0338202516904904,1725011100000
-1,1725378300000,1725382860000,145.949,146.30155760481264,145.24388479037475,145.24388479037475,target,0.3525576048126311,4.119816380065704,2.0,1.9811870743689532,1725377400000
-1,1726584000000,1726586880000,140.596,140.75229283193372,140.28341433613258,140.7552928319337,stop,0.1562928319337118,2.95291507250451,-1.019194738254268,-1.0616320011660636,1726582500000
1,1726744500000,1726773300000,142.77599999999998,142.02733990520466,144.27332018959063,143.00300000000001,time,0.7486600947953264,5.480636159641023,0.3032083606140261,0.2943490130327806,1726740900000
1,1727210100000,1727212920000,143.683,143.39248453273706,144.26403093452586,143.38948453273707,stop,0.2905154672629351,3.4116209750059223,-1.0103264725566943,-1.0331570642029457,1727208000000
-1,1727373000000,1727401800000,144.67600000000002,145.23494617047393,143.55810765905218,144.968,time,0.5589461704739165,3.7397283233796306,-0.5224116657824021,-0.5342779962993038,1727372700000
1,1727795700000,1727800440000,143.82,143.5498741370422,144.3602517259156,143.5468741370422,stop,0.27012586295779784,3.324272933971736,-1.0111059339788377,-1.0356598212940864,1727794800000
1,1728470700000,1728491760000,148.51999999999998,148.2570032926781,149.04599341464376,149.04599341464376,target,0.2629967073218893,3.7588639230088123,2.0,1.9747805207618736,1728468900000
1,1728511200000,1728520680000,149.367,149.14916536283903,149.80266927432191,149.12800000000001,stop,0.21783463716096207,4.505708079186248,-1.0971625225210366,-1.1276105728698846,1728508500000
1,1728679200000,1728690900000,149.1,148.9545874370611,149.3908251258778,149.13500000000002,time,0.14541256293890115,3.295421843324386,0.24069447159617954,0.19508190645084975,1728677700000
1,1729616700000,1729645500000,150.97699999999998,150.59596709516816,151.7390658096636,151.03900000000002,time,0.3810329048318124,4.743401208011899,0.1627156059590365,0.14530860536698095,1729615500000
-1,1730306700000,1730335500000,153.10700000000003,153.51059633851565,152.29980732296877,153.29999999999998,time,0.4035963385156265,3.8088282845973116,-0.4782005721602517,-0.49463441797856106,1730303100000
-1,1730736600000,1730742420000,151.68900000000002,152.08140752684795,150.90418494630416,152.08440752684794,stop,0.3924075268479328,4.667335994810824,-1.007645113293529,-1.0245475413720053,1730735100000
1,1730818200000,1730821080000,152.29899999999998,152.07795097039275,152.74109805921444,152.07495097039276,stop,0.22104902960722939,5.459308798633513,-1.013571649716429,-1.0435769386416291,1730816100000
1,1730894700000,1730923500000,154.14,153.78405969964194,154.85188060071607,154.56900000000002,time,0.3559403003580428,2.750633992330806,1.2052582963168161,1.1866241602177898,1730894400000
-1,1730979900000,1730995500000,153.912,154.1472309725916,153.44153805481685,153.44153805481685,target,0.2352309725915802,2.857875785316076,2.0,1.971803713061562,1730979000000
-1,1731094500000,1731110100000,152.627,152.82729149392668,152.22641701214667,152.62499999999997,time,0.20029149392667023,2.1556435973262067,0.00998544651511862,-0.02312948947127085,1731094200000
-1,1731923700000,1731924840000,154.52800000000002,154.78619865429212,154.01160269141582,154.7891986542921,stop,0.25819865429210154,2.531693367536462,-1.011618960634055,-1.0373070883207953,1731923100000
-1,1732011300000,1732012800000,154.306,154.66880577094608,153.58038845810788,153.58038845810788,target,0.3628057709460677,4.120090939997701,2.0,1.9817184826396106,1732008600000
-1,1732037400000,1732040700000,153.93400000000003,154.25687242781282,153.28825514437443,154.2598724278128,stop,0.322872427812797,2.327439956214855,-1.0092915955081965,-1.0298341981854549,1732036500000
-1,1732218600000,1732241520000,154.484,154.71086427677042,154.03027144645918,154.03027144645918,target,0.22686427677041365,2.2998571720006553,2.0,1.9707638412956825,1732217400000
1,1732311600000,1732319700000,154.82199999999997,154.65796219173518,155.15007561652956,154.782,time,0.1640378082647942,3.2561344068909914,-0.24384622315481413,-0.2842798284934896,1732310100000
-1,1732722000000,1732727160000,151.359,151.6469139746352,150.78317205072963,151.64991397463518,stop,0.2879139746351882,2.416607248634621,-1.0104197790461098,-1.0334566601436812,1732721400000
1,1732826700000,1732834860000,151.52999999999997,151.45204653715373,151.68590692569245,151.443,stop,0.07795346284623861,2.639392025675093,-1.1160504847817492,-1.20113509498159,1732824000000
1,1733153400000,1733156100000,150.20199999999997,149.9108422674249,150.78431546515012,149.9078422674249,stop,0.2911577325750727,3.5691012164736025,-1.0103036933742173,-1.0330839229815139,1733150700000
-1,1733222100000,1733240700000,149.864,150.20050525446098,149.19098949107806,149.19098949107806,target,0.3365052544609739,3.5402024831850802,2.0,1.980289639130229,1733220900000
-1,1734449700000,1734450180000,153.751,153.98291516914318,153.28716966171365,153.98591516914317,stop,0.23191516914317845,3.3537165084602036,-1.0129357644481365,-1.041535187351367,1734448500000
1,1734543900000,1734555780000,153.91299999999998,153.67422082617637,154.39055834764721,154.39055834764721,target,0.23877917382361602,3.522245926052121,2.0,1.97222270312025,1734542100000
1,1734624300000,1734653100000,156.99399999999997,156.3727952586258,158.2364094827483,157.36800000000002,time,0.6212047413741573,4.704406726127613,0.6020559327553304,0.5913788732317214,1734623100000
1,1734953100000,1734964980000,156.67199999999997,156.45404569327445,157.107908613451,157.107908613451,target,0.21795430672551674,3.1340910794792673,2.0,1.9695686673980115,1734951600000
1,1734974400000,1734980280000,157.266,157.04052875638894,157.7169424872221,157.03752875638895,stop,0.22547124361105375,3.4842026844058394,-1.013305466151422,-1.0427222551564161,1734972300000
1,1735212000000,1735227120000,157.43599999999998,157.3040332236169,157.69993355276614,157.69993355276614,target,0.13196677638308074,3.326801504243893,2.0,1.9497400771483089,1735211700000
-1,1735321500000,1735334580000,157.65900000000002,157.90570368862518,157.1655926227497,157.90870368862517,stop,0.24670368862516057,3.680118549935707,-1.0121603370290262,-1.0390453829598862,1735318800000
-1,1735663500000,1735667640000,156.81400000000002,157.09970802649138,156.2425839470173,157.10270802649137,stop,0.2857080264913634,3.706630053876103,-1.0105002300314325,-1.033714978603435,1735660800000
1,1736282100000,1736310900000,157.81599999999997,157.57421570412336,158.2995685917532,158.01600000000002,time,0.241784295876613,2.4711466100848964,0.8271835822708237,0.7997515276952661,1736281800000
1,1736329800000,1736342880000,158.09699999999998,157.92297337885057,158.4450532422988,158.4450532422988,target,0.1740266211494088,2.887631673449654,2.0,1.9618872103808438,1736328600000
-1,1736766600000,1736792340000,157.36800000000002,157.681452261678,156.74109547664406,157.684452261678,stop,0.31345226167798046,3.316161489765054,-1.0095708353926887,-1.0307308039457754,1736765100000
-1,1736795400000,1736805360000,157.43900000000002,157.80100406318812,156.71499187362383,157.8040040631881,stop,0.3620040631880954,4.522753689968195,-1.0082871997998186,-1.0266092040933277,1736793000000
1,1737113100000,1737141900000,155.79,155.3977400942918,156.57451981141637,156.30900000000003,time,0.3922599057081868,4.236111231241725,1.3231023422162667,1.3061935531621691,1737112500000
-1,1739568000000,1739577300000,152.269,152.4011857885256,152.00462842294883,152.35699999999997,time,0.1321857885255895,3.157966240225346,-0.6657296596065602,-0.7159063092599077,1739565000000
-1,1739783100000,1739785500000,151.65300000000002,151.80225302200716,151.35449395598573,151.80525302200715,stop,0.1492530220071444,2.0578046207451655,-1.0201000955266575,-1.0645389947248425,1739782800000
1,1739887800000,1739892000000,151.873,151.6751963176461,152.26860736470775,151.67219631764613,stop,0.19780368235387868,4.117751087205559,-1.0151665528380749,-1.0486979811768757,1739886300000
-1,1740050400000,1740065580000,150.223,150.44641273473277,149.7761745305345,149.7761745305345,target,0.22341273473276146,2.6556493438731974,2.0,1.9703121668156753,1740050100000
1,1740138900000,1740144540000,150.504,150.2516643452277,151.00867130954455,150.24866434522772,stop,0.25233565477228126,3.0271845663709485,-1.0118889262902353,-1.0381739156469143,1740138300000
-1,1740390300000,1740391560000,149.34900000000002,149.55889880983597,148.92920238032812,149.56189880983595,stop,0.20989880983594844,3.0425365363905055,-1.0142926012888336,-1.0458918276264384,1740387600000
-1,1740392700000,1740396600000,149.32000000000002,149.58476353835616,148.79047292328775,149.58776353835614,stop,0.2647635383561351,3.41034623917613,-1.011330865339738,-1.0363820489021756,1740392100000
1,1740412200000,1740414660000,149.861,149.5976619269424,150.38767614611515,149.59466192694242,stop,0.2633380730575823,3.588654282827253,-1.0113922000155668,-1.0365789871861013,1740411000000
-1,1740582600000,1740586140000,149.42000000000002,149.70063696736113,148.85872606527778,149.70363696736112,stop,0.28063696736111865,3.6747173857108746,-1.0106899672847647,-1.034324202155416,1740582000000
-1,1740587700000,1740588780000,149.34400000000002,149.73175304941586,148.56849390116835,149.73475304941584,stop,0.387753049415835,3.975710907254637,-1.0077368830612823,-1.0248422030838904,1740586500000
-1,1741083000000,1741111800000,149.04100000000003,149.5975053802061,147.9279892395879,148.37599999999998,time,0.5565053802060618,4.120619869371709,1.1949570006920938,1.1830386253521392,1741081500000
-1,1741628100000,1741631700000,146.757,147.1994001758658,145.8721996482684,147.2024001758658,stop,0.4424001758657994,3.301450520470993,-1.0067811907943183,-1.021773589897731,1741625100000
-1,1741884900000,1741896840000,148.09300000000002,148.3721497308974,147.53470053820524,147.53470053820524,target,0.27914973089738737,2.750316572120741,2.0,1.9762398481321193,1741882500000
1,1741971900000,1741972440000,148.86899999999997,148.50657028781075,149.59385942437842,148.50357028781076,stop,0.3624297121892255,3.8434864703749523,-1.0082774670483408,-1.026577953396262,1741968900000
1,1742507700000,1742515620000,148.874,148.7074314116148,149.20713717677037,148.70443141161482,stop,0.1665685883851893,2.991217465966739,-1.0180105986913235,-1.057829871126184,1742507100000
1,1742820600000,1742823060000,149.712,149.50870375306272,150.11859249387453,149.50570375306273,stop,0.20329624693727055,2.78631258899406,-1.0147567898826562,-1.0473822814985767,1742819400000
1,1742827500000,1742837700000,149.78599999999997,149.48880625454223,150.38038749091547,150.38038749091547,target,0.2971937454577471,5.722146914474895,2.0,1.9776824374625241,1742823900000
-1,1743422100000,1743427440000,149.018,149.30805802823718,148.43788394352563,149.31105802823717,stop,0.2900580282371834,2.8838458333729786,-1.0103427580274826,-1.033209354895391,1743420600000
-1,1743789000000,1743789780000,145.11300000000003,145.90636519992205,143.52626960015598,145.90936519992204,stop,0.7933651999220217,3.5473199554966217,-1.0037813607154444,-1.0121414954940458,1743786900000
1,1744021200000,1744031760000,145.493,145.05288538883414,146.3732292223317,146.3732292223317,target,0.4401146111658534,2.429611141726323,2.0,1.9849297436810147,1744020900000
-1,1745254200000,1745283000000,140.751,141.05805315674084,140.13689368651833,140.80399999999997,time,0.3070531567408352,3.0542959257128044,-0.1726085494854655,-0.19420949985640798,1745253900000
1,1745595000000,1745598960000,143.41799999999998,143.20984928145197,143.834301437096,143.834301437096,target,0.20815071854801204,2.910906325701484,2.0,1.9681353970513913,1745591400000
1,1746638100000,1746652020000,143.38199999999998,143.11062188728627,143.9247562254274,143.10762188728629,stop,0.2713781127137054,3.678150812313883,-1.0110546866509857,-1.035495272274032,1746637200000
1,1747069500000,1747098300000,148.195,147.80201537781858,148.98096924436283,148.40300000000002,time,0.39298462218141594,3.279073935186001,0.5292827969843729,0.5124051900103825,1747067400000
-1,1747410900000,1747415640000,145.518,145.70845792203053,145.13708415593894,145.71145792203052,stop,0.19045792203053225,2.553766602156975,-1.0157515107169182,-1.050576210730902,1747408500000
-1,1747672200000,1747674180000,144.876,145.1491258439095,144.329748312181,145.1521258439095,stop,0.27312584390949723,2.992883141738689,-1.010983947754794,-1.0352681381670268,1747671300000
-1,1747677300000,1747706100000,144.859,145.23570579828603,144.10558840342796,144.96499999999997,time,0.37670579828602513,3.881244872237468,-0.2813866961492386,-0.29899364573742615,1747674900000
-1,1747925700000,1747932360000,143.40400000000002,143.79342782907696,142.62514434184615,143.79642782907695,stop,0.3894278290769364,4.620737149748393,-1.0077036096960426,-1.0247353663009093,1747923300000
-1,1748010000000,1748011560000,143.179,143.44526709493184,142.64646581013633,142.64646581013633,target,0.266267094931834,3.6640101364960476,2.0,1.9750902754180049,1748009700000
1,1748530800000,1748531160000,145.08899999999997,144.87093946369103,145.52512107261785,144.86793946369104,stop,0.21806053630893985,2.7052857024764867,-1.0137576475357082,-1.0441741553195978,1748529900000
-1,1748610300000,1748626860000,143.91500000000002,144.23859223772257,143.26781552455492,144.24159223772256,stop,0.32359223772255064,3.7660996840459497,-1.0092709269576428,-1.029767833949852,1748609100000
1,1749163200000,1749168120000,143.76199999999997,143.462054707314,144.36189058537192,143.45000000000002,stop,0.29994529268597603,3.7751320755511495,-1.0401896866126166,-1.0623025190581785,1749162600000
-1,1749726000000,1749742260000,143.87800000000001,144.15494196668539,143.32411606662927,143.32411606662927,target,0.27694196668537074,3.097103539174745,2.0,1.9760504336724987,1749725100000
1,1750452300000,1750460100000,145.90399999999997,145.77211942768656,146.16776114462678,146.16776114462678,target,0.13188057231340622,2.702153842702204,2.0,1.9497072246226081,1750451400000
1,1750677000000,1750698120000,147.47299999999998,147.02985876328086,148.35928247343824,147.02685876328087,stop,0.44314123671912853,4.847716456042522,-1.0067698506737872,-1.0217371781315203,1750673700000
1,1751019600000,1751048400000,144.43599999999998,144.16267050687478,144.98265898625039,144.729,time,0.27332949312520327,3.2814660990271873,1.0719662801475327,1.047700183122424,1751019300000
-1,1751304900000,1751333700000,144.276,144.5263837127617,143.7752325744766,143.91899999999998,time,0.25038371276170324,2.9865492756963876,1.4258115915862069,1.399321689639939,1751302800000
-1,1751402400000,1751406240000,143.62900000000002,143.79168311811443,143.3036337637712,143.79468311811442,stop,0.1626831181144155,2.434239756483361,-1.0184407579271746,-1.0592110608133982,1751400000000
-1,1751407800000,1751409120000,143.596,143.80387423160562,143.18025153678877,143.8068742316056,stop,0.20787423160561502,3.5387476279759547,-1.0144318031956823,-1.046338788245102,1751406300000
1,1751667600000,1751673000000,144.51699999999997,144.43682051043652,144.67735897912686,144.43382051043653,stop,0.08017948956344867,3.678819614804653,-1.0374160526129554,-1.1201384550142748,1751667300000
-1,1752687300000,1752689460000,148.704,148.9434790123238,148.22504197535244,148.22504197535244,target,0.239479012323784,2.8243739150124485,2.0,1.9723038777568012,1752685200000
-1,1752760200000,1752766260000,148.637,148.84759972608373,148.21580054783254,148.85059972608371,stop,0.21059972608372846,3.7608933532410265,-1.0142450327727073,-1.0457390908293784,1752759000000
-1,1753222800000,1753225560000,146.49900000000002,146.61367822979378,146.26964354041252,146.61667822979376,stop,0.11467822979375342,2.4513167340949766,-1.02616015267572,-1.083997111023688,1753222500000
-1,1753304700000,1753330440000,146.45800000000003,146.63603567139987,146.10192865720035,146.10192865720035,target,0.1780356713998401,2.5304716676027,2.0,1.9627454433830613,1753303500000
1,1754408100000,1754411040000,147.73199999999997,147.53346401816347,148.12907196367297,147.53046401816349,stop,0.1985359818364998,2.634507170308973,-1.0151106110450876,-1.0485183587926075,1754407800000
1,1754689800000,1754697300000,147.784,147.62420731855028,148.10358536289942,147.741,time,0.1597926814497157,3.3340976888732015,-0.269098682179067,-0.31060646551323173,1754689500000
-1,1755178500000,1755185460000,146.435,146.6806106584132,145.9437786831736,146.6836106584132,stop,0.24561065841319873,3.715373614265914,-1.0122144536371827,-1.0392191448946837,1755176400000
1,1755253800000,1755255480000,147.183,146.98663119796055,147.57573760407888,146.98363119796056,stop,0.1963688020394443,3.083292600764287,-1.0152773758806315,-1.0490538206677607,1755252900000
-1,1755622200000,1755651000000,147.65900000000002,147.91501411350075,147.14697177299857,147.617,time,0.25601411350072567,4.2568886248852325,0.164053455591662,0.13814613388464525,1755620100000
-1,1756140600000,1756146960000,147.34400000000002,147.55739484653918,146.9172103069217,147.56039484653917,stop,0.21339484653915974,3.9555313573533337,-1.0140584463431987,-1.0451399841945959,1756139400000
1,1756215300000,1756218960000,147.647,147.46554986382333,148.00990027235332,147.46254986382334,stop,0.1814501361766645,3.32927710969044,-1.0165334678892994,-1.0530869813765658,1756213200000
1,1756981500000,1756998960000,148.35099999999997,148.0974734763571,148.85805304728572,148.0944734763571,stop,0.25352652364287565,3.8845568868535274,-1.011833081434161,-1.037994604515442,1756980900000
1,1757082000000,1757084820000,148.20299999999997,148.0774458812943,148.45410823741133,148.0744458812943,stop,0.12555411870567923,3.532637176816942,-1.0238940787519557,-1.0767210195833279,1757079000000
-1,1758558000000,1758562620000,147.763,147.97206866067327,147.34486267865347,147.97506866067326,stop,0.20906866067326746,3.4450543856360185,-1.0143493529366139,-1.046074050357264,1758557700000
-1,1758563400000,1758592200000,147.87800000000001,147.99824441603334,147.63751116793335,147.737,time,0.12024441603333003,1.925631082094828,1.1726116243180589,1.117451973510145,1758563100000
-1,1759161300000,1759190100000,148.58700000000002,148.8279208833003,148.10515823339946,148.62599999999998,time,0.2409208833002765,4.069002395114999,-0.16187886855516143,-0.18940923416374705,1759160700000
1,1759510800000,1759510860000,147.368,147.20718771901687,147.68962456196624,147.2041877190169,stop,0.16081228098312295,2.766767151320996,-1.018655291633484,-1.0598999028003142,1759509900000
-1,1760119200000,1760119800000,152.459,152.72710621116374,151.92278757767252,151.92278757767252,target,0.2681062111637402,3.7728432913971206,2.0,1.9752611475459283,1760116500000
-1,1761343500000,1761350100000,152.83800000000002,152.9021924022408,152.7096151955185,152.89299999999997,time,0.06419240224076361,2.01078678057867,-0.8567992173538529,-0.9601235948264898,1761343200000
1,1761576000000,1761577440000,152.81799999999998,152.58925194719103,153.2754961056179,152.58625194719104,stop,0.22874805280895316,3.9795746561618524,-1.0131148657361095,-1.0421102600948955,1761575400000
-1,1761671700000,1761700500000,152.11900000000003,152.3864530421984,151.58409391560326,152.165,time,0.2674530421983832,4.144603955393453,-0.1719928089875432,-0.1967920782180657,1761669000000
-1,1762268700000,1762285860000,153.43400000000003,153.6361151694443,153.02976966111146,153.6391151694443,stop,0.20211516944428354,3.305144220195709,-1.0148430224620666,-1.0476591639631547,1762267500000
1,1762543200000,1762551960000,153.18499999999997,153.00606827960826,153.5428634407834,153.5428634407834,target,0.17893172039171645,2.581346480810545,2.0,1.9629320056528832,1762541100000
1,1763568000000,1763580540000,156.29299999999998,156.03581508668867,156.8073698266226,156.8073698266226,target,0.2571849133113062,4.1582622158937,2.0,1.9742106178989918,1763565300000
-1,1763735700000,1763742720000,156.70000000000002,156.91024282183503,156.27951435633,156.913242821835,stop,0.21024282183500986,2.550617082865478,-1.0142692148716506,-1.0458167366472335,1763735400000
-1,1763743800000,1763769300000,156.65800000000002,156.9811819589058,156.01163608218843,156.35299999999998,time,0.32318195890579204,3.5197495678350808,0.9437407986283762,0.9232178708558719,1763743500000
-1,1764782400000,1764811200000,155.328,155.61474061665857,154.75451876668288,155.242,time,0.28674061665856243,2.6696848586381488,0.29992263043228923,0.2767914811821715,1764782100000
1,1765534500000,1765563300000,155.78799999999998,155.53368267484117,156.2966346503176,155.73800000000003,time,0.25431732515880867,4.025712129183412,-0.19660477306739516,-0.22268494670817346,1765533600000
-1,1765920900000,1765945860000,154.69600000000003,154.93653894812132,154.21492210375743,154.9395389481213,stop,0.24053894812129784,3.678557218362717,-1.0124719926790113,-1.0400460718533133,1765920600000
1,1765997400000,1766026200000,155.581,155.33948755685142,156.06402488629712,155.56900000000002,time,0.24151244314856513,3.214832223977312,-0.0496868809057192,-0.07714981371999231,1765994400000
1,1766077200000,1766106000000,155.49699999999999,155.27431730537822,155.94236538924352,155.53900000000002,time,0.22268269462176704,2.5646726543064813,0.1886091780565536,0.15882401665788395,1766076300000
1,1766178000000,1766188500000,157.528,157.39528053282925,157.79343893434148,157.76000000000002,time,0.13271946717074457,2.81217057707386,1.7480480064130912,1.6980731222352707,1766176200000
1,1766757900000,1766761680000,156.45,156.32002783515128,156.7099443296974,156.3170278351513,stop,0.12997216484870933,3.2720737884395925,-1.0230818652861402,-1.0741130996102013,1766755800000
1,1767003600000,1767026340000,156.266,156.04527541126004,156.7074491774799,156.04227541126005,stop,0.22072458873995515,3.8557283110859366,-1.013591598548725,-1.0436409919482714,1767002400000
-1,1767715800000,1767719580000,156.32100000000003,156.59226524284512,155.77846951430985,156.5952652428451,stop,0.27126524284508946,4.32968441209412,-1.0110592863594363,-1.0355100413859022,1767712500000
-1,1767799200000,1767805260000,156.459,156.59556320828017,156.18587358343967,156.59856320828015,stop,0.13656320828016533,2.99270162340986,-1.0219678494505728,-1.0705361284440837,1767798900000
-1,1768575900000,1768582440000,158.116,158.2345587002927,157.87888259941465,157.87888259941465,target,0.1185587002926809,2.600712761970193,2.0,1.944056066879729,1768574700000
-1,1768819800000,1768822440000,158.00400000000002,158.16526648134626,157.68146703730753,158.16826648134625,stop,0.16126648134624588,2.573477401993613,-1.0186027497775236,-1.0597311972058485,1768817700000
-1,1768824000000,1768852800000,157.924,158.1787790873329,157.4144418253342,158.04299999999998,time,0.25477908733290633,2.9021135987286866,-0.46707130183130124,-0.4931042077084366,1768821300000
1,1769506500000,1769514720000,154.63099999999997,154.36233635488728,155.16832729022536,154.3593363548873,stop,0.2686636451126958,4.031782013723574,-1.0111663786841256,-1.0358539019894015,1769504400000
1,1769690100000,1769704800000,153.40599999999998,153.1316099853781,153.95478002924372,153.12860998537812,stop,0.27439001462187207,3.7129833790702405,-1.010933342469186,-1.0351056506675738,1769687100000
1,1770043200000,1770052680000,154.99399999999997,154.70125164617906,155.5794967076418,155.5794967076418,target,0.2927483538209117,4.3380706108235305,2.0,1.9773435446743537,1770041700000
1,1770114000000,1770142800000,155.57399999999998,155.29809356938506,156.12581286122983,155.70000000000002,time,0.27590643061492415,3.994920762938447,0.45667656139515034,0.432637107203316,1770111900000
1,1770225600000,1770254400000,156.57199999999997,156.3448782985139,157.02624340297214,156.811,time,0.2271217014860838,3.189149417864881,1.0522992670283282,1.0230962452272327,1770225300000
1,1771255200000,1771257060000,153.439,153.29822828952734,153.7205434209453,153.29522828952736,stop,0.1407717104726487,2.9501310123441242,-1.0213111000066224,-1.068427384789485,1771254900000
-1,1771324500000,1771342980000,152.87900000000002,153.19714179491152,152.24271641017702,153.2001417949115,stop,0.3181417949114973,3.907514232049321,-1.009429757573413,-1.0302778199974185,1771323300000
1,1771942500000,1771957740000,155.96699999999998,155.6711788203242,156.55864235935155,155.66817882032421,stop,0.2958211796757837,4.3368038042648696,-1.01014126170166,-1.0325623743727315,1771940700000
1,1772457600000,1772463900000,157.003,156.79009387050365,157.42881225899265,157.42881225899265,target,0.21290612949633214,3.08285747623663,2.0,1.9688471157890535,1772454600000
1,1772529900000,1772537700000,157.361,157.14168635218454,157.7996272956309,157.7996272956309,target,0.21931364781545426,2.9986903026934426,2.0,1.9697572856679617,1772529300000
1,1772825400000,1772841300000,157.753,157.50359283962777,158.25181432074442,157.80300000000003,time,0.24940716037221478,2.966604053325312,0.20047539904395642,0.17388177602967944,1772821800000
1,1773062100000,1773080520000,158.48299999999998,158.18000601110953,159.08898797778087,158.17700601110954,stop,0.3029939888904494,3.368849934996527,-1.0099011865250918,-1.0317915217897895,1773060300000
-1,1773935400000,1773939300000,158.92600000000002,159.30836034147177,158.1612793170565,158.1612793170565,target,0.38236034147175246,4.573501486294761,2.0,1.9826534311208373,1773934200000
-1,1774004100000,1774007460000,158.33200000000002,158.46150658779712,158.07298682440583,158.4645065877971,stop,0.12950658779709556,2.8737171808780126,-1.0231648447466328,-1.0743795367003093,1774001700000
-1,1774038300000,1774043820000,159.18400000000003,159.37422180188972,158.80355639622064,159.3772218018897,stop,0.19022180188969173,2.633993631982935,-1.0157710628865013,-1.0506389904011728,1774037700000
1,1774269300000,1774274760000,159.56099999999998,159.3006547465186,160.08169050696273,159.29765474651862,stop,0.2603452534813755,3.544401212846903,-1.0115231599572854,-1.0369994838437684,1774267200000
-1,1774532100000,1774535160000,159.442,159.5587952810779,159.20840943784424,159.56179528107788,stop,0.11679528107788428,3.077381587326794,-1.025685969264335,-1.0824745649917347,1774530900000
1,1774629300000,1774635840000,159.944,159.78921371105776,160.25357257788446,159.78621371105777,stop,0.15478628894223334,3.233952041133428,-1.0193815616388704,-1.0622318686352177,1774627200000
-1,1774996800000,1775016420000,158.75900000000001,159.0142568755729,158.24848624885425,159.01725687557288,stop,0.2552568755728828,3.517448701009515,-1.011752866571186,-1.0377370442162117,1774995300000
1,1775124300000,1775151420000,159.47199999999998,159.29805491315642,159.8198901736871,159.29505491315643,stop,0.1739450868435597,2.9258628413668206,-1.0172468222841156,-1.0553774767357997,1775121300000
-1,1776186900000,1776192600000,158.67000000000002,158.90746494966197,158.1950701006761,158.91046494966196,stop,0.23746494966195542,3.6731136679761396,-1.0126334433955688,-1.0405644707300952,1776185100000
1,1776793800000,1776822600000,159.243,159.0071382287101,159.7147235425798,159.406,time,0.2358617712899047,4.023728658540217,0.6910827435433051,0.6629618659473864,1776790800000
-1,1776864000000,1776871740000,159.31300000000002,159.382376699386,159.17424660122808,159.17424660122808,target,0.06937669938596969,2.0545713862946022,2.0,1.904396720243204,1776863700000
-1,1777311600000,1777314180000,159.13600000000002,159.30162281744657,158.80475436510693,159.30462281744656,stop,0.16562281744654683,3.5827245908142844,-1.0181134462403052,-1.0581601022642593,1777309200000
-1,1778086200000,1778090580000,156.06300000000002,156.3290855243011,155.53082895139787,156.33208552430108,stop,0.2660855243010758,3.290887695005211,-1.0112745704895671,-1.0362012928936586,1778084100000
1,1778277300000,1778284500000,156.71499999999997,156.58750323431207,156.9699935313758,156.698,time,0.12749676568790846,3.6461340869206778,-0.13333671570603403,-0.18535874123910231,1778274900000
1,1778604600000,1778633400000,157.659,157.47593989481305,158.02512021037387,157.57600000000002,time,0.18306010518693938,3.6177134352736036,-0.45340299523596966,-0.48963502948082493,1778602500000
1,1778855400000,1778884200000,158.528,158.28899185449242,159.00601629101513,158.71800000000002,time,0.23900814550756877,4.772388205282323,0.7949519862452108,0.7672013002344281,1778853600000
1,1780401300000,1780428780000,159.742,159.64769812239035,159.93060375521927,159.93060375521927,target,0.09430187760963804,4.096737255476333,2.0,1.9296658755040301,1780398900000
1,1781546400000,1781564280000,160.13799999999998,160.0237248528941,160.36655029421172,160.36655029421172,target,0.11427514710587161,3.489160743367128,2.0,1.9419590333683394,1781543700000
-1,1781721300000,1781730060000,160.217,160.3486572130021,159.95368557399584,160.35165721300208,stop,0.13165721300208588,3.599932870368726,-1.0227864461929508,-1.0731645443522588,1781719200000
1,1781876400000,1781881320000,161.33999999999997,161.23016455012848,161.55967089974297,161.2271645501285,stop,0.10983544987149685,3.8736516196090047,-1.0273135859460292,-1.0877006468426698,1781873100000
1,1782331800000,1782360600000,161.79,161.68539451672675,161.99921096654649,161.711,time,0.10460548327324659,4.014820756960985,-0.755218536619332,-0.8186247730082454,1782330300000
-1,1782509700000,1782518100000,161.723,161.7872725547218,161.59445489055645,161.76699999999997,time,0.06427255472178217,2.8282071320410993,-0.68458458187041,-0.7877801064409027,1782507600000
1,1782816600000,1782833520000,162.24699999999999,162.1156597515447,162.50968049691053,162.50968049691053,target,0.13134024845527392,3.026099768436302,2.0,1.949500323944806,1782816300000
-1,1783099500000,1783101480000,161.22600000000003,161.28699812645993,161.1040037470802,161.28999812645992,stop,0.0609981264599071,2.034541480311447,-1.0491818384283942,-1.1579169813734729,1783098900000
-1,1784912400000,1784937300000,163.77700000000002,163.8887207646839,163.55355847063223,163.87099999999998,time,0.11172076468389491,4.106226655493131,-0.8413834282814949,-0.9007514429810588,1784909700000
1,1785235500000,1785262860000,163.778,163.6664788286894,164.00104234262116,163.66347882868942,stop,0.11152117131058503,4.423387289920351,-1.0269007217618882,-1.0863749894910906,1785231900000
1,1785945600000,1785949560000,157.63699999999997,157.40852272294862,158.09395455410268,157.40552272294863,stop,0.22847727705135412,4.171366080425609,-1.013130408584621,-1.0421601663163238,1785943800000
-1,1787352600000,1787356500000,158.959,159.06169333412888,158.75361333174226,158.99099999999999,time,0.1026933341288725,3.812870190438862,-0.31160737229375224,-0.3761942323491141,1787349600000
-1,1788795300000,1788824100000,154.419,154.81937428533857,153.6182514293229,154.34799999999998,time,0.40037428533855746,4.270984623128204,0.1773340661476014,0.16076796726742124,1788795000000
-1,1788903300000,1788904800000,154.173,154.40773636425348,153.70352727149304,153.70352727149304,target,0.23473636425347877,3.4846150745420603,2.0,1.97174430122451,1788903000000
-1,1788964200000,1788977580000,153.32500000000002,153.74051365096568,152.4939726980687,153.74351365096567,stop,0.4155136509656643,5.530116488834317,-1.0072199793990253,-1.0231824874528175,1788960600000
1,1789484400000,1789513200000,154.909,154.6916101039881,155.34377979202378,155.12400000000002,time,0.21738989601189473,3.4020881655451136,0.9890064071251401,0.9584960654686121,1789483500000
1,1789771200000,1789775700000,156.73999999999998,156.59394875983583,157.0321024803283,156.86800000000002,time,0.14605124016415516,2.4135753366512303,0.8764047457329112,0.8309916428209112,1789770600000
1,1790004000000,1790013300000,157.26999999999998,157.1606900812236,157.48861983755273,157.48861983755273,target,0.10930991877637553,2.5362408074931477,2.0,1.9393226152370588,1790002800000
1,1790268900000,1790297700000,158.85699999999997,158.59880260298308,159.37339479403374,158.764,time,0.25819739701688604,4.166223275873284,-0.3601895335679109,-0.3858777863412966,1790266500000
