side,entry_ms,exit_ms,fill,stop,target,exit,how,risk,stop_atr,r_gross,r_net,sweep_ms
1,1514908500000,1514936160000,1312.6699999999998,1310.068438418928,1317.8731231621434,1317.8731231621434,target,2.601561581071792,5.045542683122941,2.0,1.9837947330146877,1514906100000
1,1514977800000,1515006600000,1314.3899999999999,1311.7799563475237,1319.6100873049522,1316.65,time,2.610043652476179,4.346910197558107,0.8658859011251133,0.8497332977155867,1514974500000
1,1515165900000,1515169860000,1317.56,1316.1647745249816,1320.3504509500367,1320.3504509500367,target,1.3952254750183783,3.0850432736141653,2.0,1.9697833785614869,1515165300000
-1,1515513900000,1515519600000,1314.13,1316.1228794939734,1310.1442410120535,1310.1442410120535,target,1.9928794939733052,3.768718919606209,2.0,1.978845183500812,1515513600000
1,1516207500000,1516208760000,1336.4999999999998,1334.2859441432488,1340.9281117135017,1334.2559441432488,stop,2.2140558567509743,2.9897106776971114,-1.0135497936551594,-1.032591318678772,1516206600000
-1,1516269900000,1516282320000,1327.41,1330.1400451937825,1321.9499096124352,1330.1700451937825,stop,2.7300451937824164,3.897548206170566,-1.0109888290744404,-1.0264314305727658,1516266900000
1,1516698600000,1516727040000,1336.78,1335.2226346368018,1339.8947307263963,1335.1926346368018,stop,1.557365363198187,3.2879835771114934,-1.0192633024394258,-1.0463340213575754,1516697100000
1,1517416800000,1517426100000,1344.4699999999998,1341.4021173548076,1350.6057652903842,1341.3721173548076,stop,3.067882645192185,3.1342457482228925,-1.0097787312845838,-1.023520782358822,1517416200000
1,1517566200000,1517574660000,1348.9199999999998,1346.4858396042457,1353.788320791508,1346.4558396042457,stop,2.434160395754134,3.7938674896549123,-1.0123245781388528,-1.0296443077973985,1517565600000
-1,1517865000000,1517871960000,1334.06,1337.3942843026632,1327.3914313946734,1337.4242843026632,stop,3.3342843026632636,4.488544932263776,-1.0089974331151097,-1.0216415258717846,1517861700000
-1,1518092400000,1518107220000,1309.92,1313.8665048953335,1302.0269902093332,1313.8965048953335,stop,3.946504895333419,4.5621752157711635,-1.0076016629386286,-1.0182842798662932,1518089400000
1,1518442500000,1518444060000,1321.76,1320.495518617473,1324.288962765054,1320.465518617473,stop,1.2644813825270376,2.320942171209253,-1.0237251417177993,-1.057066083373853,1518442200000
1,1518622800000,1518625860000,1331.9699999999998,1329.602571105018,1336.7048577899636,1329.572571105018,stop,2.367428894981913,4.122365397619173,-1.0126719750965116,-1.0304799016996553,1518620400000
-1,1519145700000,1519147140000,1338.02,1341.2916779828122,1331.4766440343756,1341.3216779828122,stop,3.271677982812207,4.005581271918518,-1.0091696065925737,-1.022055654737129,1519144200000
-1,1519209000000,1519212960000,1326.91,1328.4983861894316,1323.733227621137,1328.5283861894316,stop,1.5883861894315032,2.7204827115620036,-1.0188870944607684,-1.0454291283065102,1519208100000
-1,1519291800000,1519316880000,1323.3500000000001,1324.940698383177,1320.1686032336463,1324.970698383177,stop,1.590698383176914,3.137572213339844,-1.0188596407196047,-1.0453630938228893,1519290000000
1,1519840200000,1519869000000,1318.52,1315.8101104066034,1323.9397791867932,1317.58,time,2.7098895933966105,2.712884797351334,-0.346877600582187,-0.3624350609682972,1519839900000
1,1520243100000,1520256780000,1327.03,1324.667111581991,1331.7557768360177,1324.6371115819911,stop,2.362888418008879,4.467685945163654,-1.0126963252988699,-1.0305384712413879,1520242200000
1,1520428200000,1520429520000,1333.76,1331.842413734885,1337.59517253023,1331.812413734885,stop,1.9175862651150055,3.329936854354559,-1.0156446677501487,-1.0376301193394526,1520426700000
-1,1520504100000,1520517360000,1327.53,1329.199124571404,1324.1917508571921,1324.1917508571921,target,1.669124571403927,3.397738695114861,2.0,1.97474184927699,1520500500000
1,1520940300000,1520943540000,1318.7399999999998,1317.3100301108636,1321.599939778272,1317.2800301108637,stop,1.4299698891361459,2.3844797943278517,-1.0209794627340691,-1.0504619017142833,1520939700000
1,1520946000000,1520955060000,1318.7299999999998,1316.9624225436555,1322.2651549126883,1316.9324225436555,stop,1.76757745634427,3.7151575392104466,-1.0169723821110612,-1.0408236706917575,1520944200000
-1,1522077900000,1522081740000,1347.69,1349.9051861881946,1343.2596276236109,1349.9351861881946,stop,2.2151861881945933,4.01402282103913,-1.0135428796729828,-1.0325746884774427,1522076400000
1,1522234800000,1522244340000,1342.05,1338.8537010511266,1348.4425978977467,1338.8237010511266,stop,3.196298948873391,4.189178220754352,-1.0093858554784267,-1.0225757981822716,1522233000000
-1,1523974800000,1523985180000,1341.76,1344.1453746962732,1336.9892506074536,1344.1753746962731,stop,2.3853746962731748,3.6487736574750365,-1.0125766404946124,-1.030250593381707,1523973600000
-1,1524522000000,1524539700000,1323.48,1325.5807760272858,1319.2784479454285,1325.6107760272857,stop,2.1007760272857467,3.4565866199305204,-1.0142804371386194,-1.0343487354495395,1524519900000
1,1524656400000,1524666720000,1325.12,1322.945239387752,1329.4695212244956,1322.915239387752,stop,2.1747606122478373,3.3581532613149374,-1.0137946217303266,-1.0331802036479725,1524655800000
1,1524844800000,1524873300000,1321.31,1316.7697298535809,1330.390540292838,1323.01,time,4.540270146419061,3.775059964251223,0.3744270594428937,0.3651414886199216,1524843900000
1,1525693500000,1525704180000,1313.9599999999998,1311.9063327009874,1318.0673345980247,1311.8763327009874,stop,2.0536672990124316,3.2256234061502793,-1.0146080136808913,-1.0351366553066665,1525692600000
-1,1525889400000,1525918200000,1314.96,1317.6542599801035,1309.5714800397932,1313.4799999999998,time,2.694259980103425,2.5841746540036508,0.549315957231207,0.5336682467981619,1525888800000
-1,1526597100000,1526625900000,1290.0,1291.938560707089,1286.122878585822,1289.57,time,1.9385607070889819,5.027295538445199,0.2218140491693801,0.20006647126489052,1526593500000
-1,1527523200000,1527538260000,1297.95,1300.526190410121,1292.7976191797582,1298.5800000000002,time,2.576190410120944,3.8920901160792267,-0.24454714120705567,-0.2609120029945898,1527521400000
-1,1527791100000,1527819900000,1303.42,1306.4707068671944,1297.3185862656114,1299.6599999999999,time,3.0507068671943216,3.029293783212679,1.2325012410839133,1.2186818209182608,1527789600000
1,1528998600000,1529027400000,1305.54,1301.635636404662,1313.348727190676,1302.67,time,3.9043635953380544,3.741116413906232,-0.7350749821114946,-0.7458729006379194,1528996500000
-1,1529343000000,1529371800000,1279.19,1282.0118852340788,1273.5462295318425,1279.09,time,2.8218852340787635,3.4461466292638794,0.035437302266044336,0.020497290003723086,1529339400000
-1,1529514300000,1529538660000,1273.81,1276.620326352773,1268.189347294454,1268.189347294454,target,2.810326352773018,3.1113028108619183,2.0,1.9849985394193097,1529512200000
1,1529684700000,1529711700000,1269.2299999999998,1266.8363732248863,1274.0172535502268,1269.19,time,2.393626775113489,3.25102759344978,-0.016711043014565094,-0.03432406457595748,1529684100000
1,1530287700000,1530289980000,1252.12,1249.9939596274514,1256.3720807450968,1249.9639596274515,stop,2.1260403725484593,3.7937655940921817,-1.0141107386234685,-1.0339405596110465,1530287100000
-1,1530572100000,1530600900000,1240.49,1243.1576351072652,1235.1547297854697,1239.6,time,2.6676351072651414,4.628489880291144,0.3336288376083518,0.3178249520300047,1530570600000
1,1530711000000,1530713580000,1257.27,1255.906957809868,1259.9960843802642,1255.876957809868,stop,1.3630421901320915,2.56973210708947,-1.022009590177884,-1.0529396672548925,1530710100000
-1,1531867500000,1531888620000,1227.65,1229.0213083105646,1224.9073833788711,1229.0513083105645,stop,1.3713083105644728,2.672682642377444,-1.0218769183916225,-1.0526205518073977,1531864800000
1,1532371200000,1532373960000,1225.4799999999998,1223.767805762574,1228.9043884748514,1223.737805762574,stop,1.7121942374258197,2.0831073942002547,-1.01752137657295,-1.042144167070939,1532370600000
1,1532966100000,1532994900000,1222.84,1220.9507010768875,1226.6185978462247,1221.41,time,1.889298923112392,3.1860594154990087,-0.7568945191817946,-0.7792091457791296,1532964600000
-1,1533900600000,1533902760000,1207.39,1209.7511395116699,1202.6677209766606,1209.7811395116698,stop,2.361139511669762,3.31902687583969,-1.012705729522419,-1.030561091220291,1533899700000
1,1534852500000,1534860420000,1195.7199999999998,1193.1662029447032,1200.827594110593,1193.1362029447032,stop,2.553797055296627,4.003001460509248,-1.011747213795925,-1.028255573343353,1534850100000
1,1534976100000,1534993800000,1195.77,1194.3809492440569,1198.5481015118862,1194.350949244057,stop,1.389050755943117,2.011637290525908,-1.0215974829369023,-1.0519484257081588,1534975200000
-1,1535106900000,1535108040000,1187.99,1189.9298421196904,1184.1103157606192,1189.9598421196904,stop,1.939842119690411,3.241599946200264,-1.0154651761065796,-1.0371983880891753,1535105700000
-1,1535549700000,1535558880000,1203.42,1205.2575197823855,1199.7449604352291,1205.2875197823855,stop,1.8375197823854705,2.721453946474447,-1.0163263548439336,-1.0392697813061342,1535547600000
1,1535735700000,1535740920000,1204.12,1200.5795954341513,1211.200809131697,1200.5495954341513,stop,3.5404045658485757,3.916178936995591,-1.0084736078722072,-1.0203815690150306,1535733000000
1,1536675300000,1536678420000,1194.7499999999998,1193.015449018703,1198.2191019625932,1192.985449018703,stop,1.7345509812967066,3.179687954393942,-1.0172955423757828,-1.0416009680764924,1536671700000
1,1536835800000,1536854460000,1205.6999999999998,1203.3315933206898,1210.43681335862,1210.43681335862,target,2.3684066793100556,4.055027108667123,2.0,1.9821994253063493,1536834600000
1,1537370400000,1537377000000,1203.35,1201.1994026503473,1207.651194699305,1201.1694026503474,stop,2.150597349652571,3.0462862419577745,-1.0139496126528842,-1.0335530033140001,1537370100000
1,1537380300000,1537409100000,1205.58,1201.0677316452147,1214.6045367095703,1203.7,time,4.512268354785192,4.019180973492162,-0.41664188655937767,-0.4259850808654723,1537377300000
1,1537539900000,1537541700000,1205.85,1204.5921062158845,1208.3657875682306,1204.5621062158846,stop,1.2578937841153675,2.172761382475741,-1.023849390448392,-1.0573649388455477,1537539300000
-1,1537797600000,1537798560000,1198.6000000000001,1199.843537962271,1196.1129240754583,1199.873537962271,stop,1.2435379622709206,2.3227218771862366,-1.0241247158592468,-1.0580271790562772,1537796700000
1,1538690100000,1538718900000,1198.83,1196.8111851471647,1202.8676297056704,1199.24,time,2.0188148528352485,2.933690576459174,0.2030894509341819,0.18220640663678564,1538689500000
-1,1539793200000,1539795660000,1225.89,1228.4817839756868,1220.7064320486268,1228.5117839756867,stop,2.591783975686667,2.823787002349554,-1.011575038769203,-1.0278414407515792,1539792900000
-1,1539868800000,1539873600000,1222.66,1224.8063550861439,1218.3672898277125,1224.8363550861438,stop,2.1463550861437852,3.2346504403492777,-1.0139771840147251,-1.033619320710636,1539865800000
-1,1540998600000,1541004000000,1216.9,1218.928647269378,1212.8427054612443,1212.8427054612443,target,2.0286472693778705,2.955175475666307,2.0,1.9792181713221497,1540997100000
-1,1541417400000,1541446200000,1231.57,1234.5512946246195,1225.607410750761,1230.02,time,2.9812946246195224,4.86387614431857,0.5199083603479036,0.5057671883711887,1541413800000
-1,1542035100000,1542055920000,1206.0,1207.875061510643,1202.249876978714,1202.249876978714,target,1.875061510643036,3.405394237724891,2.0,1.9775159376048725,1542032100000
1,1542296700000,1542325500000,1211.9799999999998,1207.8163623047808,1220.3072753904378,1212.8500000000001,time,4.163637695218995,4.017493525317311,0.20895189824017246,0.19882637746097254,1542294900000
1,1542628800000,1542657600000,1220.7299999999998,1218.5513366448918,1225.0873267102158,1223.9,time,2.1786633551080286,3.7138403541624587,1.4550205714747133,1.435669715868153,1542627900000
1,1542904200000,1542929460000,1228.1799999999998,1226.6979152757838,1231.144169448432,1226.72,time,1.4820847242160653,3.521669089724308,-0.985098878724401,-1.0135446209354608,1542903300000
1,1543240800000,1543241280000,1226.4699999999998,1225.2278672952425,1228.9542654095144,1225.1978672952425,stop,1.2421327047572959,2.948143756514526,-1.0241520087870437,-1.0580928267355074,1543239900000
1,1543246500000,1543250100000,1226.55,1223.9882652000344,1231.673469599931,1223.9582652000345,stop,2.5617347999655067,4.149579817864177,-1.0117108140937838,-1.0281680211397932,1543245300000
1,1543501200000,1543522320000,1226.4899999999998,1224.2313735606458,1231.0072528787077,1224.2013735606458,stop,2.258626439353975,3.8525731124673395,-1.013282408935474,-1.0319481782125122,1543500900000
-1,1543572600000,1543593720000,1223.3700000000001,1225.040102488376,1220.0297950232482,1220.0297950232482,target,1.67010248837596,4.164585680354963,2.0,1.9747566390126177,1543572000000
1,1543849800000,1543855860000,1230.09,1227.7958576217657,1234.6782847564684,1234.6782847564684,target,2.2941423782342554,3.0942389937775436,2.0,1.9816231981066281,1543849200000
1,1543953000000,1543977120000,1239.7599999999998,1236.6378874118263,1246.0042251763466,1236.6078874118264,stop,3.1221125881734224,3.80223380801455,-1.0096088783324513,-1.023112235053057,1543950900000
-1,1544026800000,1544040300000,1237.25,1238.8611736824,1234.0276526352,1238.8911736824,stop,1.6111736824000218,3.1484419467827007,-1.018619966504967,-1.0447866054344208,1544026500000
-1,1544041500000,1544064000000,1237.92,1239.2255640161245,1235.3088719677512,1239.2555640161245,stop,1.3055640161244355,2.865340080097753,-1.022978574493059,-1.0552703652281843,1544040900000
1,1544175900000,1544196840000,1240.05,1237.9554883078772,1244.2390233842455,1244.2390233842455,target,2.094511692122751,4.705531495742267,2.0,1.9798716807556838,1544174100000
-1,1544449800000,1544455380000,1246.63,1247.9548138132984,1243.9803723734035,1243.9803723734035,target,1.3248138132983058,2.9562621785208556,2.0,1.9681774151380267,1544449500000
-1,1544532000000,1544549160000,1247.83,1249.673360393839,1244.1432792123219,1244.1432792123219,target,1.8433603938390206,4.251253807069357,2.0,1.9771292688391777,1544530500000
-1,1544630100000,1544635080000,1244.44,1246.6516142276334,1240.0167715447333,1246.6816142276334,stop,2.2116142276333903,3.0882330239588653,-1.0135647526703042,-1.0326272995978998,1544629500000
-1,1544697000000,1544705400000,1245.14,1246.8626052543998,1241.6947894912007,1241.6947894912007,target,1.7226052543996957,4.043175609816406,2.0,1.9755260237989396,1544695200000
-1,1544733300000,1544762100000,1242.45,1244.028709553009,1239.292580893982,1242.4399999999998,time,1.5787095530090482,2.6890164753291863,0.006334287381208344,-0.020370434788645007,1544733000000
-1,1545389100000,1545417900000,1260.17,1262.870300956624,1254.769398086752,1257.77,time,2.7003009566240053,4.478039997693948,0.8887898195616835,0.8731771153938087,1545388200000
1,1546279500000,1546288200000,1281.59,1278.3400840400911,1288.0898319198175,1278.3100840400912,stop,3.249915959908776,3.6143927765486397,-1.0092310079306834,-1.0222033433756847,1546277400000
-1,1546958700000,1546966500000,1282.63,1284.2308877436697,1279.428224512661,1284.2608877436696,stop,1.6008877436695457,3.915324251200765,-1.0187396025227895,-1.0450743659480897,1546956900000
1,1547651400000,1547660460000,1289.8799999999999,1287.82554110696,1293.9889177860798,1293.9889177860798,target,2.054458893039964,3.772494772381692,2.0,1.9794792681699183,1547648100000
-1,1547761500000,1547790300000,1291.53,1293.4037929804401,1287.7824140391197,1292.1,time,1.8737929804401574,3.4833410699808227,-0.30419582416518726,-0.32669510793883916,1547760600000
1,1548964800000,1548966840000,1322.17,1319.8104605237645,1326.8890789524712,1319.7804605237645,stop,2.359539476235568,3.3930935404819373,-1.0127143454483902,-1.0305818151070292,1548963000000
-1,1549312800000,1549341600000,1313.68,1315.4431854071158,1310.1536291857685,1313.86,time,1.7631854071157704,3.3151676422721867,-0.10208795925454113,-0.12599866077796398,1549312200000
1,1550247600000,1550251380000,1319.1699999999998,1315.8321044960105,1325.8457910079785,1315.8021044960105,stop,3.33789550398933,3.409651483425055,-1.0089876989750333,-1.0216181123446588,1550245500000
1,1550519400000,1550538060000,1326.84,1325.495116933935,1329.52976613213,1325.465116933935,stop,1.3448830660649946,3.855403832790992,-1.0223067720584438,-1.053654478832203,1550518200000
-1,1550765400000,1550777880000,1334.14,1337.516269714756,1327.3874605704884,1327.3874605704884,target,3.3762697147558356,3.913621048008694,2.0,1.9875131421474577,1550763900000
-1,1551282600000,1551292380000,1325.99,1329.024652336548,1319.9206953269043,1319.9206953269043,target,3.034652336547879,4.065046690927037,2.0,1.9861074695469207,1551280500000
-1,1551716400000,1551726060000,1286.65,1289.7991093480096,1280.3517813039812,1289.8291093480095,stop,3.1491093480094605,2.8861957343294247,-1.0095265031107719,-1.0229140979323517,1551714300000
-1,1551901200000,1551924360000,1286.38,1287.855825400136,1283.4283491997285,1287.885825400136,stop,1.4758254001358182,2.242030275677161,-1.0203276078574144,-1.0488939951794651,1551900600000
-1,1551967800000,1551970260000,1286.04,1287.7027492273858,1282.7145015452284,1287.7327492273857,stop,1.6627492273858024,3.889542172016825,-1.0180424080227295,-1.0433974040170941,1551964500000
-1,1552590300000,1552598160000,1294.16,1296.6945073801483,1289.0909852397037,1296.7245073801482,stop,2.5345073801481703,3.4016863498656478,-1.0118366197056483,-1.0284706213780108,1552588200000
1,1552667100000,1552694100000,1303.84,1300.596527833295,1310.3269443334095,1302.1000000000001,time,3.243472166704805,3.885693033664394,-0.5364621339629158,-0.5494602414949533,1552666500000
1,1553524200000,1553533740000,1317.57,1316.0566965316082,1320.5966069367835,1320.5966069367835,target,1.5133034683917685,2.839033770316791,2.0,1.9721410801728991,1553523300000
1,1554730500000,1554737880000,1297.7499999999998,1296.4671885420635,1300.3156229158724,1300.3156229158724,target,1.2828114579363046,2.996420864335018,2.0,1.967135466604093,1554729300000
1,1554823200000,1554852000000,1303.35,1300.4011200912462,1309.2477598175074,1304.58,time,2.9488799087537245,4.281190207858841,0.41710752491099207,0.4028109101608114,1554821100000
-1,1554902400000,1554909660000,1304.1100000000001,1305.0802407282397,1302.169518543521,1302.169518543521,target,0.9702407282395598,2.4110913760258716,2.0,1.9565478970600472,1554900300000
-1,1555518000000,1555545540000,1275.1100000000001,1278.0430933393607,1269.243813321279,1274.14,time,2.933093339360539,4.012805222753056,0.3307088755012149,0.3163353131483744,1555515000000
-1,1556729700000,1556730060000,1280.8500000000001,1283.8425904627002,1274.8648190746,1283.8725904627001,stop,2.9925904627000364,3.623409247095709,-1.0100247596100755,-1.0241125542901275,1556729100000
1,1557783300000,1557803340000,1300.09,1298.660274579984,1302.949450840032,1302.949450840032,target,1.4297254200159841,2.050508149947353,2.0,1.9705125198099027,1557783000000
1,1557932400000,1557940560000,1299.2499999999998,1297.006251455454,1303.7374970890912,1296.976251455454,stop,2.243748544545724,5.128738722246564,-1.0133704822106286,-1.0321600208612423,1557931500000
1,1558548600000,1558573260000,1276.07,1273.0857932901474,1282.038413419705,1273.0557932901474,stop,2.984206709852515,4.647811290600451,-1.0100529229094373,-1.0241802954740822,1558545300000
1,1559155500000,1559169660000,1282.7199999999998,1279.6560754560219,1288.8478490879556,1279.626075456022,stop,3.063924543977919,3.6508086892670963,-1.009791363843779,-1.0235511674534543,1559154600000
1,1559580900000,1559594340000,1316.6999999999998,1312.636215031852,1324.8275699362953,1324.8275699362953,target,4.063784968147729,3.5714603029656384,2.0,1.9896256813954367,1559580300000
1,1561035000000,1561062360000,1382.6899999999998,1377.7193267715313,1392.6313464569369,1392.6313464569369,target,4.970673228468513,3.803895630899696,2.0,1.991518452720138,1561032000000
1,1561639800000,1561650360000,1403.8,1401.4107919021217,1408.5784161957565,1401.3807919021217,stop,2.3892080978782815,2.6782412748395865,-1.0125564617107292,-1.0302020573528328,1561638600000
-1,1562081400000,1562086440000,1391.1000000000001,1394.8213452618581,1383.6573094762841,1394.8513452618581,stop,3.721345261858005,3.671947946675651,-1.008061600816097,-1.019390568442968,1562079600000
1,1562154600000,1562164560000,1425.2299999999998,1422.2240425624627,1431.241914875074,1422.1940425624628,stop,3.005957437537063,2.592293777250391,-1.0099801812312263,-1.0240053299154814,1562153400000
1,1562595900000,1562598540000,1406.2199999999998,1403.6175641701439,1411.4248716597117,1403.5875641701439,stop,2.602435829855949,4.168176887930113,-1.0115276617604951,-1.0277274848325335,1562593500000
1,1563271500000,1563291060000,1414.08,1412.052656052772,1418.134687894456,1412.022656052772,stop,2.027343947228019,3.010432311551109,-1.0147976864216808,-1.0355928751500876,1563270300000
1,1564000200000,1564029000000,1423.4199999999998,1420.4372479493056,1429.3855041013883,1422.67,time,2.9827520506942165,3.215834074141347,-0.2514456405537346,-0.2655799029005454,1563999300000
-1,1564669200000,1564678860000,1405.76,1408.4800300307327,1400.3199399385346,1408.5100300307327,stop,2.720030030732687,3.8840908711175217,-1.0110292899934974,-1.0265287512213737,1564667100000
-1,1565977200000,1565991600000,1510.1000000000001,1516.6170662057286,1497.0658675885431,1516.6470662057286,stop,6.517066205728497,3.6805816100832156,-1.0046032983328608,-1.0110723134800357,1565974800000
-1,1565993700000,1565999700000,1513.16,1517.657999812941,1504.1640003741184,1512.81,time,4.497999812940861,4.164821855197113,0.07781236428538245,0.06843953152565056,1565991900000
-1,1566246900000,1566265920000,1500.1000000000001,1503.5056338978577,1493.288732204285,1493.288732204285,target,3.4056338978575695,3.5611158534213367,2.0,1.9876208067970778,1566246600000
1,1566554400000,1566572640000,1496.04,1493.5198556607545,1501.080288678491,1501.080288678491,target,2.520144339245462,4.190160488684336,2.0,1.9832711962789313,1566551700000
-1,1567192500000,1567209300000,1527.02,1533.0666838842233,1514.9266322315534,1521.08,time,6.046683884223285,4.122255090416284,0.9823566294739527,0.9753843781032471,1567189800000
-1,1568124600000,1568130720000,1492.7,1496.6444575203493,1484.8110849593015,1496.6744575203493,stop,3.9444575203492604,4.175906275919601,-1.0076056085900797,-1.0182937703417283,1568124000000
-1,1568628900000,1568657700000,1502.75,1507.3579142857845,1493.534171428431,1504.59,time,4.607914285784545,3.9078507367706456,-0.3993129832463103,-0.4084622419749418,1568626200000
1,1568808300000,1568814780000,1502.4499999999998,1500.652805024755,1506.0443899504894,1500.622805024755,stop,1.7971949752447927,3.808021862313324,-1.0166926796553537,-1.0401509023750437,1568806200000
-1,1568888400000,1568895960000,1494.57,1498.4609907710503,1486.7880184578992,1498.4909907710503,stop,3.890990771050383,3.8528181640543844,-1.0077101185187016,-1.0185451480730427,1568888100000
1,1569234300000,1569258000000,1515.1399999999999,1511.453097509525,1522.5138049809498,1522.5138049809498,target,3.6869024904749494,3.4488462093740324,2.0,1.9885651979923753,1569233700000
1,1569429900000,1569431340000,1529.55,1525.4341650763683,1537.7816698472632,1525.4041650763684,stop,4.11583492363161,3.2708208539011783,-1.0072889220672394,-1.01753204424834,1569428100000
1,1570118100000,1570119780000,1502.4899999999998,1498.6278233630908,1510.2143532738178,1498.5978233630908,stop,3.8621766369089983,2.7164636334565224,-1.0077676405872473,-1.0186835059045158,1570117500000
-1,1570222800000,1570233300000,1504.67,1509.9453235910476,1494.119352817905,1504.78,time,5.275323591047481,3.3963440810704593,-0.020851801430072668,-0.02884353867090206,1570219200000
-1,1570644300000,1570661040000,1507.01,1509.5204610932112,1501.9890778135775,1509.5504610932112,stop,2.5104610932112337,2.0840430933222573,-1.011949995991214,-1.028743325357682,1570644000000
1,1571071200000,1571097540000,1493.54,1488.5707015210703,1503.4785969578593,1493.07,time,4.969298478929659,4.16543322556491,-0.09458075460608294,-0.1030646482942481,1571069700000
-1,1571415600000,1571442900000,1489.78,1493.6853122420196,1481.9693755159608,1490.3700000000001,time,3.9053122420195905,3.3867282203666162,-0.1510762682819526,-0.1618715638658463,1571415300000
1,1572036000000,1572047700000,1503.55,1500.4861479237893,1509.6777041524213,1504.29,time,3.063852076210651,2.4737995275937728,0.24152602070633758,0.22776589164288033,1572035400000
1,1572603600000,1572607380000,1510.83,1509.1451784016954,1514.199643196609,1514.199643196609,target,1.684821598304552,3.073280696677752,2.0,1.9749771726321501,1572603300000
-1,1572881100000,1572909900000,1511.44,1515.0339990943914,1504.2520018112173,1510.36,time,3.5939990943913926,3.4557984522976546,0.3005009104441752,0.288770523515088,1572880500000
-1,1573140900000,1573144080000,1483.1200000000001,1486.695111475402,1475.9697770491964,1486.725111475402,stop,3.5751114754018545,2.8575408162283513,-1.0083913467332093,-1.0201837062973993,1573139700000
-1,1573205700000,1573206900000,1469.04,1471.4927988679417,1464.1344022641165,1471.5227988679417,stop,2.4527988679417376,3.3692816073701892,-1.0122309254101813,-1.0294190448891247,1573205400000
-1,1573239900000,1573257300000,1463.48,1468.5100726934586,1453.4198546130829,1458.99,time,5.030072693458578,3.591044456456906,0.8926312349002603,0.8842498450935432,1573237800000
1,1573741800000,1573750920000,1469.1899999999998,1466.7083289674188,1474.153342065162,1466.6783289674188,stop,2.481671032581062,3.4625858498220228,-1.0120886288336013,-1.0290767789334767,1573740900000
-1,1573828800000,1573831860000,1464.53,1467.8448617976285,1457.900276404743,1467.8748617976285,stop,3.3148617976285095,4.427975152393199,-1.0090501510565042,-1.0217683283362209,1573827300000
-1,1574762100000,1574764080000,1455.05,1457.3897866540963,1450.3704266918073,1457.4197866540962,stop,2.339786654096315,4.69962622829211,-1.0128216818176354,-1.0308399912759747,1574759700000
-1,1574794800000,1574823600000,1458.16,1462.9943422644756,1448.4913154710491,1460.05,time,4.834342264475481,3.8879316577205945,-0.3909528735456497,-0.39967360486618525,1574793000000
1,1575564000000,1575590340000,1476.35,1472.752182076119,1483.5456358477618,1475.81,time,3.597817923880939,3.0537101702082468,-0.15009097498115462,-0.1618089109334341,1575563400000
1,1576496100000,1576519980000,1477.33,1474.4539034327674,1483.082193134465,1474.4239034327675,stop,2.87609656723248,3.779535229812902,-1.0104308041467607,-1.0250892132142166,1576493100000
-1,1576609500000,1576638300000,1475.46,1478.7065918198482,1468.9668163603037,1476.1299999999999,time,3.246591819848163,4.2388231880051865,-0.20637026062339428,-0.2193558782616386,1576609200000
-1,1576856100000,1576857240000,1478.6200000000001,1480.3137219448377,1475.232556110325,1480.3437219448376,stop,1.6937219448375345,3.15275619666627,-1.0177124705099398,-1.0426038053175808,1576855800000
1,1577204100000,1577207520000,1490.9799999999998,1488.6725517715008,1495.5948964569977,1495.5948964569977,target,2.30744822849897,4.016569855642517,2.0,1.9817291675369788,1577200500000
1,1577356800000,1577376240000,1504.6999999999998,1502.69712199163,1508.7057560167395,1508.7057560167395,target,2.002878008369862,4.67110783478818,2.0,1.9789507899014214,1577355300000
1,1577698500000,1577702220000,1514.31,1512.829061594369,1517.2718768112618,1512.799061594369,stop,1.4809384056309227,2.907312051255881,-1.0202574258901684,-1.0487251864936482,1577697300000
1,1577961900000,1577978460000,1520.59,1518.4085596021853,1524.9528807956292,1524.9528807956292,target,2.18144039781464,3.0535109889407237,2.0,1.980673778645415,1577960100000
-1,1579010400000,1579015860000,1543.1200000000001,1546.2314804115888,1536.8970391768228,1546.2614804115888,stop,3.1114804115886727,3.8186851918259754,-1.0096417126356438,-1.0231912114025263,1579007700000
1,1579533600000,1579550460000,1560.4199999999998,1558.200679673428,1564.8586406531433,1560.54,time,2.219320326571733,4.499808660699352,0.054070608268382205,0.035074251818511544,1579533300000
-1,1579619700000,1579623600000,1555.18,1558.0601033185342,1549.4197933629318,1549.4197933629318,target,2.880103318534111,2.6158188117082566,2.0,1.985361983464726,1579617000000
-1,1579724400000,1579731960000,1557.14,1558.6315501847891,1554.156899630422,1558.6615501847891,stop,1.4915501847890482,2.423307403376919,-1.0201133024593576,-1.0483785264055183,1579724100000
-1,1579793700000,1579796160000,1555.18,1557.7682346896022,1550.0035306207958,1557.7982346896022,stop,2.5882346896021318,2.933352745124318,-1.0115909117981046,-1.0278796201479956,1579793400000
-1,1580293500000,1580296620000,1567.5,1570.1341637408937,1562.2316725182127,1570.1641637408936,stop,2.634163740893655,3.551821562872796,-1.0113888136619005,-1.027393513500984,1580292900000
1,1581609000000,1581612420000,1575.6,1572.128855876349,1582.5422882473017,1572.098855876349,stop,3.4711441236509017,3.808412418272754,-1.0086426834874316,-1.0207882465923301,1581607800000
1,1582038600000,1582042380000,1588.36,1586.3133702769546,1592.4532594460904,1592.4532594460904,target,2.046629723045271,3.0716467508802383,2.0,1.9794007682360493,1582037100000
-1,1582655400000,1582671600000,1648.59,1658.8700955928698,1628.0298088142602,1628.0298088142602,target,10.280095592869884,3.543692439850594,2.0,1.9958989680962458,1582651800000
1,1582797600000,1582826400000,1648.2499999999998,1641.1396344016546,1662.4707311966902,1651.96,time,7.110365598345197,3.735110576780743,0.5217734515456837,0.5158442205635508,1582796700000
-1,1583855400000,1583878320000,1661.1100000000001,1667.9064540383706,1647.5170919232592,1647.5170919232592,target,6.796454038370484,3.0012509766952267,2.0,1.9937969123660686,1583853300000
-1,1584547200000,1584575940000,1496.75,1523.4265879465265,1443.396824106947,1486.44,time,26.676587946526524,4.326485474910981,0.38648121044064704,0.3849008359158199,1584544500000
1,1584712200000,1584715500000,1510.49,1501.2961496554094,1528.8777006891812,1501.2661496554094,stop,9.1938503445906,3.025782431472486,-1.0032630507214666,-1.007848615900348,1584710100000
1,1585218900000,1585240560000,1607.77,1594.5064896689175,1634.2970206621649,1634.2970206621649,target,13.263510331082443,4.230645377870721,2.0,1.9968214297009137,1585218600000
1,1585251900000,1585260900000,1635.31,1620.0164818029832,1665.8970363940334,1619.9864818029832,stop,15.293518197016738,2.9781842758179473,-1.0019616153466784,-1.004718273393368,1585250100000
1,1585263300000,1585292100000,1635.41,1611.0266958141465,1684.1766083717073,1625.22,time,24.383304185853603,3.9119429548612565,-0.4179089069442836,-0.41963791789696897,1585261800000
1,1585865100000,1585875660000,1618.21,1607.817303270639,1638.995393458722,1607.14,stop,10.392696729360978,4.112715172706115,-1.0651710800648566,-1.0692276787608328,1585863900000
1,1585909800000,1585929420000,1613.36,1606.7943391229421,1626.4913217541155,1606.7643391229421,stop,6.5656608770577805,3.536372864926985,-1.0045692277687994,-1.0109903635522992,1585907100000
1,1586253900000,1586255160000,1665.52,1655.058431490403,1686.4431370191937,1655.0284314904031,stop,10.461568509596873,3.469052031852717,-1.0028676388222715,-1.0068975316592133,1586250900000
-1,1586365500000,1586394300000,1647.1100000000001,1656.8809976661323,1627.5680046677357,1645.72,time,9.770997666132189,2.9519838554461693,0.14225773534037964,0.13794302752439788,1586362500000
1,1586785500000,1586786580000,1691.8,1686.6140990095878,1702.1718019808243,1686.54,stop,5.185900990412165,2.9481931729088813,-1.014288550769639,-1.02241809278711,1586783700000
1,1587659700000,1587686340000,1731.57,1719.426099043414,1755.8578019131717,1730.41,time,12.143900956585867,3.636976988850897,-0.0955212006542893,-0.09899281987703473,1587656700000
-1,1587990900000,1588019700000,1717.01,1724.1806183661986,1702.6687632676028,1711.1200000000001,time,7.170618366198596,3.1093006530184746,0.8214075410517733,0.8155281317948628,1587988800000
-1,1589290800000,1589302680000,1703.2,1707.5190339766955,1694.5619320466092,1707.5490339766955,stop,4.319033976695437,2.898019681457012,-1.0069459976841688,-1.01670720822974,1589290200000
1,1589467200000,1589468940000,1717.22,1713.1658550629306,1725.3282898741388,1713.1358550629307,stop,4.054144937069395,2.812547578496459,-1.0073998341119148,-1.017798820989398,1589466600000
1,1589807400000,1589814480000,1764.2299999999998,1758.3885267336866,1775.9129465326262,1758.3585267336866,stop,5.841473266313187,3.8564384386006454,-1.0051356907123032,-1.0123528768703096,1589805900000
-1,1589893500000,1589905680000,1734.41,1739.1909389232392,1724.848122153522,1739.2209389232391,stop,4.780938923239091,2.7968696845891445,-1.0062749180614188,-1.0150930604131385,1589891400000
1,1589977200000,1589989320000,1750.3799999999999,1746.431769238579,1758.2764615228418,1746.401769238579,stop,3.948230761420973,2.6635704516206467,-1.0075983400699648,-1.018276287370296,1589976900000
1,1590175800000,1590191700000,1733.9499999999998,1729.9777890897042,1741.894421820591,1735.42,time,3.9722109102956438,2.4487939208575384,0.37007098394250304,0.3594574991724151,1590174000000
1,1591034100000,1591062900000,1736.52,1726.9022813179565,1755.755437364087,1740.24,time,9.61771868204346,4.417498118111407,0.38678611040530514,0.38240263846213923,1591031700000
1,1591097100000,1591122540000,1738.26,1734.6944096903712,1745.3911806192575,1734.6644096903713,stop,3.5655903096287602,3.084679261682018,-1.008413754075716,-1.0202376026783306,1591093800000
-1,1591219500000,1591239540000,1696.31,1701.1927598936372,1686.5444802127254,1701.2227598936372,stop,4.882759893637285,3.677887771572901,-1.0061440661948309,-1.0147783224184344,1591216200000
1,1591358100000,1591360980000,1711.28,1706.8569195710168,1720.1261608579664,1706.8269195710168,stop,4.423080428983212,2.8893833511985574,-1.0067826033194855,-1.016314195764367,1591355700000
1,1591636200000,1591665000000,1691.9599999999998,1685.8298052629823,1704.2203894740348,1699.58,time,6.1301947370175185,2.7839878554974513,1.2430273958486715,1.2361501265597499,1591634700000
1,1591797600000,1591812180000,1719.6899999999998,1715.7789057760199,1727.5121884479597,1715.74890577602,stop,3.911094223979944,3.2297942011029175,-1.0076704876645606,-1.0184498239795776,1591796700000
-1,1592223600000,1592235840000,1718.7,1724.4543989116885,1707.1912021766232,1707.1912021766232,target,5.75439891168844,3.5002658184234834,2.0,1.9926736048982692,1592220600000
1,1592322900000,1592324040000,1728.03,1719.0124404731039,1746.0651190537922,1718.982440473104,stop,9.017559526896093,3.248874080359568,-1.0033268424689068,-1.0080020541904657,1592322300000
1,1592571600000,1592588160000,1731.4599999999998,1727.3768203791603,1739.6263592416788,1739.6263592416788,target,4.0831796208394735,3.6076986214900097,2.0,1.9896749582641842,1592570700000
1,1592992800000,1593013740000,1770.16,1765.1340668275147,1780.2118663449708,1765.1040668275148,stop,5.025933172485338,3.6973558996632834,-1.0059690407672368,-1.0143573337574423,1592991900000
1,1593017100000,1593025860000,1771.61,1761.3205159867643,1792.188968026471,1761.2905159867644,stop,10.289484013235551,3.324722303312368,-1.00291559809621,-1.0070128881008176,1593016200000
-1,1593173100000,1593188820000,1763.02,1767.1041519691892,1754.8516960616216,1754.8516960616216,target,4.084151969189179,3.5778199869845593,2.0,1.989677416433559,1593172800000
1,1593431400000,1593445140000,1771.04,1766.798660468387,1779.522679063226,1766.768660468387,stop,4.241339531612994,3.809374325691698,-1.007073237069649,-1.0170132571236357,1593429300000
-1,1594040100000,1594047060000,1774.63,1779.0658526467212,1765.758294706558,1779.0958526467211,stop,4.4358526467210595,4.190592095818244,-1.0067630740669775,-1.0162672220533095,1594037700000
1,1594161300000,1594164660000,1796.6,1794.68598776178,1800.4280244764395,1794.6559877617801,stop,1.9140122382198115,2.278254071999189,-1.0156738809715633,-1.0377003859009213,1594160100000
1,1594309500000,1594317840000,1811.18,1804.6337269938601,1824.27254601228,1804.6037269938602,stop,6.546273006139927,3.173596549859296,-1.0045827602930453,-1.0110229133328679,1594308600000
-1,1594637400000,1594641000000,1805.47,1808.401995619211,1799.606008761578,1808.431995619211,stop,2.9319956192109657,4.072463923990627,-1.0102319388894743,-1.0246108826108653,1594636200000
-1,1594653300000,1594656900000,1806.0,1810.2115950438156,1797.5768099123688,1810.2415950438156,stop,4.211595043815578,3.7739982886431602,-1.007123191970706,-1.0171334136471484,1594652400000
-1,1594911900000,1594913580000,1803.81,1808.022414102795,1795.3851717944099,1808.052414102795,stop,4.212414102795037,3.7472292159577023,-1.0071218069420258,-1.0171300822376634,1594911600000
1,1595242500000,1595259180000,1810.6299999999999,1807.474412242521,1816.9411755149574,1816.9411755149574,target,3.15558775747877,3.3012467712502893,2.0,1.986639889858844,1595241900000
1,1595868000000,1595894340000,1939.5099999999998,1930.7283975040166,1957.0732049919661,1941.8500000000001,time,8.78160249598318,3.118439154920476,0.2664661718713321,0.2616653396747844,1595864700000
1,1596037500000,1596040920000,1958.4199999999998,1952.4062100022566,1970.4475799954864,1952.3762100022566,stop,6.013789997743288,3.272098629733097,-1.0049885346863177,-1.0119989224810062,1596036600000
-1,1597062900000,1597077120000,2032.09,2035.8310505720365,2024.6078988559268,2035.8610505720364,stop,3.7410505720365563,2.187102052621794,-1.008019137785577,-1.0192884321156586,1597061700000
-1,1597414800000,1597418040000,1943.63,1951.2419501639733,1928.4060996720536,1951.2719501639733,stop,7.611950163973233,3.591386777569726,-1.003941171362624,-1.0094796994785247,1597411800000
1,1597671000000,1597681800000,1952.95,1947.5504367338622,1963.7491265322758,1963.7491265322758,target,5.399563266137875,3.184394467697134,2.0,1.9921921463047965,1597668300000
1,1597758300000,1597760940000,2008.29,2003.6626287061645,2017.544742587671,2003.6326287061645,stop,4.627371293835495,2.4696265895975933,-1.0064831624901027,-1.0155939507374525,1597757400000
-1,1597939500000,1597947960000,1932.05,1948.0445061576554,1900.060987684689,1948.0745061576554,stop,15.99450615765545,3.9540822444728962,-1.0018756440307857,-1.0045114865872515,1597938300000
-1,1599042000000,1599048540000,1961.1000000000001,1967.9176534719136,1947.4646930561732,1967.9476534719136,stop,6.817653471913445,3.4492960866813176,-1.0044003409858777,-1.0105841401733375,1599041700000
-1,1599498300000,1599527100000,1926.18,1932.934536192835,1912.6709276143304,1930.1299999999999,time,6.754536192834848,4.370844181496721,-0.5847921881283192,-0.591033771383839,1599495300000
1,1599733500000,1599746340000,1945.1,1942.205360273667,1950.8892794526655,1950.8892794526655,target,2.894639726332798,2.1499150400650593,2.0,1.9854354931923046,1599732900000
1,1600279500000,1600290660000,1966.6299999999999,1956.3127833016688,1987.264433396662,1956.2827833016688,stop,10.317216698331094,4.173349441190848,-1.0029077609666592,-1.0069940374531092,1600277400000
-1,1600962000000,1600966920000,1855.25,1861.9002168808177,1841.9495662383647,1861.9302168808176,stop,6.650216880817652,2.657781065402508,-1.0045111310710042,-1.010850623565092,1600961400000
-1,1601051100000,1601052300000,1858.2,1864.133245966627,1846.333508066746,1864.163245966627,stop,5.933245966627055,2.2538791544069965,-1.0050562542272332,-1.0121618082927706,1601050500000
1,1601575800000,1601604600000,1907.2,1895.9587279672412,1929.6825440655177,1905.21,time,11.241272032758843,4.302516390314864,-0.17702622925598052,-0.18077660553698696,1601572500000
-1,1602104400000,1602133020000,1885.38,1889.0767720337592,1877.986455932482,1889.1067720337592,stop,3.696772033759089,2.358055799310668,-1.0081151879872525,-1.0195194616657488,1602103500000
1,1602169200000,1602170580000,1892.6499999999999,1890.026054432099,1897.8978911358015,1897.8978911358015,target,2.623945567900819,2.3028061698551463,2.0,1.9839329746334153,1602168300000
1,1602189000000,1602217800000,1890.37,1881.7186045440094,1907.6727909119809,1902.96,time,8.651395455990496,4.520167634704259,1.4552565610999133,1.4503834744152897,1602188100000
1,1602857400000,1602863460000,1910.4699999999998,1905.7539671012983,1919.9020657974029,1905.7239671012983,stop,4.716032898701542,3.4668326145393316,-1.006361278779084,-1.0153007838473391,1602856800000
-1,1603727700000,1603731480000,1900.2,1906.4221315287757,1887.7557369424487,1906.4521315287757,stop,6.2221315287756624,3.8377060746648586,-1.0048214988483015,-1.0115971511798258,1603727100000
1,1604496900000,1604499540000,1893.26,1886.8333474679164,1906.1133050641672,1906.1133050641672,target,6.426652532083608,3.443110286447061,2.0,1.9934399751986698,1604493900000
-1,1605085800000,1605108300000,1879.42,1884.7512616224483,1868.7574767551037,1868.7574767551037,target,5.33126162244821,4.061553958424966,2.0,1.9920921157156344,1605085200000
-1,1605193500000,1605195300000,1869.1100000000001,1872.8344163397624,1861.6611673204757,1872.8644163397623,stop,3.7244163397622287,2.9935106167496897,-1.0080549533841558,-1.01937457937492,1605192300000
1,1605520500000,1605534780000,1891.9999999999998,1887.3771473754211,1901.245705249157,1887.3471473754212,stop,4.622852624578627,4.096362527524547,-1.006489499544171,-1.0156091932536027,1605519000000
1,1605631800000,1605634380000,1890.4599999999998,1885.9476009993678,1899.484798001264,1885.9176009993678,stop,4.512399000632058,2.229457154697245,-1.0066483482501816,-1.01599127204617,1605631500000
-1,1606251900000,1606261860000,1804.67,1808.5575685011518,1796.8948629976967,1808.5875685011517,stop,3.8875685011516907,3.0474360567424656,-1.007716905822003,-1.0185614735736734,1606250700000
1,1606323000000,1606324980000,1816.79,1810.3346593479937,1829.7006813040125,1810.3046593479937,stop,6.455340652006271,3.6815995481599915,-1.004647314776587,-1.0111781862321312,1606321800000
-1,1606418100000,1606444560000,1808.32,1812.1953189672631,1800.5693620654736,1812.225318967263,stop,3.8753189672631834,3.679602134318926,-1.0077412982656133,-1.0186201447182894,1606416300000
1,1606999800000,1607013600000,1838.7399999999998,1834.6358769966716,1846.948246006656,1834.6058769966717,stop,4.104123003328141,3.059969506709257,-1.0073097224365948,-1.0175820753767508,1606999500000
1,1608239400000,1608259740000,1885.4499999999998,1882.4083451747892,1891.533309650421,1882.3783451747893,stop,3.0416548252105713,2.0056432896116645,-1.0098630520962864,-1.0237235992072102,1608238800000
-1,1608308700000,1608335700000,1883.2,1889.9896310729453,1869.6207378541096,1880.9199999999998,time,6.7896310729452125,2.9567562376739946,0.3358061690693865,0.3295968478931606,1608306300000
1,1608828600000,1608842700000,1875.4599999999998,1869.3058429737919,1887.7683140524157,1878.53,time,6.15415702620794,3.341798655703844,0.4988497997250213,0.4919993082896448,1608827400000
1,1609156800000,1609158480000,1885.6299999999999,1881.173398765502,1894.5432024689956,1881.143398765502,stop,4.456601234497839,3.262489721179997,-1.0067315872391156,-1.0161914867862534,1609155000000
-1,1609177200000,1609206000000,1887.84,1896.8016882438042,1869.9166235123914,1875.5,time,8.961688243804247,3.707953726975554,1.3769726935693507,1.372268334429303,1609175700000
1,1609449300000,1609459140000,1895.2399999999998,1890.1050275509392,1905.509944898121,1898.16,time,5.1349724490605695,4.466263431814667,0.5686495943195385,0.5604394236870335,1609445700000
1,1609867800000,1609896600000,1946.79,1938.7178661725268,1962.9342676549463,1951.3500000000001,time,8.07213382747318,2.763162998716405,0.5649063924684199,0.5596836098806841,1609866900000
-1,1610037900000,1610063940000,1907.64,1920.1989475269052,1882.52210494619,1913.6599999999999,time,12.558947526905058,4.346445758306943,-0.4793395296144917,-0.4826964191874183,1610037000000
-1,1610100000000,1610100060000,1904.82,1911.8850643844676,1890.6898712310647,1890.6898712310647,target,7.065064384467632,4.556213477858543,2.0,1.9940327507711486,1610098200000
1,1610552100000,1610578440000,1857.81,1849.4390202643508,1874.5519594712982,1849.4090202643508,stop,8.370979735649144,3.7881209836064884,-1.003583809894105,-1.0086201379382955,1610550900000
-1,1611315300000,1611318660000,1860.56,1864.1202722809635,1853.4394554380729,1853.4394554380729,target,3.560272280963545,2.9601769023112947,2.0,1.988158489948811,1611314100000
-1,1611742800000,1611756960000,1848.26,1853.4140760604873,1837.9518478790253,1837.9518478790253,target,5.154076060487341,3.8441434225885898,2.0,1.991820260410357,1611742500000
1,1612885200000,1612888680000,1844.7299999999998,1838.8618558049443,1856.4662883901108,1838.8318558049443,stop,5.868144195055493,3.118961067771043,-1.0051123488112734,-1.0122967325957624,1612883700000
-1,1613417700000,1613442540000,1817.64,1821.0759117918792,1810.7681764162419,1821.1059117918792,stop,3.435911791879107,3.9993483044940588,-1.0087313068021357,-1.0210014122511883,1613414700000
-1,1614177600000,1614180000000,1807.3500000000001,1810.636753863672,1800.7764922726562,1800.7764922726562,target,3.2867538636719473,2.4034084123226007,2.0,1.9871730583582854,1614177000000
-1,1614357300000,1614359040000,1758.73,1767.4879323619614,1741.2141352760773,1741.2141352760773,target,8.757932361961366,2.8441091109007126,2.0,1.9951861925557781,1614354300000
1,1614763500000,1614766260000,1734.34,1730.3968265738981,1742.2263468522035,1730.3668265738982,stop,3.9431734261017937,3.4841866698909087,-1.0076080853561722,-1.0182997277072108,1614760200000
-1,1614977700000,1614988500000,1698.8,1705.5155015737398,1685.3689968525202,1701.1299999999999,time,6.715501573739857,3.435011516927196,-0.34695844746892857,-0.35323631063924743,1614976200000
1,1615915200000,1615919520000,1735.28,1730.0420678112607,1745.7558643774785,1730.0120678112607,stop,5.237932188739251,2.519057881559977,-1.0057274510090963,-1.0137762379121866,1615913100000
1,1616504700000,1616515740000,1739.1799999999998,1736.068594011554,1745.4028119768914,1736.038594011554,stop,3.1114059884457674,2.5628109686107545,-1.0096419432601782,-1.0231917661237189,1616503500000
-1,1617098400000,1617113040000,1703.03,1708.7579602624342,1691.5740794751316,1691.5740794751316,target,5.7279602624341805,4.151891393485859,2.0,1.9926397883245643,1617096600000
-1,1617201600000,1617205380000,1684.8700000000001,1689.308266847724,1675.9934663045522,1689.338266847724,stop,4.43826684772398,3.7527565274002255,-1.0067593952840752,-1.0162583734767947,1617198300000
-1,1617833400000,1617862200000,1737.3500000000001,1742.7624979447137,1726.525004110573,1737.6599999999999,time,5.41249794471355,5.280591683884433,-0.057274848538741464,-0.06506404318244145,1617831000000
1,1617977700000,1617981660000,1748.08,1743.4133749111318,1757.4132501777362,1743.3833749111318,stop,4.666625088868159,4.376667009992975,-1.0064286287046147,-1.0154627806232177,1617974100000
1,1618411200000,1618416720000,1744.1899999999998,1741.5859831526561,1749.3980336946872,1741.5559831526562,stop,2.6040168473437006,2.503456809006773,-1.0115206627908628,-1.0277106502108773,1618408800000
-1,1619173500000,1619182680000,1782.44,1787.1279628097639,1773.0640743804724,1787.1579628097638,stop,4.687962809763803,3.6635353806447193,-1.0063993681727788,-1.0153924002659929,1619172900000
-1,1619622300000,1619625480000,1765.71,1769.2495273894472,1758.6309452211058,1769.2795273894471,stop,3.53952738944713,2.7326478241778003,-1.0084757078273827,-1.0203866200372145,1619621100000
-1,1620227100000,1620229800000,1776.2,1780.3543111614158,1767.8913776771685,1780.3843111614158,stop,4.154311161415762,3.9826142332484697,-1.0072214138118987,-1.017369666641769,1620226800000
1,1621010400000,1621036500000,1839.83,1832.970229496043,1853.5495410079138,1842.5,time,6.859770503956952,3.1213335640779887,0.3892258492408638,0.38308001681459225,1621007100000
1,1621349400000,1621357020000,1869.9099999999999,1865.157576962942,1879.4148460741158,1865.127576962942,stop,4.752423037057952,4.639994256728528,-1.0063125693495807,-1.0151836230565543,1621348200000
1,1621519200000,1621529400000,1868.9999999999998,1865.0151377687207,1876.969724462558,1876.969724462558,target,3.9848622312790667,2.9547651655161613,2.0,1.989420211401771,1621516500000
-1,1621939500000,1621962240000,1883.68,1887.5001452576196,1876.039709484761,1887.5301452576196,stop,3.820145257619515,2.725846969427184,-1.0078531045226973,-1.018889072308454,1621937700000
1,1622472900000,1622491200000,1905.42,1901.944517529114,1912.3709649417724,1906.59,time,3.4754824708861634,3.639916770729304,0.3366439076591066,0.3245135055197885,1622470500000
-1,1622565600000,1622569500000,1907.15,1912.2640356358,1896.9219287284004,1896.9219287284004,target,5.114035635799837,2.6356167075768626,2.0,1.9917562170070005,1622565000000
-1,1622631300000,1622646000000,1898.33,1900.9530743614869,1893.083851277026,1900.9830743614868,stop,2.6230743614869425,2.131292277121354,-1.0114369613154872,-1.0275093230521561,1622630700000
-1,1623273000000,1623297540000,1890.72,1893.4274713463105,1885.305057307379,1885.305057307379,target,2.7074713463105127,3.4948035309140835,2.0,1.9844286440713583,1623270600000
-1,1623320100000,1623337320000,1883.1000000000001,1888.2559781560412,1872.788043687918,1872.788043687918,target,5.155978156041101,4.09275569516182,2.0,1.9918232780038831,1623317400000
-1,1623777000000,1623787080000,1862.8500000000001,1868.3993121016465,1851.7513757967074,1851.7513757967074,target,5.549312101646365,2.7842323952221726,2.0,1.9924028421491211,1623776400000
-1,1623838200000,1623867000000,1857.9,1861.6794912968835,1850.3410174062333,1856.28,time,3.779491296883407,3.7988159922220652,0.42862911242472784,0.4174744366526829,1623836700000
1,1624027500000,1624029360000,1793.6899999999998,1790.4864417393521,1800.0971165212952,1790.4564417393522,stop,3.2035582606476964,2.3986223278981607,-1.009364586987067,-1.0225246410800044,1624025700000
1,1624038000000,1624048200000,1778.4999999999998,1768.7107117566852,1798.078576486629,1768.6807117566852,stop,9.789288243314559,2.9728629679494363,-1.0030645741809125,-1.0073712202773528,1624036500000
-1,1624627800000,1624631340000,1781.6200000000001,1785.057800766788,1774.7443984664244,1785.087800766788,stop,3.437800766787859,3.9154564277123107,-1.0087265091944242,-1.0209898725653597,1624624200000
1,1624893600000,1624894440000,1776.7299999999998,1773.5910753927642,1783.007849214471,1773.5610753927642,stop,3.1389246072355945,2.639423984820126,-1.0095574133672467,-1.0229884463722503,1624892400000
-1,1625061600000,1625062080000,1756.73,1760.3467173132951,1749.4965653734098,1760.376717313295,stop,3.616717313295112,3.389063312803192,-1.0082948147176702,-1.0199515178404226,1625060700000
-1,1625067000000,1625071740000,1756.33,1762.1452037068836,1744.6995925862325,1762.1752037068836,stop,5.815203706883722,3.3191099722227055,-1.005158890644615,-1.012408679667499,1625063400000
1,1625680200000,1625709000000,1805.7099999999998,1796.7227458995803,1823.6845082008388,1804.69,time,8.987254100419477,3.6348250990220756,-0.11349406488374979,-0.11818504163025485,1625679900000
1,1625739300000,1625740080000,1799.1399999999999,1796.2440734030913,1804.931853193817,1804.931853193817,target,2.8959265969085664,2.498069186995588,2.0,1.985441965260789,1625737500000
1,1626104100000,1626107940000,1802.28,1798.1019064912355,1810.636187017529,1798.0719064912355,stop,4.178093508764505,3.261752721946948,-1.0071803084198667,-1.0172707958423148,1626101100000
-1,1626126300000,1626127080000,1805.21,1806.5322686107822,1802.5654627784356,1806.5622686107822,stop,1.3222686107822028,1.8296582658287017,-1.0226882796395098,-1.054572119016942,1626125400000
-1,1626389700000,1626400860000,1827.96,1830.456762255816,1822.966475488368,1830.486762255816,stop,2.4967622558160656,2.8777055556369917,-1.0120155613255084,-1.0289010296562606,1626388200000
-1,1626455700000,1626479700000,1817.91,1827.0083992053899,1799.7132015892205,1811.71,time,9.098399205389796,3.816455340322818,0.6814385541939323,0.6768048819348579,1626453900000
-1,1626951300000,1626952560000,1800.67,1803.6710471036229,1794.6679057927545,1794.6679057927545,target,3.0010471036227955,2.9699486635742676,2.0,1.985951903270993,1626948900000
1,1627410000000,1627438800000,1799.01,1794.3937119672019,1808.2425760655963,1799.56,time,4.616288032798138,2.4780378875994327,0.11914334549583444,0.11001068312718115,1627408800000
1,1627659000000,1627659420000,1828.87,1826.47218575609,1833.6656284878195,1826.44218575609,stop,2.3978142439098065,2.7305527408197094,-1.0125113945236457,-1.0300936572477408,1627657200000
-1,1628004300000,1628005920000,1808.34,1811.8341389445075,1801.3517221109848,1811.8641389445074,stop,3.49413894450754,3.061303010625622,-1.008585806253392,-1.0206514397812942,1628003700000
1,1628029800000,1628049720000,1811.12,1809.7417825183102,1813.8764349633793,1809.7117825183102,stop,1.3782174816897168,2.858335676993494,-1.0217672467506305,-1.0523567586093194,1628028900000
-1,1629284100000,1629295260000,1791.05,1794.0159144113172,1785.1181711773654,1785.1181711773654,target,2.9659144113172715,3.0922510711262476,2.0,1.9857854967631128,1629282600000
1,1629481800000,1629503700000,1783.19,1778.1028438049843,1793.3643123900315,1780.96,time,5.087156195015723,2.5802669779726,-0.43835886190892276,-0.4466462032807694,1629480600000
1,1629808200000,1629819780000,1803.27,1800.6110819728956,1808.5878360542088,1808.5878360542088,target,2.6589180271043915,2.9903025445936824,2.0,1.9841443024680563,1629804600000
1,1630521300000,1630550100000,1813.7599999999998,1808.4815931849923,1824.3168136300146,1813.32,time,5.278406815007429,2.9586351927081553,-0.08335848588798246,-0.09134555499378434,1630520100000
1,1630601400000,1630602300000,1812.9199999999998,1809.0041721234543,1820.751655753091,1808.9741721234543,stop,3.9158278765455634,2.51291871733679,-1.0076612151876394,-1.0184275208908389,1630601100000
1,1630927500000,1630927920000,1826.8999999999999,1824.6498126707045,1831.4003746585906,1824.6198126707045,stop,2.250187329295386,3.205973716165936,-1.0133322233262094,-1.0320679967665485,1630926900000
-1,1631137800000,1631161020000,1791.84,1793.6973876633363,1788.1252246733272,1788.1252246733272,target,1.8573876633363398,2.1254575216053215,2.0,1.9773019920223485,1631136600000
1,1631293500000,1631307000000,1796.3,1789.4006403967185,1810.098719206563,1789.3706403967185,stop,6.899359603281482,3.145227972732582,-1.0043482296510104,-1.010458796779581,1631292300000
1,1633387800000,1633409820000,1767.6599999999999,1763.512587146294,1775.9548257074116,1763.482587146294,stop,4.147412853705873,4.2575622168171465,-1.0072334250430763,-1.0173985572561206,1633385700000
-1,1633543800000,1633557840000,1756.51,1764.6673536512649,1740.1952926974702,1764.6973536512648,stop,8.157353651264884,3.7530327205401766,-1.0036776632818072,-1.0088458834917355,1633543200000
-1,1633966500000,1633970160000,1753.33,1758.1771463403718,1743.6357073192562,1758.2071463403718,stop,4.847146340371864,4.137684817969251,-1.0061892086381017,-1.0148869035372339,1633966200000
1,1634040600000,1634046720000,1758.4699999999998,1756.3306354002518,1762.7487291994958,1762.7487291994958,target,2.139364599747978,2.1530450534393024,2.0,1.9802936815889325,1634038200000
1,1634916000000,1634917320000,1794.6,1791.1797182462806,1801.4405635074386,1801.4405635074386,target,3.420281753719337,3.41067205833579,2.0,1.9876738224989345,1634915700000
1,1635502500000,1635506940000,1798.27,1792.851381047844,1809.1072379043121,1792.821381047844,stop,5.418618952156066,3.909002966674137,-1.0055364660746324,-1.0133168618493207,1635501600000
-1,1635776100000,1635780180000,1783.67,1788.3449895461374,1774.3200209077254,1788.3749895461374,stop,4.67498954613734,4.921583201765792,-1.006417126648927,-1.0154351147286722,1635772500000
1,1636059300000,1636074060000,1793.82,1790.7713398859435,1799.9173202281129,1790.5,stop,3.0486601140564744,2.5692374714882713,-1.0890029966582346,-1.1028316946510406,1636056000000
1,1636551600000,1636558320000,1825.52,1822.640500446726,1831.2789991065479,1822.610500446726,stop,2.879499553273945,2.8939823934156266,-1.0104184770460767,-1.0250595628389416,1636551000000
1,1636968900000,1636988760000,1859.18,1856.2813584069688,1864.9772831860626,1864.9772831860626,target,2.8986415930312432,3.2700693815525224,2.0,1.9854556009610307,1636967700000
-1,1637746800000,1637767620000,1792.19,1796.5856952005652,1783.3986095988698,1783.3986095988698,target,4.395695200565115,3.7993755826349225,2.0,1.9904090256315816,1637745300000
1,1637849700000,1637852640000,1792.42,1789.795262162276,1797.6694756754482,1789.765262162276,stop,2.6247378377240693,4.054410727951259,-1.011429712929344,-1.0274918885089652,1637847000000
-1,1638176700000,1638179100000,1792.92,1796.9651698723985,1784.8296602552032,1796.9951698723985,stop,4.045169872398446,3.5123507460373222,-1.00741625220851,-1.0178383114371383,1638176400000
-1,1638436800000,1638440880000,1775.55,1779.0951852269554,1768.459629546089,1768.459629546089,target,3.545185226955482,3.7245120281243755,2.0,1.988108096671664,1638435600000
1,1638789600000,1638790920000,1782.08,1778.876872628069,1788.486254743862,1778.846872628069,stop,3.203127371931032,2.4060621985287076,-1.009365846723069,-1.0225276711230096,1638787500000
1,1639747500000,1639756500000,1808.9399999999998,1805.7991432777717,1815.221713444456,1805.7691432777717,stop,3.1408567222281363,3.4569337801255977,-1.0095515340727452,-1.022974304905186,1639746900000
-1,1641301200000,1641306420000,1805.59,1808.8396080814287,1799.0907838371425,1799.0907838371425,target,3.2496080814287325,3.262394009416907,2.0,1.9870264355135823,1641300300000
1,1641377700000,1641396720000,1815.9699999999998,1812.3954817906683,1823.1190364186627,1823.1190364186627,target,3.5745182093314725,4.229287673736062,2.0,1.988205683247062,1641376800000
-1,1641501600000,1641530400000,1788.51,1793.7343524869764,1778.0612950260472,1790.43,time,5.224352486976386,4.568639148220481,-0.36750965881157077,-0.3755793669916939,1641498300000
1,1641807300000,1641821040000,1794.51,1791.2375821588043,1801.0548356823913,1801.0548356823913,target,3.2724178411956473,4.518800598263685,2.0,1.9871168652519642,1641806100000
1,1641908700000,1641916920000,1806.9299999999998,1804.2912950999478,1812.207409800104,1804.2612950999478,stop,2.638704900052062,3.352656439824775,-1.011369213737914,-1.0273463698038188,1641906900000
1,1642066500000,1642070040000,1826.9099999999999,1823.4022474753272,1833.9255050493452,1823.3722474753272,stop,3.5077525246726964,4.511432316094379,-1.0085524847573937,-1.02057129158697,1642065300000
1,1642172700000,1642178100000,1823.05,1819.3897827606525,1830.370434478695,1819.3597827606525,stop,3.660217239347503,3.0446691832300443,-1.0081962348238436,-1.0197144036218015,1642172400000
-1,1642530300000,1642559100000,1811.13,1820.4219354174204,1792.5461291651595,1813.41,time,9.29193541742029,4.601439180956254,-0.24537406875703044,-0.24991122900471804,1642528800000
-1,1642584000000,1642589100000,1812.83,1815.4128976201232,1807.6642047597534,1815.4428976201232,stop,2.5828976201232763,3.115768120102509,-1.0116148622253718,-1.0279372281107018,1642583700000
1,1642673700000,1642679400000,1841.52,1838.3766151554366,1847.8067696891267,1838.3466151554367,stop,3.143384844563343,3.3660545876116372,-1.0095438520841187,-1.0229558274179427,1642672800000
-1,1642785000000,1642809300000,1837.41,1843.4622873304259,1825.3054253391485,1834.66,time,6.05228733042577,3.5129033083676595,0.4543736689722795,0.4474078727867514,1642781700000
1,1643102700000,1643104800000,1843.03,1840.3871938351263,1848.3156123297474,1840.3571938351263,stop,2.6428061648737184,3.6299208582875884,-1.0113515703114027,-1.0273039320700315,1643102100000
-1,1643212800000,1643214180000,1844.01,1848.3518546228427,1835.3262907543146,1835.3262907543146,target,4.341854622842675,3.060777672118813,2.0,1.9902900940583779,1643211000000
-1,1643390700000,1643414100000,1784.8700000000001,1793.3703665345326,1767.869266930935,1791.8799999999999,time,8.500366534532532,3.144015789241141,-0.8246703211587182,-0.8296299896422747,1643390100000
-1,1644324900000,1644334560000,1818.59,1821.223712118107,1813.3225757637858,1821.253712118107,stop,2.6337121181070415,3.1461539591445606,-1.0113907665889978,-1.0273982108765312,1644324300000
1,1644415200000,1644418860000,1826.9999999999998,1825.639529939497,1829.7209401210055,1829.7209401210055,target,1.3604700605028484,2.249824209174825,2.0,1.9690114459524253,1644414300000
1,1644573000000,1644592500000,1824.9199999999998,1820.7508434927386,1833.2583130145224,1833.2583130145224,target,4.1691565072612775,4.2046221901219525,2.0,1.9898878826144875,1644570900000
1,1644830400000,1644853200000,1853.6399999999999,1850.7062730611883,1859.507453877623,1859.507453877623,target,2.93372693881156,3.1300786902962723,2.0,1.9856295419173953,1644830100000
1,1645020000000,1645021020000,1856.52,1853.8917050602302,1861.7765898795396,1853.8617050602302,stop,2.6282949397698303,3.356915462862205,-1.0114142440964407,-1.0274546813251832,1645016400000
1,1645107300000,1645111800000,1885.9399999999998,1882.657076184582,1892.5058476308357,1892.5058476308357,target,3.2829238154179166,2.4697785006345985,2.0,1.987158093708418,1645105500000
-1,1645452000000,1645473660000,1894.59,1898.8901516520389,1885.989696695922,1898.9201516520388,stop,4.300151652038949,3.5789367678865074,-1.0069764981394895,-1.0167805709749231,1645451100000
1,1645540800000,1645569600000,1899.87,1891.1814887603323,1917.247022479335,1900.1200000000001,time,8.688511239667605,4.60901496111722,0.028773629118282823,0.023921359398296493,1645538400000
-1,1646244600000,1646273400000,1920.98,1936.0679665985788,1890.8040668028425,1929.28,time,15.08796659857876,4.214909060922501,-0.550107262351826,-0.5529014758546563,1646242200000
1,1646333100000,1646361120000,1930.01,1923.1052989951788,1943.8194020096423,1943.8194020096423,target,6.904701004821163,2.9419136957182395,2.0,1.9938941599396465,1646332200000
1,1646390400000,1646404380000,1939.1399999999999,1933.7888171965606,1949.8423656068785,1949.8423656068785,target,5.351182803439315,3.1260048882941565,2.0,1.9921215548882196,1646389800000
1,1646753700000,1646759160000,2017.11,2003.2246169648658,2044.880766070268,2044.880766070268,target,13.885383035134055,3.6030083758887175,2.0,1.9969637855942952,1646752500000
1,1647513300000,1647522060000,1934.9899999999998,1929.9509697251638,1945.0680605496718,1945.0680605496718,target,5.039030274836023,3.168598104999974,2.0,1.991633509286393,1647513000000
-1,1647606900000,1647612360000,1930.51,1937.451011921747,1916.6279761565058,1937.481011921747,stop,6.9410119217470765,4.0587883293963225,-1.0043221363596826,-1.0103960345859497,1647603900000
-1,1647966600000,1647993540000,1924.22,1931.1238211835616,1910.4123576328768,1921.55,time,6.903821183561604,3.387195120210759,0.38674234587035605,0.3806357276832595,1647964800000
1,1649341200000,1649370000000,1928.8500000000001,1923.4557041342796,1939.6385917314412,1931.74,time,5.394295865720551,4.339883578955927,0.5357511104211257,0.5279356325442243,1649340900000
1,1649767200000,1649776200000,1952.4499999999998,1949.4588467772464,1958.4323064455066,1958.4323064455066,target,2.9911532227533826,2.28065552638225,2.0,1.9859054361778257,1649766600000
-1,1650382800000,1650384240000,1975.32,1982.279138559796,1961.401722880408,1961.401722880408,target,6.959138559795974,3.67938646001696,2.0,1.99394192260468,1650382200000
1,1650971100000,1650978360000,1898.9699999999998,1895.4796931897804,1905.9506136204386,1905.9506136204386,target,3.4903068102194084,1.9357598340121478,2.0,1.987921119175953,1650970800000
1,1651003500000,1651007460000,1904.69,1900.0474025541193,1913.9751948917615,1900.0174025541194,stop,4.64259744588071,3.042382144135852,-1.006461899906181,-1.0155428078443454,1651000500000
-1,1651584900000,1651588500000,1856.46,1861.1996835218945,1846.9806329562111,1861.2296835218945,stop,4.739683521894449,3.3931586615295184,-1.006329536531583,-1.0152244342194245,1651583700000
-1,1651591200000,1651594320000,1862.14,1865.7978965027646,1854.824206994471,1865.8278965027646,stop,3.6578965027645154,2.178661522146617,-1.0082014348895054,-1.0197269113397378,1651590900000
-1,1651683000000,1651698060000,1864.58,1871.2081507878313,1851.3236984243372,1871.2381507878313,stop,6.628150787831373,3.0383345637783217,-1.0045261492926578,-1.0108867468936358,1651681800000
1,1651876800000,1651879320000,1884.12,1880.5107236828874,1891.338552634225,1880.4807236828874,stop,3.609276317112517,2.5914501416567277,-1.0083119155653821,-1.0199926505094243,1651875300000
-1,1652201400000,1652222580000,1856.3500000000001,1864.8653908550227,1839.319218289955,1839.319218289955,target,8.515390855022588,3.9534597948070007,2.0,1.995049082218565,1652201100000
1,1653060000000,1653062520000,1845.4299999999998,1840.9431281912432,1854.403743617513,1840.9131281912432,stop,4.486871808756632,3.0549578212028816,-1.0066861727454357,-1.0160822513046053,1653058800000
1,1653408000000,1653436740000,1860.2099999999998,1853.8036834707723,1873.0226330584549,1866.3700000000001,time,6.406316529227524,4.378395635161103,0.9615509898545528,0.9549701411238262,1653407100000
-1,1654084200000,1654097880000,1831.95,1837.42038027074,1821.0092394585201,1837.45038027074,stop,5.470380270739952,4.195711697555967,-1.0054840794451598,-1.0131908562894498,1654082100000
-1,1654783500000,1654788780000,1848.03,1851.1085867248971,1841.8728265502057,1851.138586724897,stop,3.07858672489715,3.1227193398701476,-1.009744731164257,-1.0234390018693995,1654781400000
-1,1654856400000,1654856940000,1843.91,1846.3393866433655,1839.0512267132692,1846.3693866433655,stop,2.429386643365433,2.7178407778777003,-1.0123487959736264,-1.0297025589553792,1654856100000
-1,1655203500000,1655225640000,1826.59,1831.8753797523161,1816.0192404953675,1816.0192404953675,target,5.285379752316203,3.1959049873350502,2.0,1.9920234681374551,1655201700000
1,1655326500000,1655327040000,1820.62,1816.2205446861553,1829.418910627689,1816.1905446861554,stop,4.399455313844555,3.1547419689932084,-1.006819025961138,-1.016401803144334,1655325900000
1,1655480100000,1655483700000,1850.35,1844.3247540998373,1862.4004918003252,1844.2947540998373,stop,6.025245900162645,3.2525663968095104,-1.0049790499005464,-1.0119761087257908,1655478900000
-1,1655837100000,1655865900000,1835.1100000000001,1843.9324038472996,1817.4651923054012,1831.8300000000002,time,8.822403847299483,4.836742194813226,0.371780759163952,0.36700212958297845,1655833500000
-1,1655897100000,1655904840000,1823.82,1830.6576529391546,1810.1446941216907,1830.6876529391545,stop,6.837652939154623,4.3371553843684625,-1.0043874704181288,-1.0105531825967309,1655894700000
-1,1656702600000,1656712140000,1805.03,1809.0964324691392,1796.8971350617214,1809.1264324691392,stop,4.066432469139272,1.8788458521538955,-1.0073774740457753,-1.0177450383223126,1656702000000
1,1658139600000,1658158260000,1717.1,1711.7255653583843,1727.8488692832311,1711.6955653583843,stop,5.374434641615608,3.9978048641533546,-1.0055819824782453,-1.0134263424549304,1658137500000
1,1658160000000,1658167980000,1717.28,1711.3029721833143,1729.2340556333713,1711.2729721833143,stop,5.977027816685677,3.578462519168972,-1.0050192170624042,-1.0120727228002069,1658157300000
-1,1658918700000,1658920080000,1718.08,1722.066535788445,1710.1069284231098,1722.096535788445,stop,3.986535788445053,3.7419686347892913,-1.0075253306610032,-1.018100677838921,1658916900000
1,1659045300000,1659074100000,1753.09,1750.2220571329347,1758.8258857341305,1754.45,time,2.867942867065267,2.6569081821156444,0.4742074940257787,0.4595074103929619,1659044700000
1,1659116100000,1659138900000,1758.2499999999998,1751.858838702421,1771.0323225951572,1765.8600000000001,time,6.391161297578719,2.889819044988085,1.1907069225249236,1.1841104687605708,1659114900000
1,1659367200000,1659367920000,1774.47,1770.0618071326337,1783.2863857347327,1770.0318071326337,stop,4.408192867366324,3.189884508062218,-1.0068055098546302,-1.016369292853351,1659366900000
1,1659439200000,1659453780000,1773.2199999999998,1768.6584241874318,1782.3431516251358,1782.3431516251358,target,4.56157581256798,3.466880214177921,2.0,1.990757799117611,1659437100000
1,1660059600000,1660088400000,1793.11,1787.8607743895418,1803.608451220916,1794.5,time,5.249225610458097,3.2967219251697277,0.26480096363752886,0.2567694932591161,1660059000000
1,1660125900000,1660145400000,1790.8799999999999,1787.4915166998383,1797.6569666003231,1787.4615166998383,stop,3.3884833001616244,4.317457717987372,-1.0088535186224887,-1.0212953683426833,1660122900000
-1,1660676100000,1660704900000,1773.8500000000001,1778.8808073890336,1763.7883852219331,1775.93,time,5.030807389033498,3.57282911327139,-0.4134525214648557,-0.4218326872592968,1660672800000
-1,1660926900000,1660930620000,1754.57,1758.3756013717564,1746.958797256487,1746.958797256487,target,3.8056013717564383,2.298049425188075,2.0,1.9889218560007662,1660926600000
-1,1661207700000,1661225580000,1735.44,1738.0429555669627,1730.2340888660747,1738.0729555669627,stop,2.6029555669626916,3.137770811852975,-1.0115253600102667,-1.027721948432709,1661206500000
1,1661360100000,1661364960000,1746.6999999999998,1742.7997257048687,1754.500548590262,1754.500548590262,target,3.900274295131112,2.4334995776665753,2.0,1.9891907602363688,1661359500000
-1,1661768400000,1661779560000,1721.56,1726.058239233236,1712.5635215335278,1726.088239233236,stop,4.498239233236063,4.155830652846288,-1.006669276231089,-1.0160416101186465,1661767200000
1,1662400200000,1662402240000,1712.35,1710.3127330511218,1716.4245338977562,1710.2827330511218,stop,2.037266948878141,2.3345229494850437,-1.0147256107092362,-1.0354195114389444,1662398100000
-1,1663068600000,1663069800000,1722.5,1725.5864918512827,1716.3270162974345,1725.6164918512827,stop,3.0864918512827444,2.8983361769965295,-1.0097197729478873,-1.0233789698715658,1663065900000
1,1663184700000,1663185540000,1703.55,1701.2574407686902,1708.1351184626194,1701.2274407686903,stop,2.292559231309724,2.2353514179390714,-1.013085812392657,-1.0314753045480742,1663183800000
-1,1663342500000,1663348080000,1661.34,1668.0861244007601,1647.8477511984795,1668.11612440076,stop,6.746124400760209,4.060887124281011,-1.0044469977453414,-1.010696363676875,1663339500000
1,1663842900000,1663845600000,1660.85,1655.5087639168853,1671.5324721662291,1671.5324721662291,target,5.341236083114609,3.531720719757879,2.0,1.9921068832487525,1663841700000
1,1663857600000,1663861380000,1670.4499999999998,1664.530425638062,1682.2891487238753,1682.2891487238753,target,5.919574361937748,2.4708713879284843,2.0,1.9928780352399866,1663857000000
1,1664556600000,1664570760000,1670.1299999999999,1661.7293038237042,1686.9313923525913,1661.6993038237042,stop,8.400696176295696,3.3509470708395988,-1.0035711326026318,-1.0085896452491145,1664555400000
-1,1664810400000,1664810520000,1663.93,1667.661146206643,1656.4677075867141,1667.691146206643,stop,3.7311462066429613,2.46856754761768,-1.0080404246680446,-1.0193396334540576,1664810100000
1,1665657900000,1665662520000,1669.76,1666.8837594931576,1675.5124810136847,1675.5124810136847,target,2.8762405068423504,2.707291778182442,2.0,1.9853423245032162,1665656100000
-1,1666205100000,1666233900000,1631.48,1638.0025319309348,1618.4349361381305,1626.9699999999998,time,6.522531930934747,4.013077241758919,0.6914492788621562,0.6849856845944072,1666201500000
-1,1666363500000,1666367940000,1623.63,1628.3218710074473,1614.2462579851058,1628.3518710074472,stop,4.691871007447162,3.307138711327243,-1.0063940376775822,-1.0153795788258966,1666361700000
-1,1666619400000,1666622940000,1647.41,1650.5554925065635,1641.1190149868733,1650.5854925065635,stop,3.1454925065634143,2.1619618637808085,-1.0095374571509468,-1.0229404456851845,1666618200000
-1,1667240100000,1667268900000,1637.77,1642.3386142736026,1628.6327714527947,1633.6000000000001,time,4.568614273602634,3.074142316783624,0.9127494137760821,0.9035214515373802,1667239200000
-1,1667841900000,1667870700000,1675.8500000000001,1682.1530466273798,1663.2439067452408,1674.3899999999999,time,6.303046627379672,3.443410412741809,0.23163401547089948,0.22494534529402557,1667840400000
1,1668008100000,1668013920000,1709.31,1702.8868740796347,1722.1562518407304,1722.1562518407304,target,6.423125920365237,3.710089111332588,2.0,1.9934363734227396,1668007800000
1,1668163800000,1668171900000,1763.27,1755.2610822487645,1779.287835502471,1755.2310822487646,stop,8.008917751235458,4.026245873730466,-1.00374582445866,-1.0090098315704192,1668161700000
1,1668540900000,1668544680000,1772.27,1767.8784510756846,1781.0530978486308,1781.0530978486308,target,4.39154892431543,2.4189341472973367,2.0,1.9903999703233246,1668539700000
-1,1668766800000,1668771540000,1762.15,1767.128018429272,1752.1939631414562,1767.158018429272,stop,4.97801842927197,4.218000917290388,-1.0060264943624084,-1.0144955268899087,1668765600000
1,1669287900000,1669316700000,1757.1599999999999,1752.2748120182912,1766.9303759634172,1757.01,time,4.885187981708668,4.644245380836716,-0.030705062028626134,-0.039335026762399646,1669284900000
-1,1669628100000,1669630620000,1750.42,1754.2844820997057,1742.691035800589,1754.3144820997056,stop,3.864482099705583,3.3756212627426585,-1.0077630065881942,-1.0186723597465932,1669626900000
1,1670425200000,1670431080000,1775.1899999999998,1770.695469647685,1784.1790607046294,1784.1790607046294,target,4.494530352314769,4.2997371125083195,2.0,1.9906199320740403,1670422500000
1,1670531700000,1670560500000,1790.31,1786.5054559370788,1797.9190881258423,1793.04,time,3.8045440629211953,3.63917754544435,0.7175629864840826,0.706481763792807,1670530500000
-1,1671113400000,1671119040000,1777.44,1781.1615104081325,1769.9969791837352,1781.1915104081324,stop,3.721510408132417,2.62984925084042,-1.0080612430733542,-1.019389707964349,1671112800000
-1,1671198600000,1671202920000,1782.56,1785.6749214139536,1776.3301571720926,1785.7049214139536,stop,3.1149214139536525,2.149386573713062,-1.0096310615945507,-1.0231655924533851,1671198300000
1,1671469200000,1671472020000,1792.55,1788.7763951132843,1800.0972097734314,1788.7463951132843,stop,3.7736048867157024,2.8244512453665713,-1.0079499579051274,-1.0191220337492128,1671468300000
1,1671615000000,1671643800000,1815.2199999999998,1811.742246475361,1822.1755070492773,1819.26,time,3.4777535246387288,3.227507904073979,1.1616694430407828,1.1495469623355465,1671614100000
-1,1671795300000,1671796440000,1796.13,1798.4715744072334,1791.4468511855334,1798.5015744072334,stop,2.341574407233338,2.5570183613212594,-1.0128118926766965,-1.0308164454552744,1671795000000
-1,1671802800000,1671809400000,1797.04,1799.880450011101,1791.359099977798,1799.910450011101,stop,2.840450011100984,3.1403534134827127,-1.0105617067305277,-1.0254040731989518,1671801300000
-1,1671809700000,1671810000000,1795.7,1800.077624718688,1786.9447505626242,1800.107624718688,stop,4.377624718687912,3.4300759004073065,-1.0068530314788986,-1.0164835966162034,1671809400000
1,1672405500000,1672416420000,1816.87,1813.328746953452,1823.9525060930955,1823.9525060930955,target,3.5412530465478085,3.4974286377318875,2.0,1.9880948919927937,1672404300000
1,1672427400000,1672444500000,1818.45,1814.1343377502599,1827.0813244994804,1824.27,time,4.315662249740171,2.7724527025306327,1.3485763396684565,1.3388075029151776,1672425900000
1,1673019300000,1673024580000,1840.09,1833.7656763506782,1852.7386472986434,1852.7386472986434,target,6.324323649321741,3.2545311244355792,2.0,1.9933338326218455,1673019000000
1,1673346300000,1673362200000,1874.44,1870.4172533793467,1882.4854932413068,1870.3872533793467,stop,4.022746620653379,3.2772768808173423,-1.0074575912502042,-1.0179377442341253,1673343900000
1,1674121800000,1674149160000,1911.7099999999998,1906.224124989943,1922.6817500201134,1922.6817500201134,target,5.485875010056816,4.037442210865076,2.0,1.992314990785843,1674118800000
-1,1674662100000,1674664020000,1922.6200000000001,1927.8801638307448,1912.0996723385108,1927.9101638307448,stop,5.260163830744659,3.5029499478362327,-1.005703244416957,-1.0137180137961135,1674658800000
-1,1674668400000,1674675060000,1929.26,1939.0221317694127,1909.7357364611746,1939.0521317694127,stop,9.76213176941269,4.205426854805283,-1.00307309926854,-1.007391725670623,1674666900000
-1,1674747300000,1674748320000,1934.33,1938.4477943577192,1926.0944112845614,1938.4777943577192,stop,4.117794357719276,2.454072004380289,-1.0072854536661682,-1.0175237017032437,1674747000000
-1,1674835200000,1674863700000,1928.7,1935.2641367655165,1915.5717264689672,1928.86,time,6.564136765516423,3.7695295109243605,-0.02437487299783077,-0.030797499689808785,1674834300000
1,1675273500000,1675278240000,1930.1499999999999,1922.5011414575324,1945.4477170849348,1922.4711414575324,stop,7.648858542467451,3.6622196306176447,-1.0039221538525531,-1.0094339566615511,1675271700000
1,1675328700000,1675351260000,1954.9099999999999,1951.100089981638,1962.5298200367238,1951.070089981638,stop,3.809910018361961,3.4663901208818686,-1.0078742017148403,-1.0189398173847153,1675327500000
-1,1675703700000,1675732500000,1870.27,1876.0803534428262,1858.6492931143475,1868.04,time,5.8103534428262265,2.6368335199571407,0.38379765051182824,0.37654180963831796,1675701000000
1,1675769100000,1675775040000,1877.52,1870.9112454785798,1890.7375090428404,1870.8812454785798,stop,6.608754521420224,3.9161940467153227,-1.0045394332476318,-1.0109186987905348,1675768500000
1,1675779000000,1675783920000,1870.7299999999998,1865.8507584830393,1880.4884830339208,1865.8207584830393,stop,4.879241516960519,2.883005071439152,-1.006148496625078,-1.0147889789323081,1675777500000
1,1675935600000,1675963680000,1881.84,1876.7071917818216,1892.1056164363565,1876.6771917818216,stop,5.1328082181782975,3.8648272588736976,-1.0058447537341693,-1.0140583861568049,1675935000000
1,1676057400000,1676073300000,1861.9199999999998,1856.2393766887285,1873.2812466225425,1865.22,time,5.680623311271347,3.329335991039685,0.5809221663144617,0.5735006215842647,1676053800000
1,1676538900000,1676561460000,1838.59,1834.0502074408334,1847.6695851183329,1834.0202074408335,stop,4.539792559166472,3.497729444826234,-1.0066082314574922,-1.0158947791247144,1676537100000
-1,1676583600000,1676588400000,1842.45,1845.5125149944176,1836.3249700111649,1836.3249700111649,target,3.0625149944175973,2.14890721284231,2.0,1.9862338633192498,1676582100000
1,1676905500000,1676906280000,1844.1499999999999,1842.7032057810577,1847.0435884378842,1842.6732057810577,stop,1.4467942189421592,1.8839884549519823,-1.0207354989446304,-1.0498750956115463,1676905200000
1,1677071400000,1677085980000,1836.6699999999998,1831.9232098753496,1846.1635802493004,1831.8932098753496,stop,4.746790124650261,3.7438169082509494,-1.006320060338076,-1.0152016411311822,1677069000000
-1,1677144000000,1677154980000,1830.8500000000001,1834.0363336941298,1824.4773326117408,1824.4773326117408,target,3.186333694129644,2.996541895967653,2.0,1.9867688057664294,1677143700000
-1,1677166500000,1677169140000,1823.77,1828.697185917852,1813.9156281642959,1828.727185917852,stop,4.927185917852057,3.1346229898832427,-1.0060886681566608,-1.0146450735172237,1677163500000
-1,1677488400000,1677491580000,1807.94,1811.8987781099145,1800.0224437801712,1811.9287781099144,stop,3.9587781099144195,4.007748390140935,-1.0075780958586287,-1.0182275939687695,1677485700000
-1,1677759000000,1677764040000,1830.63,1835.440673685715,1821.0086526285704,1835.470673685715,stop,4.810673685714846,3.681440268095206,-1.00623613280798,-1.0149997702430424,1677755700000
1,1678747200000,1678768740000,1913.62,1907.7488703706179,1925.362259258764,1907.7188703706179,stop,5.87112962938204,3.4308083588917038,-1.0051097492124579,-1.0122904797807313,1678746600000
-1,1679492100000,1679507220000,1942.17,1945.8835159081902,1934.7429681836197,1945.9135159081902,stop,3.7135159081901747,2.4189779104777354,-1.0080785974105584,-1.0194314503516264,1679489100000
-1,1679946600000,1679973240000,1956.25,1959.7322952185818,1949.2854095628363,1959.7622952185818,stop,3.4822952185818394,2.0211212169694313,-1.008615007665028,-1.0207216779367028,1679944500000
1,1680086700000,1680115500000,1964.17,1958.486976925241,1975.5360461495184,1966.8600000000001,time,5.683023074759149,3.9735008384678143,0.47333962305160254,0.4659212122083936,1680084900000
-1,1680172200000,1680190020000,1967.27,1971.8264117096753,1958.1571765806493,1971.8564117096753,stop,4.556411709675331,3.340191044101496,-1.0065841284571078,-1.0158368041778898,1680171300000
-1,1680193500000,1680202860000,1967.8500000000001,1975.5654951230777,1952.419009753845,1975.5954951230776,stop,7.715495123077517,3.9466432725340663,-1.0038882793030666,-1.0093524782076708,1680191100000
1,1680620700000,1680626700000,1983.04,1978.36225225233,1992.3954954953397,1992.3954954953397,target,4.677747747669855,3.9726855419657885,2.0,1.9909873293144118,1680618600000
1,1680705000000,1680708720000,2024.2199999999998,2021.413890210883,2029.8322195782334,2029.8322195782334,target,2.8061097891168174,2.91969196363578,2.0,1.9849759976735377,1680703200000
-1,1682592300000,1682609460000,2000.42,2003.5167897094002,1994.2264205811998,1994.2264205811998,target,3.0967897094001273,2.2639054669929837,2.0,1.986386224459469,1682591400000
-1,1682694900000,1682695980000,1981.88,1984.9727376842404,1975.6945246315195,1985.0027376842404,stop,3.092737684240319,2.7433042509939676,-1.0097001437117812,-1.02333175566996,1682692200000
1,1682936700000,1682940660000,1981.2499999999998,1978.8518878522655,1986.0462242954684,1978.8218878522655,stop,2.3981121477343095,2.4442560917372136,-1.012509840304306,-1.0300899188839634,1682936100000
1,1683147900000,1683148260000,2029.36,2022.0212115066838,2044.037576986632,2021.9912115066838,stop,7.338788493316088,3.0733426018146854,-1.0040878681852319,-1.0098325493459435,1683147600000
1,1683546900000,1683563880000,2022.9499999999998,2019.825024342906,2029.1999513141873,2019.7950243429061,stop,3.124975657093728,2.9768574387673574,-1.0096000747819818,-1.023091059873113,1683544500000
1,1683632700000,1683661500000,2025.8799999999999,2021.28076762856,2035.0784647428798,2029.68,time,4.599232371439939,3.857368863748863,0.8262248334302945,0.8170583037585614,1683631800000
-1,1683757800000,1683776880000,2030.38,2034.4010874183382,2022.337825163324,2034.4310874183382,stop,4.021087418338084,3.6197505338488987,-1.0074606684408696,-1.017945145800833,1683756000000
1,1683808800000,1683814860000,2026.27,2021.446609751243,2035.916780497514,2035.916780497514,target,4.82339024875705,2.9520673880204003,2.0,1.991259467340246,1683807300000
-1,1683889800000,1683906180000,2008.43,2012.8284350394033,1999.6331299211936,2012.8584350394033,stop,4.398435039403239,3.4246379024234943,-1.0068206077232513,-1.016405607756745,1683887400000
-1,1684363200000,1684383960000,1982.1000000000001,1984.7207164822107,1976.858567035579,1984.7507164822107,stop,2.6207164822105824,2.8889088491374504,-1.0114472512397326,-1.0275340734069434,1684360800000
-1,1684836900000,1684858620000,1958.99,1964.7983767152962,1947.3732465694077,1964.8283767152961,stop,5.808376715296163,4.524478369683434,-1.0051649542497767,-1.0124232644569944,1684834200000
-1,1685028000000,1685028900000,1959.34,1963.2503650772553,1951.5192698454891,1951.5192698454891,target,3.910365077255392,3.248753846562041,2.0,1.9892186537146577,1685027700000
1,1685486100000,1685503080000,1960.15,1957.606798213089,1965.2364035738224,1957.576798213089,stop,2.5432017869111405,3.056667268011936,-1.011796154026932,-1.0283732892809947,1685483100000
1,1685543400000,1685551440000,1959.74,1954.7215564638302,1969.7768870723396,1969.7768870723396,target,5.018443536169798,4.2369923243237935,2.0,1.9915991881354957,1685539800000
-1,1686065700000,1686094500000,1962.08,1966.592493306431,1953.055013387138,1963.2,time,4.512493306430997,3.4058273794946876,-0.24819981414796694,-0.25754254268784466,1686065400000
-1,1687201200000,1687223820000,1950.6100000000001,1953.6363065747018,1944.5573868505967,1953.6663065747018,stop,3.026306574701721,3.965984040721248,-1.0099130736623831,-1.023843916080143,1687198500000
-1,1687385100000,1687413900000,1934.82,1937.833542879453,1928.7929142410937,1933.17,time,3.013542879453098,2.654101158940002,0.5475282967598948,0.5335384510246812,1687383900000
-1,1687444800000,1687447920000,1925.39,1929.9750622210747,1916.2198755578509,1930.0050622210747,stop,4.585062221074622,3.6662248452556345,-1.0065429864532878,-1.0157378453161015,1687443300000
1,1687529100000,1687533900000,1918.59,1916.450561654732,1922.868876690536,1922.868876690536,target,2.1394383452679904,2.392081761860073,2.0,1.9802943608572563,1687527000000
-1,1688394900000,1688397900000,1912.25,1914.5117764897993,1907.7264470204013,1914.5417764897993,stop,2.261776489799331,2.7658028552555933,-1.013263910088054,-1.0319036829348132,1688392800000
-1,1688565300000,1688571900000,1926.8700000000001,1929.7379940173864,1921.1340119652275,1929.7679940173864,stop,2.8679940173863088,3.6771974485807903,-1.0104602728660197,-1.0251600943246504,1688563800000
1,1689160800000,1689171660000,1935.3000000000002,1933.614617089201,1938.6707658215987,1933.584617089201,stop,1.6853829107992624,1.9739112839160167,-1.0178001092854,-1.0428146028641958,1689160500000
1,1689172800000,1689175800000,1936.2399999999998,1933.4000039559385,1941.9199920881224,1933.3700039559385,stop,2.8399960440613086,3.5501706082827984,-1.0105633949958155,-1.0254081339834482,1689172200000
-1,1689632400000,1689651420000,1955.15,1956.5510315679921,1952.347936864016,1956.581031567992,stop,1.4010315679920495,2.295585078474395,-1.021412793748087,-1.0515041928023012,1689632100000
1,1690464000000,1690471560000,1976.6000000000001,1973.4833853615526,1982.8332292768953,1973.4533853615526,stop,3.1166146384475724,2.923252082295931,-1.0096258291384128,-1.0231530068266368,1690462800000
-1,1692117300000,1692120780000,1900.53,1907.787178719373,1886.0156425612538,1907.817178719373,stop,7.257178719373087,3.1944799844806475,-1.00413383783975,-1.0099431201559559,1692117000000
-1,1692624300000,1692628440000,1887.44,1891.0721858807863,1880.1756282384276,1891.1021858807862,stop,3.63218588078621,4.419476734984555,-1.00825948918492,-1.0198665493364985,1692621000000
1,1692915900000,1692918780000,1918.1999999999998,1916.6438885472178,1921.3122229055639,1916.6138885472178,stop,1.5561114527820337,2.3537698648154186,-1.019278824756632,-1.0463713571871514,1692914400000
1,1692959700000,1692982980000,1915.35,1912.7242217070652,1920.6015565858693,1912.6942217070653,stop,2.625778292934683,3.4650797626137613,-1.011425183946678,-1.027480994946959,1692957600000
-1,1693822800000,1693844640000,1943.8600000000001,1946.4355856574355,1938.7088286851294,1938.7088286851294,target,2.57558565743534,3.927056246958752,2.0,1.9836312957100484,1693819800000
1,1694205600000,1694217300000,1920.03,1917.2409836977101,1925.6080326045796,1918.95,time,2.7890163022898378,3.5296720062376683,-0.3872333048441581,-0.4023493871579784,1694202300000
1,1694448000000,1694453460000,1927.32,1924.085862522937,1933.7882749541257,1924.055862522937,stop,3.234137477062859,3.435547220903806,-1.0092760435240427,-1.0223116674883916,1694444400000
-1,1694618100000,1694619060000,1910.78,1913.232570298564,1905.8748594028718,1913.262570298564,stop,2.452570298564069,3.9197036850408264,-1.0122320652816912,-1.0294217866220676,1694614500000
1,1695399000000,1695426900000,1926.4799999999998,1924.0536348414269,1931.3327303171457,1925.06,time,2.426365158572935,2.809425928994244,-0.5852375496666864,-0.6026129228049967,1695397500000
-1,1696347300000,1696351500000,1824.77,1829.974085989834,1814.3618280203318,1830.004085989834,stop,5.204085989834084,3.6117918166935565,-1.0057647010557813,-1.0138658354494778,1696347000000
1,1697475000000,1697500740000,1921.11,1914.1847160563675,1934.9605678872647,1920.1000000000001,time,6.925283943632394,3.546263873419391,-0.14584239552060974,-0.15193008814709966,1697474700000
1,1697626800000,1697642640000,1939.7499999999998,1934.9687825094743,1949.3124349810507,1949.3124349810507,target,4.781217490525478,3.944329708354841,2.0,1.9911823714182544,1697623200000
1,1697739300000,1697746800000,1954.6799999999998,1949.5460892496706,1964.9478215006584,1964.9478215006584,target,5.133910750329278,2.7915229213815818,2.0,1.991788131494632,1697737500000
1,1697798100000,1697815500000,1980.6899999999998,1973.9150188405838,1994.2399623188319,1973.8850188405838,stop,6.774981159416029,5.019205042186523,-1.0044280565944126,-1.010650804526546,1697795100000
-1,1698065400000,1698094200000,1978.48,1983.024541327546,1969.3909173449078,1977.4399999999998,time,4.544541327546085,3.649022711646779,0.22884597697382136,0.21956913318224677,1698063300000
-1,1698183300000,1698212100000,1973.17,1977.7834036995357,1963.9431926009288,1975.67,time,4.613403699535638,4.068124513060591,-0.541899248975683,-0.5510376211507093,1698181200000
-1,1698766500000,1698771240000,1998.42,2001.7144929251483,1991.8310141497036,2001.7444929251483,stop,3.2944929251482336,2.8774641934214826,-1.0091061054558563,-1.021902915452983,1698765300000
-1,1699524600000,1699545360000,1948.51,1950.6715296954756,1944.1869406090489,1950.7015296954755,stop,2.161529695475565,3.021863410858876,-1.0138790598448717,-1.0333833026448875,1699522200000
1,1699561200000,1699565640000,1963.6,1958.1345799355317,1974.5308401289362,1958.1045799355318,stop,5.465420064468162,3.115618547419973,-1.005489056585972,-1.0132028278062455,1699560900000
-1,1700761800000,1700790600000,1991.98,1995.062435552797,1985.815128894406,1994.19,time,3.082435552797051,4.255418000924916,-0.7169655170875016,-0.7306426886869999,1700758800000
1,1701111000000,1701139800000,2009.59,2005.5229761788216,2017.7240476423565,2017.24,time,4.067023821178282,2.2974443744953454,1.8809823439351687,1.870616287119749,1701110700000
-1,1702372800000,1702375140000,1986.6200000000001,1989.0777700625874,1981.7044598748255,1989.1077700625874,stop,2.457770062587315,2.8002373362077697,-1.0122061865984289,-1.0293595406252163,1702372500000
1,1702548300000,1702567860000,2035.54,2029.0301650206573,2048.5596699586854,2029.0001650206573,stop,6.509834979342713,3.8330354586178803,-1.0046084117485574,-1.011084612778811,1702547100000
-1,1703880300000,1703892360000,2062.5099999999998,2068.4361426941477,2050.657714611704,2062.9700000000003,time,5.926142694147984,3.3643988033795704,-0.07762216060958796,-0.08473623162944911,1703880000000
1,1704213300000,1704213780000,2069.01,2064.4758353841326,2078.0783292317356,2064.4458353841324,stop,4.534164615867667,2.3352167415289005,-1.0066164337958117,-1.0159145082090038,1704213000000
1,1704214500000,1704217080000,2069.67,2061.912493893331,2085.1850122133383,2061.882493893331,stop,7.757506106669098,3.1342685685903815,-1.0038672222216376,-1.0093018296096687,1704213900000
1,1704714600000,1704719160000,2031.52,2026.395054441735,2041.7698911165298,2026.365054441735,stop,5.124945558264926,3.5357727546881352,-1.0058537207193532,-1.0140799544462678,1704713400000
-1,1704967500000,1704986640000,2032.71,2035.8415678465542,2026.4468643068917,2035.8715678465542,stop,3.1315678465541623,3.4199426593523103,-1.0095798658914523,-1.0230424514287222,1704965400000
1,1705313400000,1705321680000,2056.08,2052.7404668617205,2062.7590662765588,2052.7104668617203,stop,3.339533138279421,3.0488792622395646,-1.0089832916033457,-1.021607511293443,1705311900000
1,1706029800000,1706058600000,2025.7499999999998,2021.1999471405077,2034.850105718984,2029.4,time,4.550052859492098,2.5270650365228797,0.8021884827966046,0.7929228761538049,1706028300000
1,1706550600000,1706579400000,2025.4299999999998,2020.3516627514475,2035.5866744971045,2031.1000000000001,time,5.078337248552316,3.0167638429543806,1.1165071799074884,1.108205446892018,1706549400000
1,1709237100000,1709249880000,2046.1999999999998,2043.149551447731,2052.3008971045374,2043.119551447731,stop,3.05044855226879,2.5325738622906715,-1.0098346192325256,-1.0236552096400064,1709235900000
-1,1710274500000,1710303300000,2161.4199999999996,2166.843628880008,2150.5727422399827,2158.88,time,5.423628880008437,2.8010433566445845,0.4683211289330618,0.46054792008475764,1710273600000
1,1710347700000,1710360540000,2166.29,2161.2693254111705,2176.331349177659,2176.331349177659,target,5.020674588829479,3.3321309371638264,2.0,1.991602921230187,1710347400000
-1,1710777300000,1710806100000,2158.9599999999996,2163.8035733316888,2149.272853336621,2160.25,time,4.843573331689186,3.1539156430581854,-0.26633229470493713,-0.2750364057223494,1710776700000
1,1711557600000,1711583940000,2191.09,2183.3011398193507,2206.667720361299,2194.6899999999996,time,7.788860180649408,3.260844967743118,0.4621985651948497,0.4567858348309462,1711556100000
-1,1712856000000,1712864640000,2336.5099999999998,2347.893482813264,2313.743034373471,2347.9234828132644,stop,11.383482813264436,3.220378017292654,-1.0026353973113784,-1.0063389211530338,1712854800000
-1,1713378000000,1713397980000,2384.25,2396.045173090608,2360.659653818784,2360.659653818784,target,11.795173090607932,3.5191288982115476,2.0,1.996425741303146,1713376800000
-1,1713436500000,1713446760000,2376.18,2381.2498660778924,2366.0402678442147,2381.2798660778926,stop,5.069866077892584,2.984625383002698,-1.0059173160669896,-1.0142329203358749,1713435300000
1,1714410600000,1714439400000,2337.33,2325.2996822840646,2361.3906354318706,2335.47,time,12.030317715935325,4.621397999256123,-0.15460938305364758,-0.15811377927953912,1714409100000
-1,1714559700000,1714567560000,2285.8799999999997,2289.9307767589175,2277.778446482164,2289.9607767589177,stop,4.050776758917891,3.3539372932516645,-1.0074059869959888,-1.0178136205213828,1714556700000
-1,1714665600000,1714672740000,2294.4399999999996,2304.84557543739,2273.628849125219,2304.87557543739,stop,10.405575437390326,3.9181241833429437,-1.0028830697716535,-1.0069346477217311,1714663800000
1,1715010000000,1715038800000,2321.56,2314.3732531239502,2335.9334937520994,2325.73,time,7.18674687604971,3.8483893428780855,0.5802347114654701,0.57436849678905,1715008500000
1,1715078400000,1715080200000,2321.37,2317.6329950909662,2328.844009818067,2317.602995090966,stop,3.737004909033658,2.5420953174937604,-1.008027819264481,-1.0193093136767806,1715077800000
-1,1715184900000,1715193480000,2312.7799999999997,2319.2810072300117,2299.777985539976,2319.311007230012,stop,6.501007230011965,3.2342156198239045,-1.0046146695333156,-1.0110996646284405,1715181300000
-1,1715700900000,1715701800000,2341.5099999999998,2348.6144863445234,2327.3010273109526,2348.6444863445236,stop,7.104486344523593,3.652948674592526,-1.0042226838852784,-1.0101568215492205,1715700600000
1,1716329400000,1716357180000,2422.65,2417.19096934084,2433.56806131832,2417.16096934084,stop,5.459030659159907,3.663025239189585,-1.0054954811345238,-1.0132182807728185,1716326100000
-1,1716387000000,1716397680000,2413.87,2419.588765618716,2402.4324687625676,2402.4324687625676,target,5.718765618716134,4.121168969396664,2.0,1.9926279545603296,1716383700000
1,1716567000000,1716574980000,2342.4300000000003,2335.08544184109,2357.119116317821,2335.0554418410898,stop,7.344558158910331,3.77499365744995,-1.004084656878073,-1.0098248251887907,1716565500000
1,1716584700000,1716594900000,2334.9500000000003,2331.783052971908,2341.2838940561846,2333.7799999999997,time,3.1669470280921814,2.155162352866477,-0.3694409756848235,-0.3827531655086606,1716584400000
-1,1717072800000,1717077420000,2332.83,2338.3020477812734,2321.885904437453,2338.3320477812736,stop,5.472047781273432,2.8493158030730976,-1.0054824082682294,-1.013186836607521,1717071300000
-1,1718020800000,1718027580000,2292.6,2297.789709358982,2282.220581282036,2297.819709358982,stop,5.189709358981872,2.8878347729785854,-1.005780670539532,-1.013904246848682,1718018100000
1,1718205600000,1718206260000,2314.51,2311.4944251067673,2320.541149786466,2320.541149786466,target,3.0155748932329516,2.6091954825847856,2.0,1.9860195811768409,1718205300000
1,1718391900000,1718409300000,2328.51,2323.7614781249968,2338.007043750007,2332.66,time,4.748521875003462,1.9107057980069775,0.8739561718869855,0.8650778301398562,1718391600000
1,1719316200000,1719331320000,2328.55,2322.7453900481555,2340.1592199036895,2322.7153900481553,stop,5.804609951844668,3.754357260055895,-1.0051683059239263,-1.0124313262387714,1719314100000
1,1719338400000,1719340320000,2327.42,2319.0861348107146,2344.087730378571,2319.0561348107144,stop,8.333865189285461,3.282791631552597,-1.0035997702529158,-1.0086585273893045,1719335700000
-1,1719407100000,1719410460000,2314.99,2318.6404532880774,2307.6890934238445,2307.6890934238445,target,3.6504532880776424,2.5990514982230324,2.0,1.9884510232913566,1719405900000
1,1719935100000,1719963900000,2325.92,2318.9148487322623,2339.9303025354757,2329.33,time,7.005151267737801,3.9994864771504868,0.4867846345737882,0.48076634911660426,1719933300000
1,1720458300000,1720463400000,2378.01,2370.0501320611984,2393.929735877604,2370.020132061198,stop,7.959867938801835,3.3184376280447134,-1.0037689067495654,-1.0090653514046946,1720458000000
-1,1721658300000,1721662440000,2402.77,2408.660655284909,2390.988689430182,2390.988689430182,target,5.890655284908917,4.188008498023004,2.0,1.9928430712779943,1721656800000
-1,1721902200000,1721915640000,2367.3999999999996,2379.08270000668,2344.0345999866386,2379.1127000066804,stop,11.682700006680534,5.020498354661679,-1.0025678995423186,-1.0061765687691149,1721898900000
1,1722267600000,1722274980000,2392.3,2385.1433774037005,2406.6132451925996,2385.1133774037003,stop,7.156622596299712,4.05192922436397,-1.0041919214820285,-1.010082828740684,1722265200000
1,1722426600000,1722455400000,2420.9900000000002,2415.233754564145,2432.502490871711,2426.2099999999996,time,5.756245435855362,3.090677314816807,0.9068411099158887,0.8995170650206878,1722426300000
-1,1724430900000,1724432460000,2498.0899999999997,2504.19839567421,2485.873208651579,2504.2283956742103,stop,6.108395674210442,3.2423226806139045,-1.0049112732049856,-1.011813085439906,1724430600000
-1,1724772300000,1724777760000,2510.08,2514.542332749413,2501.1553345011735,2514.5723327494134,stop,4.462332749413235,2.929332508340267,-1.00672294104561,-1.0161706900969427,1724771700000
-1,1724784000000,1724791260000,2512.64,2520.6332162541935,2496.6535674916126,2520.6632162541937,stop,7.993216254193612,2.82230138130989,-1.0037531825795982,-1.0090275300586722,1724783400000
1,1724839800000,1724852940000,2510.9700000000003,2502.840097531322,2527.2298049373567,2502.810097531322,stop,8.12990246867821,4.281093618881186,-1.0036900811683511,-1.0088757522342002,1724836500000
1,1725971700000,1725983760000,2503.61,2499.822413907543,2511.185172184915,2511.185172184915,target,3.7875860924573317,2.7528844120878944,2.0,1.9888691639025826,1725968700000
1,1726236900000,1726238280000,2568.2400000000002,2565.4554198805504,2573.8091602389,2565.42541988055,stop,2.7845801194498563,1.801383081704331,-1.010773617103223,-1.0259137812182815,1726236000000
1,1726241400000,1726245360000,2569.48,2563.6048287120984,2581.230342575803,2581.230342575803,target,5.875171287901594,3.786248968706282,2.0,1.992824209212961,1726238700000
1,1726526100000,1726546560000,2582.02,2579.4621252124507,2587.1357495750985,2579.4321252124505,stop,2.557874787549281,2.6134154173952964,-1.0117284865335192,-1.0282105286589638,1726525800000
-1,1726595100000,1726623900000,2572.4399999999996,2582.6594263998713,2552.001147200256,2570.69,time,10.219426399871736,3.5309240637353683,0.17124248774094694,0.16711710943199123,1726594200000
-1,1727692500000,1727697960000,2657.3599999999997,2660.9509513238622,2650.1780973522746,2650.1780973522746,target,3.590951323862555,2.100569473657592,2.0,1.9882596570664033,1727692200000
1,1727959500000,1727974860000,2647.04,2640.6101886037904,2659.899622792419,2638.95,stop,6.429811396209516,3.387473842248951,-1.2582017576393203,-1.2647585596047486,1727957700000
1,1728684000000,1728685860000,2658.7000000000003,2655.954170497936,2664.1916590041287,2655.924170497936,stop,2.7458295020642254,2.182182601871382,-1.010925660161218,-1.0262794903856751,1728683100000
1,1728935400000,1728964200000,2649.56,2643.8882743616687,2660.9034512766625,2648.52,time,5.6717256383312815,3.3027832613993695,-0.18336571024721665,-0.19079889772636346,1728932400000
-1,1729617000000,1729619640000,2734.58,2742.431927338322,2718.8761453233556,2742.4619273383223,stop,7.851927338322184,3.116742863489196,-1.003820717985224,-1.0091899729698237,1729615500000
1,1729680000000,1729696140000,2754.4100000000003,2747.9403761428466,2767.3492477143077,2747.9103761428464,stop,6.469623857153692,4.323925328638247,-1.0046370547442303,-1.0111535077762537,1729676700000
-1,1729779600000,1729781340000,2735.47,2739.3972808266208,2727.615438346758,2739.427280826621,stop,3.927280826620972,3.0855242937094247,-1.0076388731350316,-1.01837378155162,1729778400000
1,1730213700000,1730221500000,2752.6800000000003,2746.0986242611525,2765.842751477696,2765.842751477696,target,6.5813757388477825,4.078293172099307,2.0,1.9935941964609087,1730212200000
-1,1730724600000,1730735340000,2739.2599999999998,2745.491575393518,2726.7968492129635,2745.521575393518,stop,6.231575393518142,3.2528057382908186,-1.0048141919347402,-1.0115795758605852,1730722500000
-1,1730891100000,1730901360000,2722.37,2734.3211374359357,2698.467725128128,2698.467725128128,target,11.951137435935834,2.8378235740050335,2.0,1.9964723859778204,1730889000000
-1,1731009900000,1731013440000,2697.4599999999996,2700.728533045481,2690.9229339090366,2690.9229339090366,target,3.2685330454814903,1.5673933298869023,2.0,1.9871015530779836,1731009600000
-1,1731431100000,1731459900000,2606.62,2617.495129983117,2584.869740033766,2598.13,time,10.875129983116949,2.978426994761682,0.780680324113831,0.7768036807941237,1731429900000
-1,1731492300000,1731494040000,2604.45,2607.744267095062,2597.861465809876,2607.774267095062,stop,3.2942670950619686,2.135430821291808,-1.0091067297017808,-1.021904416951608,1731489300000
-1,1731500100000,1731506460000,2607.5499999999997,2612.028194743001,2598.5936105139967,2612.0581947430014,stop,4.478194743001495,2.3795535792225033,-1.0066991280464264,-1.0161134126900064,1731498300000
1,1731702300000,1731714900000,2565.1200000000003,2559.261263154518,2576.837473690965,2561.68,time,5.858736845482326,2.561343728049161,-0.5871572816336843,-0.5943532013535653,1731701700000
1,1732714800000,1732727100000,2649.87,2642.877561650279,2663.854876699442,2642.8475616502787,stop,6.992438349720942,3.6335992071532868,-1.0042903488739943,-1.0103195761465784,1732713300000
1,1732878900000,1732898760000,2661.38,2654.4011688720207,2675.337662255959,2654.3711688720205,stop,6.978831127979447,3.3418538680034415,-1.00429871413279,-1.0103396971035594,1732878000000
1,1733311800000,1733323920000,2642.7000000000003,2636.2963504553313,2655.507299089338,2636.266350455331,stop,6.403649544668951,3.306823961622785,-1.004684828517072,-1.0112684180320692,1733309100000
1,1733756700000,1733761680000,2658.03,2653.1456901510296,2667.7986196979414,2667.7986196979414,target,4.884309848970588,2.513670755674093,2.0,1.9913684837154864,1733756400000
1,1733919000000,1733942040000,2696.4100000000003,2685.993565633917,2717.2428687321667,2717.2428687321667,target,10.416434366083195,4.226859480544472,2.0,1.9959526457405352,1733915700000
1,1734518700000,1734534540000,2647.98,2641.6643458586805,2660.611308282639,2641.6343458586803,stop,6.3156541413195555,3.595505402755525,-1.0047501017834286,-1.0114254198196362,1734516900000
1,1735815900000,1735840200000,2638.62,2630.8653913625567,2654.1292172748863,2654.1292172748863,target,7.754608637443198,4.441136905360979,2.0,1.9945633619991556,1735814700000
1,1737052500000,1737081300000,2720.2900000000004,2712.178887596136,2736.512224807729,2715.7799999999997,time,8.111112403864354,3.1063680942900187,-0.556027308640426,-0.5612249927435232,1737050400000
1,1737564600000,1737590340000,2757.03,2750.176794472998,2770.7364110540043,2756.0099999999998,time,6.853205527002046,2.5084432230245617,-0.14883546042528195,-0.15498718020573957,1737564300000
1,1737717600000,1737746400000,2776.15,2769.6490876964863,2789.1518246070277,2774.24,time,6.5009123035138145,3.593405300388339,-0.29380491703724926,-0.30029000682644896,1737714600000
-1,1738068600000,1738076400000,2741.5699999999997,2745.497258210674,2733.7154835786514,2745.527258210674,stop,3.927258210674154,2.4973311052191374,-1.007638917125098,-1.0183738873609263,1738066500000
1,1738322100000,1738326840000,2795.0,2791.28754333934,2802.4249133213198,2791.25754333934,stop,3.712456660659882,2.152689636024667,-1.008080902416479,-1.0194369945822812,1738321200000
1,1738329300000,1738333200000,2795.25,2790.6706145494395,2804.408770901121,2804.408770901121,target,4.579385450560494,2.703529397245705,2.0,1.990793742860226,1738327500000
1,1738351200000,1738354740000,2811.3,2802.5191526895946,2828.8616946208112,2802.4891526895944,stop,8.780847310405534,2.8248104508138625,-1.003416526781493,-1.0082177718674927,1738350900000
-1,1738586100000,1738587840000,2793.93,2801.105974249787,2779.5780515004258,2801.135974249787,stop,7.175974249787032,3.483918138900967,-1.0041806170083583,-1.0100556380901649,1738583100000
1,1739205000000,1739231940000,2904.65,2896.067798592483,2921.814402815034,2907.7599999999998,time,8.582201407517005,2.7489310428716434,0.36237788561751494,0.35746550964331864,1739204100000
-1,1739373300000,1739376360000,2878.6299999999997,2886.4088174115323,2863.0723651769345,2886.4388174115325,stop,7.7788174115326,3.00552322406726,-1.0038566273526004,-1.0092763457711733,1739372400000
1,1739547300000,1739547720000,2932.4500000000003,2925.824140202115,2945.701719595771,2925.7941402021147,stop,6.625859797885369,2.58964474007249,-1.0045277142763833,-1.0108905111489424,1739546100000
-1,1740158100000,1740165540000,2928.0,2939.533312439775,2904.9333751204504,2939.563312439775,stop,11.533312439774818,3.2643380592912123,-1.002601160781593,-1.006256572027941,1740157200000
1,1740474900000,1740476820000,2939.05,2933.073672163823,2951.002655672354,2933.043672163823,stop,5.976327836177006,3.2074262003995844,-1.0050198049408532,-1.0120741368241872,1740473100000
-1,1740674400000,1740674940000,2884.62,2892.929183179753,2868.0016336404933,2868.0016336404933,target,8.30918317975329,2.1913374915924817,2.0,1.9949262160806938,1740673800000
-1,1740753600000,1740758640000,2858.83,2865.2959572855066,2845.8980854289866,2845.8980854289866,target,6.465957285506647,3.2996769009057623,2.0,1.9934798517623216,1740752100000
1,1740998400000,1741019700000,2865.17,2858.4171060049757,2878.675787990049,2878.675787990049,target,6.752893995024351,3.1719513715056387,2.0,1.993756898889415,1740997800000
1,1741382700000,1741391700000,2909.61,2901.8263028410806,2925.177394317839,2912.1,time,7.7836971589194945,3.1940040636650577,0.31989939345808704,0.3144830727637896,1741379400000
1,1741707600000,1741709100000,2914.3900000000003,2910.3052462619357,2922.5595074761295,2910.2752462619355,stop,4.084753738064592,2.337434256519986,-1.007344384000592,-1.0176654468365551,1741707000000
1,1741777500000,1741796700000,2915.61,2908.6029442049257,2929.624111590149,2908.5729442049255,stop,7.007055795074393,3.5558740063584118,-1.0042813987611299,-1.0102980484401058,1741774500000
1,1741950600000,1741975440000,2989.58,2980.5567429755433,3007.626514048913,2980.526742975543,stop,9.023257024456598,4.439333424548276,-1.003324741822037,-1.0079970015045145,1741948200000
1,1741979700000,1741996500000,2988.4700000000003,2977.938214157569,3009.533571684863,2988.2799999999997,time,10.531785842431418,3.3778909780877266,-0.018040625098453864,-0.02204364990647322,1741976100000
-1,1742812500000,1742817660000,3022.8799999999997,3029.209116903718,3010.221766192563,3029.2391169037182,stop,6.329116903718386,3.533511786061909,-1.0047399977684999,-1.0114011166325283,1742812200000
-1,1744038300000,1744049520000,3027.4599999999996,3046.727247329497,2988.9255053410047,2988.9255053410047,target,19.267247329497422,3.7249582995893205,2.0,1.997811882554938,1744037100000
1,1744208400000,1744230000000,3055.7400000000002,3035.5405897936325,3096.1388204127356,3096.1388204127356,target,20.199410206367702,4.396813550592569,2.0,1.9979128598523779,1744205400000
1,1744892700000,1744909020000,3326.1400000000003,3312.163552850511,3354.0928942989785,3312.133552850511,stop,13.976447149489104,4.281381280670588,-1.0021464682461376,-1.005162900072415,1744890300000
1,1745267700000,1745289120000,3417.92,3405.6034512839237,3442.5530974321528,3442.5530974321528,target,12.31654871607634,3.029538214987783,2.0,1.9965770443513147,1745266500000
1,1745943300000,1745945460000,3316.37,3299.7035902983794,3349.702819403241,3299.673590298379,stop,16.666409701620523,3.908543740508611,-1.0018000277526649,-1.0043296067534682,1745939700000
1,1746624000000,1746652800000,3387.8500000000004,3368.8669198428106,3425.81616031438,3388.48,time,18.98308015718976,4.189784049460063,0.0331874487587329,0.030966576294891326,1746623700000
-1,1747932900000,1747958340000,3296.2799999999997,3316.4700798602003,3255.8998402795987,3294.94,time,20.190079860200512,3.6703906688837655,0.06636922732738428,0.06428112265955156,1747930500000
1,1748961300000,1748963220000,3358.98,3353.2999921890755,3370.340015621849,3353.2699921890753,stop,5.680007810924508,2.8398929945142206,-1.0052816828777067,-1.0127040318256983,1748960100000
1,1749593400000,1749608460000,3325.03,3318.970738196094,3337.148523607813,3318.9407381960937,stop,6.059261803906338,2.76348260205762,-1.004951098165268,-1.011908876416873,1749592800000
-1,1750283400000,1750312200000,3382.0899999999997,3396.12517297514,3354.0196540497195,3377.54,time,14.035172975140085,3.740987199281056,0.3241855307418691,0.32118172023845215,1750281300000
-1,1751060100000,1751068500000,3271.2599999999998,3283.2618936100353,3247.256212779929,3274.78,time,12.001893610035495,4.414187449450922,-0.293287052391229,-0.2967997480849109,1751058000000
1,1751408100000,1751424780000,3339.38,3336.707858673494,3344.724282653013,3336.6778586734936,stop,2.6721413265063347,1.6480322346467249,-1.0112269510982128,-1.027004185476426,1751407200000
1,1751453400000,1751482200000,3336.4100000000003,3327.2663134735817,3354.6973730528375,3341.74,time,9.143686526418605,3.3409341139590576,0.5829158714704018,0.5783051491016733,1751451300000
1,1751637000000,1751650800000,3337.4700000000003,3331.216271464982,3349.9774570700365,3331.186271464982,stop,6.253728535018126,2.9260147852953855,-1.0047971381923941,-1.0115385564941204,1751636700000
-1,1752071400000,1752076380000,3287.5499999999997,3296.3822346639427,3269.885530672114,3296.412234663943,stop,8.832234663942927,4.161541993127571,-1.00339664888238,-1.0081699595567568,1752070500000
1,1752268200000,1752278100000,3355.82,3348.995953691693,3369.4680926166143,3357.29,time,6.824046308307061,3.516710195544016,0.21541471637001303,0.20923671022889423,1752264900000
-1,1752578400000,1752584760000,3358.95,3365.958886114526,3344.932227770947,3365.9888861145264,stop,7.008886114526376,3.355362385105967,-1.0042802807050928,-1.0102953591799195,1752578100000
1,1753103100000,1753111140000,3367.7000000000003,3362.4940070084235,3378.1119859831538,3378.1119859831538,target,5.20599299157675,3.5659197988671982,2.0,1.9919018331242064,1753101900000
-1,1753464000000,1753487700000,3336.23,3348.31527623596,3312.05944752808,3336.8,time,12.08527623596001,3.500176084335351,-0.04716483006851891,-0.05065328984195421,1753461900000
1,1753810200000,1753839000000,3324.28,3311.4853937849316,3349.8692124301374,3328.8199999999997,time,12.794606215068598,3.3266769266318934,0.3548370245777953,0.35154196419912204,1753807500000
1,1754647500000,1754660220000,3398.36,3388.385776696727,3418.308446606546,3388.355776696727,stop,9.974223303272993,3.5092911764881025,-1.003007752993695,-1.007234548275706,1754646300000
-1,1755179400000,1755191160000,3352.72,3359.533518770896,3339.0929624582072,3339.0929624582072,target,6.81351877089628,2.6875796008333173,2.0,1.9938124482491952,1755179100000
-1,1755274800000,1755302100000,3337.27,3346.329780811916,3319.150438376168,3336.15,time,9.05978081191597,3.126425366817987,0.12362329986248666,0.11896987602418033,1755274500000
-1,1755795300000,1755797940000,3338.16,3348.0733695011104,3318.333260997779,3348.1033695011106,stop,9.913369501110537,3.065647646755116,-1.0030262162624766,-1.0072789579761066,1755794700000
-1,1755799500000,1755828300000,3341.89,3348.5285300757314,3328.612939848537,3338.85,time,6.6385300757315235,2.30081042986795,0.4579326997573292,0.45158204689908266,1755798300000
-1,1755872400000,1755876840000,3328.62,3331.956545814656,3321.946908370688,3321.946908370688,target,3.336545814655892,2.4435357634811274,2.0,1.9873644774140924,1755871200000
1,1756152900000,1756154340000,3374.32,3371.4284096618558,3380.103180676289,3371.3984096618556,stop,2.891590338144397,2.197418426703415,-1.010374913626061,-1.0249547797446668,1756151100000
1,1756206300000,1756235100000,3378.51,3366.902971701483,3401.724056597035,3386.62,time,11.607028298517434,4.698663419607549,0.6987145883874137,0.6950823925388532,1756204200000
1,1756291800000,1756320600000,3379.83,3373.3276060146754,3392.834787970649,3386.9199999999996,time,6.502393985324488,3.5650265406168717,1.0903676424408293,1.083884030390383,1756290600000
1,1756465500000,1756472640000,3413.0,3406.4292589770334,3426.141482045933,3406.3992589770332,stop,6.570741022966558,4.087781016751831,-1.00456569508604,-1.0109818663904093,1756463400000
1,1756478100000,1756483260000,3408.46,3404.017422024118,3417.3451559517644,3417.3451559517644,target,4.442577975882159,3.1158935651906727,2.0,1.9905102397236756,1756476900000
1,1756991400000,1757005500000,3546.69,3536.3732184596483,3567.3235630807035,3536.343218459648,stop,10.316781540351712,3.3629081881950436,-1.0029078836149492,-1.0069943324590103,1756990800000
1,1757074800000,1757086260000,3550.9700000000003,3544.475644878955,3563.958710242091,3563.958710242091,target,6.494355121045373,2.8946765693599628,2.0,1.9935083623832979,1757071800000
-1,1757948400000,1757951280000,3642.5299999999997,3647.042543842117,3633.504912315765,3647.0725438421173,stop,4.5125438421173385,2.123112011699166,-1.006648134854713,-1.0159907587659784,1757947500000
1,1758039900000,1758045960000,3691.6,3684.623242677298,3705.5535146454035,3684.593242677298,stop,6.976757322701815,2.3509975286116864,-1.0042999919034854,-1.010342770525413,1758039300000
1,1758298500000,1758306120000,3653.69,3643.193021547041,3674.683956905918,3674.683956905918,target,10.496978452958956,3.4194512193890234,2.0,1.9959837013871247,1758297600000
1,1758657300000,1758664620000,3781.6400000000003,3764.6933929235147,3815.5332141529716,3764.6633929235145,stop,16.946607076485634,4.067767455956539,-1.0017702658629424,-1.0042580204801188,1758656700000
1,1759313700000,1759317660000,3866.92,3852.8967019428583,3894.9665961142837,3894.9665961142837,target,14.023298057141801,4.207434683957029,2.0,1.9969936458721613,1759311000000
1,1759405500000,1759425960000,3875.61,3861.3540933444497,3904.121813311101,3861.3240933444495,stop,14.255906655550461,4.512695888189916,-1.002104390883376,-1.0050616913917647,1759401900000
1,1759527300000,1759535700000,3887.21,3876.3388960427355,3908.952207914529,3886.72,time,10.871103957264495,3.4943637660048688,-0.045073619195113976,-0.04895169819847295,1759525200000
1,1759764000000,1759764120000,3940.57,3930.6744186919705,3960.3611626160596,3930.6444186919703,stop,9.895581308029705,2.566405866146861,-1.0030316561570625,-1.0072920425545537,1759762800000
1,1760114100000,1760115420000,3995.3,3978.7688804364248,4028.362239127151,3978.7388804364246,stop,16.53111956357543,2.946095740850967,-1.0018147591205075,-1.00436504011254,1760112000000
1,1761233700000,1761262500000,4118.79,4099.2940868226115,4157.781826354777,4113.01,time,19.495913177388502,2.8423295863216653,-0.2964723912857506,-0.29863484449409256,1761233400000
1,1762539000000,1762540740000,3997.77,3983.3352601524425,4026.639479695115,4026.639479695115,target,14.434739847557466,2.917642457713344,2.0,1.9970793377334657,1762538400000
1,1762794300000,1762823100000,4090.53,4073.607048426638,4124.375903146725,4116.7300000000005,time,16.922951573362297,3.116843638295226,1.5481932856937666,1.5457020536047756,1762793100000
-1,1763394000000,1763415780000,4069.6499999999996,4093.0494270818313,4022.8511458363364,4022.8511458363364,target,23.399427081831618,3.90363194975055,2.0,1.998198289220819,1763392500000
-1,1763484900000,1763510340000,4061.3799999999997,4082.8529937047792,4018.4340125904405,4067.9400000000005,time,21.472993704779583,2.9294922404879595,-0.3055000197080434,-0.30746336960604187,1763484300000
1,1763582400000,1763611200000,4079.09,4054.8769753866736,4127.516049226653,4081.52,time,24.213024613326525,3.2154360142840215,0.10035920909535592,0.09861803876768047,1763579700000
1,1763636400000,1763665200000,4063.51,4038.0708986927752,4114.38820261445,4049.16,time,25.439101307224973,3.691634457881417,-0.5640922541522649,-0.56574950609253,1763634600000
1,1763750700000,1763769300000,4079.52,4054.4367398654426,4129.686520269115,4065.7799999999997,time,25.08326013455735,4.0901501208228925,-0.5477756849106932,-0.5494564472906167,1763747100000
-1,1764081900000,1764083460000,4117.04,4139.403767865335,4072.31246426933,4139.433767865335,stop,22.36376786533492,4.822190051736306,-1.0013414555266533,-1.0032266029782753,1764081000000
-1,1764241500000,1764270300000,4159.6,4167.659783327432,4143.4804333451375,4155.929999999999,time,8.059783327431433,2.6017485815837893,0.4553472284434937,0.45011644266585227,1764241200000
1,1764798000000,1764824580000,4208.509999999999,4194.613736607051,4236.302526785897,4194.583736607051,stop,13.89626339294864,3.3383342442148063,-1.002158853725741,-1.0051926908665505,1764795600000
-1,1764857100000,1764865320000,4195.66,4207.0541018795975,4172.8717962408045,4207.084101879597,stop,11.394101879597656,3.6275178913845405,-1.002632941175773,-1.0063330134101183,1764854100000
-1,1765206300000,1765213260000,4208.610000000001,4216.052936747525,4193.724126504952,4193.724126504952,target,7.442936747524072,2.3784157042584733,2.0,1.9943357035764109,1765206000000
1,1765463100000,1765466220000,4217.45,4208.313019009792,4235.723961980416,4208.283019009792,stop,9.13698099020803,3.1838279544505457,-1.0032833602293685,-1.0078974663597393,1765461600000
1,1765568700000,1765583700000,4293.469999999999,4255.860497036074,4368.68900592785,4300.1900000000005,time,37.60950296392548,3.762820553949713,0.17867824540108643,0.17755727871241633,1765565100000
1,1765969800000,1765975140000,4322.19,4308.084392394259,4350.40121521148,4308.05439239426,stop,14.10560760574026,3.565555212052779,-1.0021268137352366,-1.0051156250773898,1765966500000
1,1766157000000,1766162880000,4331.23,4320.453173298466,4352.783653403067,4320.423173298466,stop,10.776826701533537,3.757260619012362,-1.0027837508044437,-1.0066957558099618,1766153700000
1,1766743500000,1766754360000,4513.67,4506.841381266197,4527.327237467607,4506.811381266197,stop,6.828618733803523,2.0166098482173798,-1.0043932750046853,-1.0105671443688222,1766743200000
1,1767779400000,1767795540000,4462.38,4440.671688007294,4505.796623985413,4440.641688007294,stop,21.708311992706513,4.736579521843353,-1.0013819591320516,-1.0033240263003402,1767776400000
1,1767821700000,1767841260000,4455.78,4444.803895397102,4477.732209205796,4444.773895397102,stop,10.976104602897976,2.5168513540015827,-1.0027332101036852,-1.0065741902624263,1767821400000
1,1768399500000,1768404660000,4634.839999999999,4625.56685773222,4653.386284535557,4625.536857732221,stop,9.273142267778894,2.358724316299718,-1.003235149330555,-1.0077815046848222,1768399200000
-1,1768502400000,1768531200000,4606.1900000000005,4625.265245769296,4568.03950846141,4603.24,time,19.07524576929518,3.2593564567321205,0.15465069418655927,0.15244055228275946,1768500900000
1,1768821600000,1768826700000,4671.53,4661.400105384928,4691.7897892301435,4661.370105384928,stop,10.129894615071862,2.9803045314324166,-1.0029615313031104,-1.007123371243407,1768820400000
1,1768832400000,1768858200000,4670.08,4659.353580670024,4691.532838659952,4670.92,time,10.726419329976125,3.1884075539713024,0.07831131472295473,0.07438092577366369,1768830300000
1,1769170500000,1769191500000,4921.32,4899.010147132633,4965.939705734732,4965.939705734732,target,22.309852867366317,3.381034465515207,2.0,1.998110296815912,1769167800000
1,1769205300000,1769212500000,4988.74,4957.762874393083,5050.694251213834,4985.88,time,30.97712560691707,5.187706781970416,-0.09232619050235719,-0.09368716248326255,1769202000000
1,1769693100000,1769706120000,5512.12,5469.512411937238,5597.335176125524,5469.482411937238,stop,42.60758806276226,3.680721098753626,-1.0007040999353345,-1.0016935715744681,1769692500000
1,1770127500000,1770153000000,4932.49,4882.438172870057,5032.593654259885,4882.408172870058,stop,50.05182712994247,4.096473707561642,-1.0005993787184204,-1.0014416856314237,1770125400000
-1,1770387900000,1770390060000,4879.0,4904.6666901159,4827.666619768201,4904.696690115899,stop,25.666690115899655,2.4758305034693096,-1.0011688301009705,-1.0028113870418782,1770387300000
1,1770909600000,1770915420000,5070.24,5048.4063279783995,5113.9073440432,5048.3763279784,stop,21.83367202160025,4.169340946430033,-1.001374024487043,-1.0033049410987012,1770908400000
1,1771423500000,1771426800000,4919.01,4905.861563991245,4945.306872017511,4945.306872017511,target,13.148436008755198,2.9320651669443905,2.0,1.9967936110445432,1771423200000
1,1771515600000,1771518900000,4994.72,4971.252597946167,5041.654804107667,4971.222597946167,stop,23.46740205383321,3.5697183963760684,-1.0012783690299816,-1.00307486102783,1771514100000
1,1771519800000,1771545540000,4999.69,4962.705028060637,5073.659943878724,4996.110000000001,time,36.98497193936237,4.429486812167364,-0.096796071817183,-0.09793596723387063,1771519500000
1,1772014800000,1772017440000,5192.509999999999,5179.776399174804,5217.977201650389,5179.7463991748045,stop,12.733600825195026,2.5285107148592796,-1.0023559714499912,-1.0056668181286923,1772013600000
1,1772221800000,1772235600000,5236.5,5220.185048316625,5269.129903366749,5269.129903366749,target,16.314951683374602,2.105286307957444,2.0,1.997415928602292,1772221500000
1,1773242100000,1773243420000,5191.66,5175.021776588058,5224.936446823884,5174.991776588058,stop,16.638223411941908,2.8285551159939226,-1.0018030771228985,-1.004336941403729,1773241200000
-1,1773681900000,1773685800000,5021.56,5038.931504081295,4986.816991837411,4986.816991837411,target,17.371504081294916,2.2516412424079966,2.0,1.9975730944308159,1773681300000
-1,1774290000000,1774318800000,4441.17,4514.959138196175,4293.591723607649,4437.04,time,73.78913819617537,2.952583346895048,0.0559702972681442,0.0553989530157162,1774287000000
1,1774954800000,1774964340000,4564.82,4542.782972899424,4608.894054201151,4542.752972899424,stop,22.03702710057587,3.207592114210194,-1.0013613451516317,-1.0032744434932361,1774953000000
1,1775729400000,1775752800000,4725.39,4702.732860774075,4770.704278451852,4770.704278451852,target,22.657139225925675,3.204056343542294,2.0,1.9981392619968652,1775728800000
1,1776088200000,1776091320000,4721.62,4707.850288760365,4749.159422479269,4707.820288760366,stop,13.76971123963449,2.9315268781658443,-1.0021786949252351,-1.0052404149036942,1776087000000
1,1776348000000,1776358380000,4817.4400000000005,4804.63747511294,4843.045049774122,4804.60747511294,stop,12.802524887060827,3.2615829745067964,-1.0023432877705292,-1.0056363100744818,1776346200000
1,1776426300000,1776440940000,4797.21,4778.149020378585,4835.33195924283,4835.33195924283,target,19.060979621414845,3.9629495248321813,2.0,1.9977882039203991,1776423600000
-1,1776786300000,1776793620000,4778.83,4798.660167136847,4739.1696657263055,4739.1696657263055,target,19.830167136847194,3.1975520724416397,2.0,1.9978739967389554,1776783600000
-1,1776855000000,1776874740000,4761.1900000000005,4772.887598938809,4737.794802122384,4737.794802122384,target,11.697598938808369,3.2711503501047923,2.0,1.9963959270427598,1776852900000
-1,1777918500000,1777947300000,4548.58,4584.321721291041,4477.096557417917,4520.54,time,35.74172129104136,4.2462655598079815,0.7845173368029192,0.78333779092552,1777915800000
1,1778268600000,1778284500000,4717.929999999999,4701.261761215692,4751.266477568614,4715.17,time,16.668238784307505,2.6531693363452455,-0.16558438091238176,-0.168113682330819,1778266800000
-1,1778756400000,1778785200000,4693.05,4719.69653302475,4639.7569339505,4685.799999999999,time,26.64653302475017,4.186198042936581,0.27208042386853376,0.2704982668216549,1778755500000
1,1779454200000,1779457320000,4529.09,4514.275912179037,4558.718175641927,4514.245912179037,stop,14.814087820963323,3.4126937236077355,-1.0020250993758315,-1.0048709715287116,1779453000000
-1,1779805200000,1779806160000,4530.04,4541.212296710953,4507.695406578095,4507.695406578095,target,11.17229671095265,2.58440474514229,2.0,1.9962264697142647,1779804000000
-1,1779965700000,1779970920000,4385.67,4396.837030153434,4363.335939693132,4396.867030153434,stop,11.167030153434098,2.079404681846371,-1.0026864797164106,-1.0064617896619144,1779964200000
1,1780056300000,1780059060000,4519.0,4509.479161458729,4538.041677082541,4538.041677082541,target,9.520838541270678,2.2098390996283257,2.0,1.9955719236475598,1780056000000
1,1780610700000,1780624200000,4481.49,4472.320045124107,4499.829909751785,4472.290045124108,stop,9.169954875892472,2.866015043620797,-1.003271553721449,-1.0078690681662403,1780609500000
-1,1780938600000,1780967400000,4320.68,4347.734450851224,4266.571098297552,4327.129999999999,time,27.05445085122392,3.3630955589212084,-0.23840809172096414,-0.23996639354094335,1780937100000
1,1781262000000,1781290800000,4194.83,4169.423825515065,4245.64234896987,4211.87,time,25.406174484935036,3.757340013703543,0.6707031005436919,0.6690437007775052,1781261100000
1,1781622900000,1781626980000,4344.63,4334.529154755404,4364.831690489192,4334.499154755405,stop,10.100845244595803,2.5843592532470114,-1.0029700484734974,-1.0071438575933387,1781621100000
-1,1782765900000,1782790680000,4021.8999999999996,4032.7460192964686,4000.2079614070617,4000.2079614070617,target,10.846019296468967,2.607095244987279,2.0,1.9961129517800391,1782764100000
-1,1782918900000,1782922980000,4022.1699999999996,4036.2850018865634,3993.939996226872,4036.3150018865636,stop,14.115001886563732,2.4982220807109483,-1.0021253982281615,-1.005112220358177,1782918000000
1,1783003500000,1783006260000,4071.4100000000003,4056.9365974246557,4100.35680515069,4100.35680515069,target,14.473402575344608,3.4183548750448995,2.0000000000000315,1.9970871396839769,1783001700000
1,1783101600000,1783108860000,4169.82,4154.779937783901,4199.900124432197,4174.9400000000005,time,15.040062216098704,3.580436811426181,0.34042412367951597,0.33762101027517954,1783098900000
-1,1783376100000,1783386180000,4159.27,4167.831259592017,4142.147480815967,4167.861259592017,stop,8.56125959201654,2.6649039607695966,-1.0035041572653305,-1.0084285494703413,1783374300000
1,1784201400000,1784211960000,4032.36,4022.5541424606945,4051.9717150786114,4022.5241424606943,stop,9.805857539305634,2.8352302393056488,-1.0030593958641505,-1.0073587648720124,1784198700000
1,1784213100000,1784215020000,4035.23,4020.7494127863883,4064.1911744272234,4020.719412786388,stop,14.48058721361167,4.015834912328411,-1.0020717391883114,-1.004983154269626,1784212200000
1,1784732700000,1784735820000,4125.26,4112.3963128181695,4150.987374363662,4112.36631281817,stop,12.863687181830755,3.5370196763776804,-1.002332146263796,-1.005609511408336,1784731500000
1,1785159900000,1785165240000,4100.71,4086.227704827169,4129.674590345662,4086.1977048271688,stop,14.482295172831073,3.9973745881437432,-1.0020714948592182,-1.0049825665848582,1785158100000
-1,1785323700000,1785338280000,4038.9399999999996,4048.280640252239,4020.2587194955204,4020.2587194955204,target,9.34064025223961,3.3283323321251346,2.0,1.9954864978351037,1785321000000
1,1786447800000,1786460940000,4369.13,4356.174381231875,4395.041237536251,4395.041237536251,target,12.955618768125532,2.3744818772686087,2.0,1.9967458906629976,1786444200000
1,1786570500000,1786592100000,4412.7300000000005,4395.94415121458,4446.301697570841,4446.301697570841,target,16.785848785420058,3.454953328927536,2.0,1.9974884201246579,1786569300000
-1,1787069400000,1787071020000,4389.25,4401.468143997843,4364.813712004314,4401.498143997843,stop,12.218143997843072,2.6099114917945485,-1.0024553647432082,-1.0059058888168682,1787067000000
-1,1787226600000,1787237340000,4488.150000000001,4499.218275297219,4466.013449405563,4466.013449405563,target,11.068275297218861,2.850625671136737,2.0,1.9961910054757497,1787225400000
1,1787657100000,1787674980000,4643.78,4619.726953016344,4691.886093967311,4619.696953016344,stop,24.053046983655804,4.055841720223517,-1.0012472432295223,-1.0029999941399848,1787656500000
-1,1787758500000,1787761020000,4623.240000000001,4634.227209839811,4601.265580320381,4601.265580320381,target,10.98720983981002,2.124323435888333,2.0,1.9961629020820877,1787758200000
-1,1788275100000,1788278640000,4371.820000000001,4387.813626526408,4339.832746947185,4339.832746947185,target,15.993626526407752,3.0543957801589117,2.0,1.997364012475195,1788274800000
-1,1788966600000,1788970800000,4403.4400000000005,4415.825746324655,4378.668507350692,4415.855746324654,stop,12.385746324654065,2.9791595475862875,-1.002422139063193,-1.0058259710887274,1788966000000
1,1789045500000,1789047180000,4398.37,4387.884992300735,4419.34001539853,4387.854992300735,stop,10.485007699265225,2.654380590245229,-1.0028612282279818,-1.006882112256799,1789044300000
-1,1789400400000,1789411500000,4277.92,4298.369282798328,4237.021434403345,4298.3992827983275,stop,20.44928279832766,3.6563403808373374,-1.0014670441157085,-1.0035286812115312,1789399800000
-1,1789493700000,1789506780000,4283.83,4301.214440882153,4249.061118235693,4301.244440882153,stop,17.384440882153285,2.9245029075387072,-1.0017256810387583,-1.0041507806025458,1789491600000
1,1789590900000,1789592400000,4349.19,4341.460486063487,4364.649027873024,4364.649027873024,target,7.729513936512376,2.149990070338869,2.0,1.994545711367328,1789589700000
1,1789991100000,1789993980000,4357.67,4341.532488973025,4389.945022053951,4341.502488973025,stop,16.137511026975517,3.606058857598609,-1.0018590227420818,-1.004471507401552,1789987500000
-1,1790098500000,1790110380000,4325.01,4344.9821911457,4285.0656177086,4345.0121911457,stop,19.97219114569998,2.885357790223534,-1.001502088568094,-1.0036129736328547,1790096400000
