2026-09-22T10:02:10+10:00  clock     server offset +10800000 ms (UTC+3.00h) confidence=measured from 5 tick(s)
2026-09-22T10:02:10+10:00  start     bridge on 127.0.0.1:8765 mock=False connected=True server=ICMarketsAU-Demo
2026-09-22T10:02:10+10:00  start     EXECUTION ARMED demo_only=True max_lots=0.03
2026-09-22T10:02:21+10:00  error     /health ConnectionAbortedError: [WinError 10053] An established connection was aborted by the software in your host machine
2026-09-22T10:02:33+10:00  order     SEND limit buy XAUUSD.a 0.03 lots @4373.64 sl=4357.34 tp=4406.24 signal=XAUUSD.a:3m:pattern_break:buy:1790045820000 account=23011660
2026-09-22T10:02:33+10:00  order     RESULT ok=True retcode=10009 ticket=8836091 price=0.0 comment='Request executed'
2026-09-22T10:02:37+10:00  order     SEND limit buy USDJPY.a 0.03 lots @157.214 sl=156.476 tp=158.689 signal=USDJPY.a:1h:pattern_break:buy:1789988400000 account=23011660
2026-09-22T10:02:37+10:00  order     RESULT ok=True retcode=10009 ticket=8836107 price=0.0 comment='Request executed'
2026-09-22T10:02:38+10:00  order     REFUSED an order was sent moments ago - throttled. Nothing was sent.
2026-09-22T10:02:39+10:00  order     SEND stop sell XAUUSD.a 0.02 lots @4369.01 sl=4402.86 tp=4310.99 signal=XAUUSD.a:1h:pattern_break:sell:1790042400000 account=23011660
2026-09-22T10:02:39+10:00  order     RESULT ok=True retcode=10009 ticket=8836134 price=0.0 comment='Request executed'
2026-09-22T10:03:09+10:00  order     SEND stop sell XAUUSD.a 0.02 lots @4359.79 sl=4396.18 tp=4287.01 signal=XAUUSD.a:4h:sweep_reversal:sell:1789981200000 account=23011660
2026-09-22T10:03:09+10:00  order     RESULT ok=True retcode=10009 ticket=8836155 price=0.0 comment='Request executed'
2026-09-22T10:15:29+10:00  error     /spec ConnectionResetError: [WinError 10054] An existing connection was forcibly closed by the remote host
2026-09-22T10:15:43+10:00  order     SEND stop buy XAUUSD.a 0.03 lots @4368.85 sl=4347.23 tp=4412.1 signal=XAUUSD.a:15m:sweep_reversal:buy:1790034300000 account=23011660
2026-09-22T10:15:43+10:00  order     RESULT ok=True retcode=10009 ticket=8836510 price=0.0 comment='Request executed'
2026-09-22T10:18:11+10:00  order     SEND market buy XAUUSD.a 0.03 lots @4361.52 sl=4335.92 tp=4410.81 signal=XAUUSD.a:30m:sweep_reversal:buy:1790040600000 account=23011660
2026-09-22T10:18:12+10:00  order     RESULT ok=True retcode=10009 ticket=8836594 price=4361.48 comment='Request executed'
2026-09-22T10:44:57+10:00  order     CANCEL order=8836510
2026-09-22T10:44:58+10:00  order     CANCEL RESULT ok=True retcode=10009
2026-09-22T10:45:12+10:00  order     SEND stop buy XAUUSD.a 0.03 lots @4361.52 sl=4336.73 tp=4411.1 signal=XAUUSD.a:3m:pattern_break:buy:1790037720000 account=23011660
2026-09-22T10:45:12+10:00  order     RESULT ok=True retcode=10009 ticket=8837282 price=0.0 comment='Request executed'
2026-09-22T10:45:15+10:00  order     SEND market sell XAUUSD.a 0.03 lots @4356.16 sl=4378.24 tp=4309.54 signal=XAUUSD.a:15m:sweep_reversal:sell:1790037000000 account=23011660
2026-09-22T10:45:15+10:00  order     RESULT ok=True retcode=10009 ticket=8837287 price=4356.16 comment='Request executed'
2026-09-22T11:04:02+10:00  error     /spec ConnectionResetError: [WinError 10054] An existing connection was forcibly closed by the remote host
2026-09-22T11:11:51+10:00  order     SEND stop buy XAUUSD.a 0.02 lots @4357.0 sl=4335.41 tp=4400.18 signal=XAUUSD.a:5m:pattern_break:buy:1790038200000 account=23011660
2026-09-22T11:11:51+10:00  order     RESULT ok=True retcode=10009 ticket=8837876 price=0.0 comment='Request executed'
2026-09-22T11:19:18+10:00  error     /spec ConnectionResetError: [WinError 10054] An existing connection was forcibly closed by the remote host
2026-09-22T11:22:22+10:00  clock     server offset +10800000 ms (UTC+3.00h) confidence=measured from 5 tick(s)
2026-09-22T11:22:22+10:00  start     bridge on 127.0.0.1:8765 mock=False connected=True server=ICMarketsAU-Demo
2026-09-22T11:22:22+10:00  start     EXECUTION ARMED demo_only=True max_lots=0.03
2026-09-22T11:24:48+10:00  clock     server offset +10800000 ms (UTC+3.00h) confidence=measured from 5 tick(s)
2026-09-22T11:24:48+10:00  start     bridge on 127.0.0.1:8765 mock=False connected=True server=Pepperstone-MT5-Live01
2026-09-22T11:24:48+10:00  start     EXECUTION ARMED demo_only=True max_lots=0.03
2026-09-22T11:39:20+10:00  clock     server offset +10800000 ms (UTC+3.00h) confidence=measured from 5 tick(s)
2026-09-22T11:39:20+10:00  start     bridge on 127.0.0.1:8765 mock=False connected=True server=ICMarketsAU-Demo
2026-09-22T11:39:20+10:00  start     EXECUTION ARMED demo_only=True max_lots=0.05
2026-09-22T11:40:07+10:00  order     SEND market buy USDJPY.a 0.02 lots @157.455 sl=157.223 tp=157.937 signal=USDJPY.a:15m:pattern_break:buy:1790039700000 account=23011660
2026-09-22T11:40:07+10:00  order     RESULT ok=True retcode=10009 ticket=8838210 price=157.455 comment='Request executed'
2026-09-22T11:40:24+10:00  order     SEND stop buy USDJPY.a 0.02 lots @157.528 sl=157.133 tp=158.264 signal=USDJPY.a:1h:pattern_break:buy:1790035200000 account=23011660
2026-09-22T11:40:24+10:00  order     RESULT ok=True retcode=10009 ticket=8838214 price=0.0 comment='Request executed'
2026-09-22T11:44:02+10:00  clock     server offset +10800000 ms (UTC+3.00h) confidence=measured from 5 tick(s)
2026-09-22T11:44:02+10:00  start     bridge on 127.0.0.1:8765 mock=False connected=True server=ICMarketsAU-Demo
2026-09-22T11:44:41+10:00  stop      bridge shutting down
2026-09-22T11:44:57+10:00  clock     server offset +10800000 ms (UTC+3.00h) confidence=measured from 5 tick(s)
2026-09-22T11:44:57+10:00  start     bridge on 127.0.0.1:8765 mock=False connected=True server=ICMarketsAU-Demo
2026-09-22T11:45:18+10:00  clock     server offset +10800000 ms (UTC+3.00h) confidence=measured from 5 tick(s)
2026-09-22T11:45:18+10:00  start     bridge on 127.0.0.1:8765 mock=False connected=True server=ICMarketsAU-Demo
2026-09-22T11:45:18+10:00  start     EXECUTION ARMED demo_only=True max_lots=0.05
2026-09-22T11:45:30+10:00  order     SEND stop buy XAUUSD.a 0.02 lots @4360.1 sl=4312.11 tp=4436.69 signal=XAUUSD.a:4h:sweep_reversal:buy:1790024400000 account=23011660
2026-09-22T11:45:31+10:00  order     RESULT ok=True retcode=10009 ticket=8838312 price=0.0 comment='Request executed'
2026-09-22T11:48:17+10:00  clock     server offset +10800000 ms (UTC+3.00h) confidence=measured from 5 tick(s)
2026-09-22T11:48:17+10:00  start     bridge on 127.0.0.1:8765 mock=False connected=True server=ICMarketsAU-Demo
2026-09-22T11:50:05+10:00  clock     server offset +10800000 ms (UTC+3.00h) confidence=measured from 5 tick(s)
2026-09-22T11:50:05+10:00  start     bridge on 127.0.0.1:8765 mock=False connected=True server=ICMarketsAU-Demo
2026-09-22T11:50:05+10:00  start     EXECUTION ARMED demo_only=True max_lots=0.05
2026-09-22T11:50:18+10:00  order     SEND limit sell XAUUSD.a 0.02 lots @4355.92 sl=4379.41 tp=4308.94 signal=XAUUSD.a:30m:sweep_reversal:sell:1790038800000 account=23011660
2026-09-22T11:50:18+10:00  order     RESULT ok=True retcode=10009 ticket=8838431 price=0.0 comment='Request executed'
2026-09-22T11:54:33+10:00  clock     server offset +10800000 ms (UTC+3.00h) confidence=measured from 5 tick(s)
2026-09-22T11:54:33+10:00  start     bridge on 127.0.0.1:8765 mock=False connected=True server=Pepperstone-MT5-Live01
2026-09-22T11:57:16+10:00  clock     server offset +10800000 ms (UTC+3.00h) confidence=measured from 5 tick(s)
2026-09-22T11:57:16+10:00  start     bridge on 127.0.0.1:8765 mock=False connected=True server=ICMarketsAU-Demo
2026-09-22T11:57:16+10:00  start     EXECUTION ARMED demo_only=True max_lots=0.05
2026-09-22T12:00:46+10:00  order     SEND market buy USDJPY.a 0.02 lots @157.525 sl=157.19 tp=158.198 signal=USDJPY.a:30m:pattern_break:buy:1790040600000 account=23011660
2026-09-22T12:00:46+10:00  order     RESULT ok=True retcode=10009 ticket=8838637 price=157.526 comment='Request executed'
2026-09-22T12:00:52+10:00  order     SEND market sell XAUUSD.a 0.02 lots @4350.25 sl=4379.46 tp=4286.34 signal=XAUUSD.a:30m:sweep_reversal:sell:1790040600000 account=23011660
2026-09-22T12:00:52+10:00  order     RESULT ok=True retcode=10009 ticket=8838641 price=4350.2 comment='Request executed'
2026-09-22T12:07:47+10:00  clock     server offset +10800000 ms (UTC+3.00h) confidence=measured from 5 tick(s)
2026-09-22T12:07:47+10:00  start     bridge on 127.0.0.1:8765 mock=False connected=True server=ICMarketsAU-Demo
2026-09-22T12:07:47+10:00  start     EXECUTION ARMED demo_only=True max_lots=0.05
2026-09-22T12:18:09+10:00  clock     server offset +10800000 ms (UTC+3.00h) confidence=measured from 5 tick(s)
2026-09-22T12:18:09+10:00  start     bridge on 127.0.0.1:8765 mock=False connected=True server=ICMarketsAU-Demo
2026-09-22T12:18:09+10:00  start     EXECUTION ARMED demo_only=True max_lots=0.05
2026-09-22T12:22:14+10:00  clock     server offset +10800000 ms (UTC+3.00h) confidence=measured from 5 tick(s)
2026-09-22T12:22:14+10:00  start     bridge on 127.0.0.1:8765 mock=False connected=True server=ICMarketsAU-Demo
2026-09-22T12:24:09+10:00  stop      bridge shutting down
2026-09-22T12:24:42+10:00  clock     server offset +10800000 ms (UTC+3.00h) confidence=measured from 5 tick(s)
2026-09-22T12:24:42+10:00  start     bridge on 127.0.0.1:8765 mock=False connected=True server=ICMarketsAU-Demo
2026-09-22T12:24:42+10:00  start     EXECUTION ARMED demo_only=True max_lots=0.05
2026-09-22T12:30:43+10:00  clock     server offset +10800000 ms (UTC+3.00h) confidence=measured from 5 tick(s)
2026-09-22T12:30:43+10:00  start     bridge on 127.0.0.1:8765 mock=False connected=True server=ICMarketsAU-Demo
2026-09-22T12:32:38+10:00  stop      bridge shutting down
2026-09-22T12:36:07+10:00  clock     server offset +10800000 ms (UTC+3.00h) confidence=measured from 5 tick(s)
2026-09-22T12:36:07+10:00  start     bridge on 127.0.0.1:8765 mock=False connected=True server=ICMarketsAU-Demo
2026-09-22T12:36:07+10:00  start     EXECUTION ARMED demo_only=True max_lots=0.05
2026-09-22T13:17:31+10:00  order     SEND market buy XAUUSD.a 0.02 lots @4345.45 sl=4336.37 tp=4361.12 signal=XAUUSD.a:15m:sweep_reversal:buy:1790045100000 account=23011660
2026-09-22T13:17:31+10:00  order     RESULT ok=True retcode=10009 ticket=8840952 price=4345.34 comment='Request executed'
2026-09-22T13:18:02+10:00  order     SEND stop sell XAUUSD.a 0.02 lots @4344.03 sl=4355.54 tp=4321.01 signal=XAUUSD.a:3m:sweep_reversal:sell:1790045100000 account=23011660
2026-09-22T13:18:03+10:00  order     RESULT ok=True retcode=10009 ticket=8840960 price=0.0 comment='Request executed'
2026-09-22T13:30:00+10:00  order     SEND stop sell XAUUSD.a 0.02 lots @4339.36 sl=4356.74 tp=4304.6 signal=XAUUSD.a:5m:pattern_break:sell:1790047500000 account=23011660
2026-09-22T13:30:00+10:00  order     RESULT ok=True retcode=10009 ticket=8841111 price=0.0 comment='Request executed'
2026-09-22T13:42:47+10:00  clock     server offset +10800000 ms (UTC+3.00h) confidence=measured from 5 tick(s)
2026-09-22T13:42:47+10:00  start     bridge on 127.0.0.1:8765 mock=False connected=True server=Pepperstone-MT5-Live01
2026-09-22T13:42:47+10:00  start     EXECUTION ARMED demo_only=True max_lots=0.05
2026-09-22T13:43:46+10:00  clock     server offset +10800000 ms (UTC+3.00h) confidence=measured from 5 tick(s)
2026-09-22T13:43:46+10:00  start     bridge on 127.0.0.1:8765 mock=False connected=True server=ICMarketsAU-Demo
2026-09-22T13:43:46+10:00  start     EXECUTION ARMED demo_only=True max_lots=0.05
2026-09-22T13:44:59+10:00  order     REFUSED Algo Trading is switched OFF in the MetaTrader terminal. Turn it on there first - this is the terminal's own safety switch and the bridge will not override it.
2026-09-22T13:45:30+10:00  order     REFUSED Algo Trading is switched OFF in the MetaTrader terminal. Turn it on there first - this is the terminal's own safety switch and the bridge will not override it.
2026-09-22T13:46:00+10:00  order     REFUSED Algo Trading is switched OFF in the MetaTrader terminal. Turn it on there first - this is the terminal's own safety switch and the bridge will not override it.
2026-09-22T13:46:31+10:00  order     REFUSED Algo Trading is switched OFF in the MetaTrader terminal. Turn it on there first - this is the terminal's own safety switch and the bridge will not override it.
2026-09-22T13:47:03+10:00  order     REFUSED Algo Trading is switched OFF in the MetaTrader terminal. Turn it on there first - this is the terminal's own safety switch and the bridge will not override it.
2026-09-22T13:47:35+10:00  order     REFUSED Algo Trading is switched OFF in the MetaTrader terminal. Turn it on there first - this is the terminal's own safety switch and the bridge will not override it.
2026-09-22T13:48:07+10:00  order     REFUSED Algo Trading is switched OFF in the MetaTrader terminal. Turn it on there first - this is the terminal's own safety switch and the bridge will not override it.
2026-09-22T13:48:39+10:00  order     REFUSED Algo Trading is switched OFF in the MetaTrader terminal. Turn it on there first - this is the terminal's own safety switch and the bridge will not override it.
2026-09-22T13:49:10+10:00  order     REFUSED Algo Trading is switched OFF in the MetaTrader terminal. Turn it on there first - this is the terminal's own safety switch and the bridge will not override it.
2026-09-22T13:50:02+10:00  order     REFUSED Algo Trading is switched OFF in the MetaTrader terminal. Turn it on there first - this is the terminal's own safety switch and the bridge will not override it.
2026-09-22T13:50:33+10:00  order     REFUSED Algo Trading is switched OFF in the MetaTrader terminal. Turn it on there first - this is the terminal's own safety switch and the bridge will not override it.
2026-09-22T13:51:04+10:00  order     REFUSED Algo Trading is switched OFF in the MetaTrader terminal. Turn it on there first - this is the terminal's own safety switch and the bridge will not override it.
2026-09-22T13:51:34+10:00  order     REFUSED Algo Trading is switched OFF in the MetaTrader terminal. Turn it on there first - this is the terminal's own safety switch and the bridge will not override it.
2026-09-22T13:52:07+10:00  order     REFUSED Algo Trading is switched OFF in the MetaTrader terminal. Turn it on there first - this is the terminal's own safety switch and the bridge will not override it.
2026-09-22T13:52:39+10:00  order     REFUSED Algo Trading is switched OFF in the MetaTrader terminal. Turn it on there first - this is the terminal's own safety switch and the bridge will not override it.
2026-09-22T13:53:11+10:00  order     REFUSED Algo Trading is switched OFF in the MetaTrader terminal. Turn it on there first - this is the terminal's own safety switch and the bridge will not override it.
2026-09-22T13:53:43+10:00  order     REFUSED Algo Trading is switched OFF in the MetaTrader terminal. Turn it on there first - this is the terminal's own safety switch and the bridge will not override it.
2026-09-22T13:54:14+10:00  order     REFUSED Algo Trading is switched OFF in the MetaTrader terminal. Turn it on there first - this is the terminal's own safety switch and the bridge will not override it.
2026-09-22T13:54:45+10:00  order     REFUSED Algo Trading is switched OFF in the MetaTrader terminal. Turn it on there first - this is the terminal's own safety switch and the bridge will not override it.
2026-09-22T13:55:18+10:00  order     REFUSED Algo Trading is switched OFF in the MetaTrader terminal. Turn it on there first - this is the terminal's own safety switch and the bridge will not override it.
2026-09-22T13:55:49+10:00  order     REFUSED Algo Trading is switched OFF in the MetaTrader terminal. Turn it on there first - this is the terminal's own safety switch and the bridge will not override it.
2026-09-22T13:56:21+10:00  order     REFUSED Algo Trading is switched OFF in the MetaTrader terminal. Turn it on there first - this is the terminal's own safety switch and the bridge will not override it.
2026-09-22T13:56:53+10:00  order     REFUSED Algo Trading is switched OFF in the MetaTrader terminal. Turn it on there first - this is the terminal's own safety switch and the bridge will not override it.
2026-09-22T13:57:25+10:00  order     REFUSED Algo Trading is switched OFF in the MetaTrader terminal. Turn it on there first - this is the terminal's own safety switch and the bridge will not override it.
2026-09-22T13:57:57+10:00  order     REFUSED Algo Trading is switched OFF in the MetaTrader terminal. Turn it on there first - this is the terminal's own safety switch and the bridge will not override it.
2026-09-22T13:58:27+10:00  order     REFUSED Algo Trading is switched OFF in the MetaTrader terminal. Turn it on there first - this is the terminal's own safety switch and the bridge will not override it.
2026-09-22T13:58:58+10:00  order     REFUSED Algo Trading is switched OFF in the MetaTrader terminal. Turn it on there first - this is the terminal's own safety switch and the bridge will not override it.
2026-09-22T13:59:30+10:00  order     REFUSED Algo Trading is switched OFF in the MetaTrader terminal. Turn it on there first - this is the terminal's own safety switch and the bridge will not override it.
2026-09-22T14:00:00+10:00  order     REFUSED Algo Trading is switched OFF in the MetaTrader terminal. Turn it on there first - this is the terminal's own safety switch and the bridge will not override it.
2026-09-22T14:00:32+10:00  order     REFUSED Algo Trading is switched OFF in the MetaTrader terminal. Turn it on there first - this is the terminal's own safety switch and the bridge will not override it.
2026-09-22T14:01:04+10:00  order     REFUSED Algo Trading is switched OFF in the MetaTrader terminal. Turn it on there first - this is the terminal's own safety switch and the bridge will not override it.
2026-09-22T14:01:34+10:00  order     REFUSED Algo Trading is switched OFF in the MetaTrader terminal. Turn it on there first - this is the terminal's own safety switch and the bridge will not override it.
2026-09-22T14:01:36+10:00  order     REFUSED Algo Trading is switched OFF in the MetaTrader terminal. Turn it on there first - this is the terminal's own safety switch and the bridge will not override it.
2026-09-22T14:02:04+10:00  order     REFUSED Algo Trading is switched OFF in the MetaTrader terminal. Turn it on there first - this is the terminal's own safety switch and the bridge will not override it.
2026-09-22T14:02:06+10:00  order     REFUSED Algo Trading is switched OFF in the MetaTrader terminal. Turn it on there first - this is the terminal's own safety switch and the bridge will not override it.
2026-09-22T14:02:09+10:00  order     REFUSED Algo Trading is switched OFF in the MetaTrader terminal. Turn it on there first - this is the terminal's own safety switch and the bridge will not override it.
2026-09-22T14:02:36+10:00  order     REFUSED Algo Trading is switched OFF in the MetaTrader terminal. Turn it on there first - this is the terminal's own safety switch and the bridge will not override it.
2026-09-22T14:02:39+10:00  order     REFUSED Algo Trading is switched OFF in the MetaTrader terminal. Turn it on there first - this is the terminal's own safety switch and the bridge will not override it.
2026-09-22T14:02:42+10:00  order     REFUSED Algo Trading is switched OFF in the MetaTrader terminal. Turn it on there first - this is the terminal's own safety switch and the bridge will not override it.
2026-09-22T14:03:09+10:00  order     REFUSED Algo Trading is switched OFF in the MetaTrader terminal. Turn it on there first - this is the terminal's own safety switch and the bridge will not override it.
2026-09-22T14:03:09+10:00  order     REFUSED Algo Trading is switched OFF in the MetaTrader terminal. Turn it on there first - this is the terminal's own safety switch and the bridge will not override it.
2026-09-22T14:03:14+10:00  order     REFUSED Algo Trading is switched OFF in the MetaTrader terminal. Turn it on there first - this is the terminal's own safety switch and the bridge will not override it.
2026-09-22T14:03:41+10:00  order     REFUSED Algo Trading is switched OFF in the MetaTrader terminal. Turn it on there first - this is the terminal's own safety switch and the bridge will not override it.
2026-09-22T14:03:41+10:00  order     REFUSED Algo Trading is switched OFF in the MetaTrader terminal. Turn it on there first - this is the terminal's own safety switch and the bridge will not override it.
2026-09-22T14:03:46+10:00  order     REFUSED Algo Trading is switched OFF in the MetaTrader terminal. Turn it on there first - this is the terminal's own safety switch and the bridge will not override it.
2026-09-22T14:04:13+10:00  order     REFUSED Algo Trading is switched OFF in the MetaTrader terminal. Turn it on there first - this is the terminal's own safety switch and the bridge will not override it.
2026-09-22T14:04:13+10:00  order     REFUSED Algo Trading is switched OFF in the MetaTrader terminal. Turn it on there first - this is the terminal's own safety switch and the bridge will not override it.
2026-09-22T14:04:18+10:00  order     REFUSED Algo Trading is switched OFF in the MetaTrader terminal. Turn it on there first - this is the terminal's own safety switch and the bridge will not override it.
2026-09-22T14:04:44+10:00  order     REFUSED Algo Trading is switched OFF in the MetaTrader terminal. Turn it on there first - this is the terminal's own safety switch and the bridge will not override it.
2026-09-22T14:04:45+10:00  order     REFUSED Algo Trading is switched OFF in the MetaTrader terminal. Turn it on there first - this is the terminal's own safety switch and the bridge will not override it.
2026-09-22T14:04:50+10:00  order     REFUSED Algo Trading is switched OFF in the MetaTrader terminal. Turn it on there first - this is the terminal's own safety switch and the bridge will not override it.
2026-09-22T14:05:16+10:00  order     REFUSED Algo Trading is switched OFF in the MetaTrader terminal. Turn it on there first - this is the terminal's own safety switch and the bridge will not override it.
2026-09-22T14:05:16+10:00  order     REFUSED Algo Trading is switched OFF in the MetaTrader terminal. Turn it on there first - this is the terminal's own safety switch and the bridge will not override it.
2026-09-22T14:05:22+10:00  order     REFUSED Algo Trading is switched OFF in the MetaTrader terminal. Turn it on there first - this is the terminal's own safety switch and the bridge will not override it.
2026-09-22T14:05:49+10:00  order     REFUSED Algo Trading is switched OFF in the MetaTrader terminal. Turn it on there first - this is the terminal's own safety switch and the bridge will not override it.
2026-09-22T14:05:49+10:00  order     REFUSED Algo Trading is switched OFF in the MetaTrader terminal. Turn it on there first - this is the terminal's own safety switch and the bridge will not override it.
2026-09-22T14:05:54+10:00  order     REFUSED Algo Trading is switched OFF in the MetaTrader terminal. Turn it on there first - this is the terminal's own safety switch and the bridge will not override it.
2026-09-22T14:06:21+10:00  order     REFUSED Algo Trading is switched OFF in the MetaTrader terminal. Turn it on there first - this is the terminal's own safety switch and the bridge will not override it.
2026-09-22T14:06:21+10:00  order     REFUSED Algo Trading is switched OFF in the MetaTrader terminal. Turn it on there first - this is the terminal's own safety switch and the bridge will not override it.
2026-09-22T14:06:26+10:00  order     REFUSED Algo Trading is switched OFF in the MetaTrader terminal. Turn it on there first - this is the terminal's own safety switch and the bridge will not override it.
2026-09-22T14:06:51+10:00  order     REFUSED Algo Trading is switched OFF in the MetaTrader terminal. Turn it on there first - this is the terminal's own safety switch and the bridge will not override it.
2026-09-22T14:06:51+10:00  order     REFUSED Algo Trading is switched OFF in the MetaTrader terminal. Turn it on there first - this is the terminal's own safety switch and the bridge will not override it.
2026-09-22T14:06:57+10:00  order     REFUSED Algo Trading is switched OFF in the MetaTrader terminal. Turn it on there first - this is the terminal's own safety switch and the bridge will not override it.
2026-09-22T14:07:23+10:00  order     REFUSED Algo Trading is switched OFF in the MetaTrader terminal. Turn it on there first - this is the terminal's own safety switch and the bridge will not override it.
2026-09-22T14:07:23+10:00  order     REFUSED Algo Trading is switched OFF in the MetaTrader terminal. Turn it on there first - this is the terminal's own safety switch and the bridge will not override it.
2026-09-22T14:07:29+10:00  order     REFUSED Algo Trading is switched OFF in the MetaTrader terminal. Turn it on there first - this is the terminal's own safety switch and the bridge will not override it.
2026-09-22T14:07:53+10:00  order     REFUSED Algo Trading is switched OFF in the MetaTrader terminal. Turn it on there first - this is the terminal's own safety switch and the bridge will not override it.
2026-09-22T14:07:53+10:00  order     REFUSED Algo Trading is switched OFF in the MetaTrader terminal. Turn it on there first - this is the terminal's own safety switch and the bridge will not override it.
2026-09-22T14:07:59+10:00  order     REFUSED Algo Trading is switched OFF in the MetaTrader terminal. Turn it on there first - this is the terminal's own safety switch and the bridge will not override it.
2026-09-22T14:08:24+10:00  order     REFUSED Algo Trading is switched OFF in the MetaTrader terminal. Turn it on there first - this is the terminal's own safety switch and the bridge will not override it.
2026-09-22T14:08:24+10:00  order     REFUSED Algo Trading is switched OFF in the MetaTrader terminal. Turn it on there first - this is the terminal's own safety switch and the bridge will not override it.
2026-09-22T14:08:29+10:00  order     REFUSED Algo Trading is switched OFF in the MetaTrader terminal. Turn it on there first - this is the terminal's own safety switch and the bridge will not override it.
2026-09-22T14:08:56+10:00  order     REFUSED Algo Trading is switched OFF in the MetaTrader terminal. Turn it on there first - this is the terminal's own safety switch and the bridge will not override it.
2026-09-22T14:08:56+10:00  order     REFUSED Algo Trading is switched OFF in the MetaTrader terminal. Turn it on there first - this is the terminal's own safety switch and the bridge will not override it.
2026-09-22T14:09:02+10:00  order     REFUSED Algo Trading is switched OFF in the MetaTrader terminal. Turn it on there first - this is the terminal's own safety switch and the bridge will not override it.
2026-09-22T14:09:27+10:00  order     REFUSED Algo Trading is switched OFF in the MetaTrader terminal. Turn it on there first - this is the terminal's own safety switch and the bridge will not override it.
2026-09-22T14:09:27+10:00  order     REFUSED Algo Trading is switched OFF in the MetaTrader terminal. Turn it on there first - this is the terminal's own safety switch and the bridge will not override it.
2026-09-22T14:09:32+10:00  order     REFUSED Algo Trading is switched OFF in the MetaTrader terminal. Turn it on there first - this is the terminal's own safety switch and the bridge will not override it.
2026-09-22T14:09:57+10:00  order     REFUSED Algo Trading is switched OFF in the MetaTrader terminal. Turn it on there first - this is the terminal's own safety switch and the bridge will not override it.
2026-09-22T14:09:57+10:00  order     REFUSED Algo Trading is switched OFF in the MetaTrader terminal. Turn it on there first - this is the terminal's own safety switch and the bridge will not override it.
2026-09-22T14:10:02+10:00  order     REFUSED Algo Trading is switched OFF in the MetaTrader terminal. Turn it on there first - this is the terminal's own safety switch and the bridge will not override it.
2026-09-22T14:10:27+10:00  order     REFUSED Algo Trading is switched OFF in the MetaTrader terminal. Turn it on there first - this is the terminal's own safety switch and the bridge will not override it.
2026-09-22T14:10:27+10:00  order     REFUSED Algo Trading is switched OFF in the MetaTrader terminal. Turn it on there first - this is the terminal's own safety switch and the bridge will not override it.
2026-09-22T14:10:35+10:00  order     REFUSED Algo Trading is switched OFF in the MetaTrader terminal. Turn it on there first - this is the terminal's own safety switch and the bridge will not override it.
2026-09-22T14:10:59+10:00  order     REFUSED Algo Trading is switched OFF in the MetaTrader terminal. Turn it on there first - this is the terminal's own safety switch and the bridge will not override it.
2026-09-22T14:10:59+10:00  order     REFUSED Algo Trading is switched OFF in the MetaTrader terminal. Turn it on there first - this is the terminal's own safety switch and the bridge will not override it.
2026-09-22T14:11:07+10:00  order     REFUSED Algo Trading is switched OFF in the MetaTrader terminal. Turn it on there first - this is the terminal's own safety switch and the bridge will not override it.
2026-09-22T14:11:31+10:00  order     REFUSED Algo Trading is switched OFF in the MetaTrader terminal. Turn it on there first - this is the terminal's own safety switch and the bridge will not override it.
2026-09-22T14:11:31+10:00  order     REFUSED Algo Trading is switched OFF in the MetaTrader terminal. Turn it on there first - this is the terminal's own safety switch and the bridge will not override it.
2026-09-22T14:11:39+10:00  order     REFUSED Algo Trading is switched OFF in the MetaTrader terminal. Turn it on there first - this is the terminal's own safety switch and the bridge will not override it.
2026-09-22T14:12:01+10:00  order     REFUSED Algo Trading is switched OFF in the MetaTrader terminal. Turn it on there first - this is the terminal's own safety switch and the bridge will not override it.
2026-09-22T14:12:02+10:00  order     REFUSED Algo Trading is switched OFF in the MetaTrader terminal. Turn it on there first - this is the terminal's own safety switch and the bridge will not override it.
2026-09-22T14:12:09+10:00  order     REFUSED Algo Trading is switched OFF in the MetaTrader terminal. Turn it on there first - this is the terminal's own safety switch and the bridge will not override it.
2026-09-22T14:12:34+10:00  order     REFUSED Algo Trading is switched OFF in the MetaTrader terminal. Turn it on there first - this is the terminal's own safety switch and the bridge will not override it.
2026-09-22T14:12:34+10:00  order     REFUSED Algo Trading is switched OFF in the MetaTrader terminal. Turn it on there first - this is the terminal's own safety switch and the bridge will not override it.
2026-09-22T14:12:42+10:00  order     REFUSED Algo Trading is switched OFF in the MetaTrader terminal. Turn it on there first - this is the terminal's own safety switch and the bridge will not override it.
2026-09-22T14:13:06+10:00  order     REFUSED Algo Trading is switched OFF in the MetaTrader terminal. Turn it on there first - this is the terminal's own safety switch and the bridge will not override it.
2026-09-22T14:13:06+10:00  order     REFUSED Algo Trading is switched OFF in the MetaTrader terminal. Turn it on there first - this is the terminal's own safety switch and the bridge will not override it.
2026-09-22T14:13:14+10:00  order     REFUSED Algo Trading is switched OFF in the MetaTrader terminal. Turn it on there first - this is the terminal's own safety switch and the bridge will not override it.
2026-09-22T14:13:38+10:00  order     REFUSED Algo Trading is switched OFF in the MetaTrader terminal. Turn it on there first - this is the terminal's own safety switch and the bridge will not override it.
2026-09-22T14:13:38+10:00  order     REFUSED Algo Trading is switched OFF in the MetaTrader terminal. Turn it on there first - this is the terminal's own safety switch and the bridge will not override it.
2026-09-22T14:13:45+10:00  order     REFUSED Algo Trading is switched OFF in the MetaTrader terminal. Turn it on there first - this is the terminal's own safety switch and the bridge will not override it.
2026-09-22T14:14:09+10:00  order     REFUSED Algo Trading is switched OFF in the MetaTrader terminal. Turn it on there first - this is the terminal's own safety switch and the bridge will not override it.
2026-09-22T14:14:09+10:00  order     REFUSED Algo Trading is switched OFF in the MetaTrader terminal. Turn it on there first - this is the terminal's own safety switch and the bridge will not override it.
2026-09-22T14:14:17+10:00  order     REFUSED Algo Trading is switched OFF in the MetaTrader terminal. Turn it on there first - this is the terminal's own safety switch and the bridge will not override it.
2026-09-22T14:14:41+10:00  order     REFUSED Algo Trading is switched OFF in the MetaTrader terminal. Turn it on there first - this is the terminal's own safety switch and the bridge will not override it.
2026-09-22T14:14:41+10:00  order     REFUSED Algo Trading is switched OFF in the MetaTrader terminal. Turn it on there first - this is the terminal's own safety switch and the bridge will not override it.
2026-09-22T14:14:49+10:00  order     REFUSED Algo Trading is switched OFF in the MetaTrader terminal. Turn it on there first - this is the terminal's own safety switch and the bridge will not override it.
2026-09-22T14:15:13+10:00  order     REFUSED Algo Trading is switched OFF in the MetaTrader terminal. Turn it on there first - this is the terminal's own safety switch and the bridge will not override it.
2026-09-22T14:15:13+10:00  order     REFUSED Algo Trading is switched OFF in the MetaTrader terminal. Turn it on there first - this is the terminal's own safety switch and the bridge will not override it.
2026-09-22T14:15:21+10:00  order     REFUSED Algo Trading is switched OFF in the MetaTrader terminal. Turn it on there first - this is the terminal's own safety switch and the bridge will not override it.
2026-09-22T14:15:45+10:00  order     REFUSED Algo Trading is switched OFF in the MetaTrader terminal. Turn it on there first - this is the terminal's own safety switch and the bridge will not override it.
2026-09-22T14:15:45+10:00  order     REFUSED Algo Trading is switched OFF in the MetaTrader terminal. Turn it on there first - this is the terminal's own safety switch and the bridge will not override it.
2026-09-22T14:15:53+10:00  order     REFUSED Algo Trading is switched OFF in the MetaTrader terminal. Turn it on there first - this is the terminal's own safety switch and the bridge will not override it.
2026-09-22T14:16:16+10:00  order     REFUSED Algo Trading is switched OFF in the MetaTrader terminal. Turn it on there first - this is the terminal's own safety switch and the bridge will not override it.
2026-09-22T14:16:16+10:00  order     REFUSED Algo Trading is switched OFF in the MetaTrader terminal. Turn it on there first - this is the terminal's own safety switch and the bridge will not override it.
2026-09-22T14:16:24+10:00  order     REFUSED Algo Trading is switched OFF in the MetaTrader terminal. Turn it on there first - this is the terminal's own safety switch and the bridge will not override it.
2026-09-22T14:16:47+10:00  order     REFUSED Algo Trading is switched OFF in the MetaTrader terminal. Turn it on there first - this is the terminal's own safety switch and the bridge will not override it.
2026-09-22T14:16:48+10:00  order     REFUSED Algo Trading is switched OFF in the MetaTrader terminal. Turn it on there first - this is the terminal's own safety switch and the bridge will not override it.
2026-09-22T14:16:56+10:00  order     REFUSED Algo Trading is switched OFF in the MetaTrader terminal. Turn it on there first - this is the terminal's own safety switch and the bridge will not override it.
2026-09-22T14:17:18+10:00  order     REFUSED Algo Trading is switched OFF in the MetaTrader terminal. Turn it on there first - this is the terminal's own safety switch and the bridge will not override it.
2026-09-22T14:17:20+10:00  order     REFUSED Algo Trading is switched OFF in the MetaTrader terminal. Turn it on there first - this is the terminal's own safety switch and the bridge will not override it.
2026-09-22T14:17:20+10:00  order     REFUSED Algo Trading is switched OFF in the MetaTrader terminal. Turn it on there first - this is the terminal's own safety switch and the bridge will not override it.
2026-09-22T14:17:28+10:00  order     REFUSED Algo Trading is switched OFF in the MetaTrader terminal. Turn it on there first - this is the terminal's own safety switch and the bridge will not override it.
2026-09-22T14:17:48+10:00  order     REFUSED Algo Trading is switched OFF in the MetaTrader terminal. Turn it on there first - this is the terminal's own safety switch and the bridge will not override it.
2026-09-22T14:17:51+10:00  order     REFUSED Algo Trading is switched OFF in the MetaTrader terminal. Turn it on there first - this is the terminal's own safety switch and the bridge will not override it.
2026-09-22T14:17:51+10:00  order     REFUSED Algo Trading is switched OFF in the MetaTrader terminal. Turn it on there first - this is the terminal's own safety switch and the bridge will not override it.
2026-09-22T14:17:59+10:00  order     REFUSED Algo Trading is switched OFF in the MetaTrader terminal. Turn it on there first - this is the terminal's own safety switch and the bridge will not override it.
2026-09-22T14:18:20+10:00  order     REFUSED Algo Trading is switched OFF in the MetaTrader terminal. Turn it on there first - this is the terminal's own safety switch and the bridge will not override it.
2026-09-22T14:18:22+10:00  order     REFUSED Algo Trading is switched OFF in the MetaTrader terminal. Turn it on there first - this is the terminal's own safety switch and the bridge will not override it.
2026-09-22T14:18:22+10:00  order     REFUSED Algo Trading is switched OFF in the MetaTrader terminal. Turn it on there first - this is the terminal's own safety switch and the bridge will not override it.
2026-09-22T14:18:30+10:00  order     REFUSED Algo Trading is switched OFF in the MetaTrader terminal. Turn it on there first - this is the terminal's own safety switch and the bridge will not override it.
2026-09-22T14:18:50+10:00  order     REFUSED Algo Trading is switched OFF in the MetaTrader terminal. Turn it on there first - this is the terminal's own safety switch and the bridge will not override it.
2026-09-22T14:18:53+10:00  order     REFUSED Algo Trading is switched OFF in the MetaTrader terminal. Turn it on there first - this is the terminal's own safety switch and the bridge will not override it.
2026-09-22T14:18:53+10:00  order     REFUSED Algo Trading is switched OFF in the MetaTrader terminal. Turn it on there first - this is the terminal's own safety switch and the bridge will not override it.
2026-09-22T14:19:00+10:00  order     REFUSED Algo Trading is switched OFF in the MetaTrader terminal. Turn it on there first - this is the terminal's own safety switch and the bridge will not override it.
2026-09-22T14:19:22+10:00  order     REFUSED Algo Trading is switched OFF in the MetaTrader terminal. Turn it on there first - this is the terminal's own safety switch and the bridge will not override it.
2026-09-22T14:19:24+10:00  order     REFUSED Algo Trading is switched OFF in the MetaTrader terminal. Turn it on there first - this is the terminal's own safety switch and the bridge will not override it.
2026-09-22T14:19:24+10:00  order     REFUSED Algo Trading is switched OFF in the MetaTrader terminal. Turn it on there first - this is the terminal's own safety switch and the bridge will not override it.
2026-09-22T14:19:32+10:00  order     REFUSED Algo Trading is switched OFF in the MetaTrader terminal. Turn it on there first - this is the terminal's own safety switch and the bridge will not override it.
2026-09-22T14:19:55+10:00  order     REFUSED Algo Trading is switched OFF in the MetaTrader terminal. Turn it on there first - this is the terminal's own safety switch and the bridge will not override it.
2026-09-22T14:19:55+10:00  order     REFUSED Algo Trading is switched OFF in the MetaTrader terminal. Turn it on there first - this is the terminal's own safety switch and the bridge will not override it.
2026-09-22T14:19:55+10:00  order     REFUSED Algo Trading is switched OFF in the MetaTrader terminal. Turn it on there first - this is the terminal's own safety switch and the bridge will not override it.
2026-09-22T14:20:03+10:00  order     REFUSED Algo Trading is switched OFF in the MetaTrader terminal. Turn it on there first - this is the terminal's own safety switch and the bridge will not override it.
2026-09-22T14:20:26+10:00  order     REFUSED Algo Trading is switched OFF in the MetaTrader terminal. Turn it on there first - this is the terminal's own safety switch and the bridge will not override it.
2026-09-22T14:20:26+10:00  order     REFUSED Algo Trading is switched OFF in the MetaTrader terminal. Turn it on there first - this is the terminal's own safety switch and the bridge will not override it.
2026-09-22T14:20:26+10:00  order     REFUSED Algo Trading is switched OFF in the MetaTrader terminal. Turn it on there first - this is the terminal's own safety switch and the bridge will not override it.
2026-09-22T14:20:34+10:00  order     REFUSED Algo Trading is switched OFF in the MetaTrader terminal. Turn it on there first - this is the terminal's own safety switch and the bridge will not override it.
2026-09-22T14:20:57+10:00  order     REFUSED Algo Trading is switched OFF in the MetaTrader terminal. Turn it on there first - this is the terminal's own safety switch and the bridge will not override it.
2026-09-22T14:20:57+10:00  order     REFUSED Algo Trading is switched OFF in the MetaTrader terminal. Turn it on there first - this is the terminal's own safety switch and the bridge will not override it.
2026-09-22T14:20:57+10:00  order     REFUSED Algo Trading is switched OFF in the MetaTrader terminal. Turn it on there first - this is the terminal's own safety switch and the bridge will not override it.
2026-09-22T14:21:05+10:00  order     REFUSED Algo Trading is switched OFF in the MetaTrader terminal. Turn it on there first - this is the terminal's own safety switch and the bridge will not override it.
2026-09-22T14:21:27+10:00  order     REFUSED Algo Trading is switched OFF in the MetaTrader terminal. Turn it on there first - this is the terminal's own safety switch and the bridge will not override it.
2026-09-22T14:21:30+10:00  order     REFUSED Algo Trading is switched OFF in the MetaTrader terminal. Turn it on there first - this is the terminal's own safety switch and the bridge will not override it.
2026-09-22T14:21:30+10:00  order     REFUSED Algo Trading is switched OFF in the MetaTrader terminal. Turn it on there first - this is the terminal's own safety switch and the bridge will not override it.
2026-09-22T14:21:35+10:00  order     REFUSED Algo Trading is switched OFF in the MetaTrader terminal. Turn it on there first - this is the terminal's own safety switch and the bridge will not override it.
2026-09-22T14:21:57+10:00  order     REFUSED Algo Trading is switched OFF in the MetaTrader terminal. Turn it on there first - this is the terminal's own safety switch and the bridge will not override it.
2026-09-22T14:22:00+10:00  order     REFUSED Algo Trading is switched OFF in the MetaTrader terminal. Turn it on there first - this is the terminal's own safety switch and the bridge will not override it.
2026-09-22T14:22:00+10:00  order     REFUSED Algo Trading is switched OFF in the MetaTrader terminal. Turn it on there first - this is the terminal's own safety switch and the bridge will not override it.
2026-09-22T14:22:06+10:00  order     REFUSED Algo Trading is switched OFF in the MetaTrader terminal. Turn it on there first - this is the terminal's own safety switch and the bridge will not override it.
2026-09-22T14:22:29+10:00  order     REFUSED Algo Trading is switched OFF in the MetaTrader terminal. Turn it on there first - this is the terminal's own safety switch and the bridge will not override it.
2026-09-22T14:22:32+10:00  order     REFUSED Algo Trading is switched OFF in the MetaTrader terminal. Turn it on there first - this is the terminal's own safety switch and the bridge will not override it.
2026-09-22T14:22:32+10:00  order     REFUSED Algo Trading is switched OFF in the MetaTrader terminal. Turn it on there first - this is the terminal's own safety switch and the bridge will not override it.
2026-09-22T14:22:37+10:00  order     REFUSED Algo Trading is switched OFF in the MetaTrader terminal. Turn it on there first - this is the terminal's own safety switch and the bridge will not override it.
2026-09-22T14:23:01+10:00  order     REFUSED Algo Trading is switched OFF in the MetaTrader terminal. Turn it on there first - this is the terminal's own safety switch and the bridge will not override it.
2026-09-22T14:23:03+10:00  order     REFUSED Algo Trading is switched OFF in the MetaTrader terminal. Turn it on there first - this is the terminal's own safety switch and the bridge will not override it.
2026-09-22T14:23:03+10:00  order     REFUSED Algo Trading is switched OFF in the MetaTrader terminal. Turn it on there first - this is the terminal's own safety switch and the bridge will not override it.
2026-09-22T14:23:08+10:00  order     REFUSED Algo Trading is switched OFF in the MetaTrader terminal. Turn it on there first - this is the terminal's own safety switch and the bridge will not override it.
2026-09-22T14:23:31+10:00  order     REFUSED Algo Trading is switched OFF in the MetaTrader terminal. Turn it on there first - this is the terminal's own safety switch and the bridge will not override it.
2026-09-22T14:23:34+10:00  order     REFUSED Algo Trading is switched OFF in the MetaTrader terminal. Turn it on there first - this is the terminal's own safety switch and the bridge will not override it.
2026-09-22T14:23:34+10:00  order     REFUSED Algo Trading is switched OFF in the MetaTrader terminal. Turn it on there first - this is the terminal's own safety switch and the bridge will not override it.
2026-09-22T14:23:39+10:00  order     REFUSED Algo Trading is switched OFF in the MetaTrader terminal. Turn it on there first - this is the terminal's own safety switch and the bridge will not override it.
2026-09-22T14:24:03+10:00  order     REFUSED Algo Trading is switched OFF in the MetaTrader terminal. Turn it on there first - this is the terminal's own safety switch and the bridge will not override it.
2026-09-22T14:24:06+10:00  order     REFUSED Algo Trading is switched OFF in the MetaTrader terminal. Turn it on there first - this is the terminal's own safety switch and the bridge will not override it.
2026-09-22T14:24:06+10:00  order     REFUSED Algo Trading is switched OFF in the MetaTrader terminal. Turn it on there first - this is the terminal's own safety switch and the bridge will not override it.
2026-09-22T14:24:11+10:00  order     REFUSED Algo Trading is switched OFF in the MetaTrader terminal. Turn it on there first - this is the terminal's own safety switch and the bridge will not override it.
2026-09-22T14:24:34+10:00  order     REFUSED Algo Trading is switched OFF in the MetaTrader terminal. Turn it on there first - this is the terminal's own safety switch and the bridge will not override it.
2026-09-22T14:24:37+10:00  order     REFUSED Algo Trading is switched OFF in the MetaTrader terminal. Turn it on there first - this is the terminal's own safety switch and the bridge will not override it.
2026-09-22T14:24:42+10:00  order     REFUSED Algo Trading is switched OFF in the MetaTrader terminal. Turn it on there first - this is the terminal's own safety switch and the bridge will not override it.
2026-09-22T14:25:06+10:00  order     REFUSED Algo Trading is switched OFF in the MetaTrader terminal. Turn it on there first - this is the terminal's own safety switch and the bridge will not override it.
2026-09-22T14:25:09+10:00  order     REFUSED Algo Trading is switched OFF in the MetaTrader terminal. Turn it on there first - this is the terminal's own safety switch and the bridge will not override it.
2026-09-22T14:25:14+10:00  order     REFUSED Algo Trading is switched OFF in the MetaTrader terminal. Turn it on there first - this is the terminal's own safety switch and the bridge will not override it.
2026-09-22T14:25:38+10:00  order     REFUSED Algo Trading is switched OFF in the MetaTrader terminal. Turn it on there first - this is the terminal's own safety switch and the bridge will not override it.
2026-09-22T14:25:41+10:00  order     REFUSED Algo Trading is switched OFF in the MetaTrader terminal. Turn it on there first - this is the terminal's own safety switch and the bridge will not override it.
2026-09-22T14:25:46+10:00  order     REFUSED Algo Trading is switched OFF in the MetaTrader terminal. Turn it on there first - this is the terminal's own safety switch and the bridge will not override it.
2026-09-22T14:26:10+10:00  order     REFUSED Algo Trading is switched OFF in the MetaTrader terminal. Turn it on there first - this is the terminal's own safety switch and the bridge will not override it.
2026-09-22T14:26:13+10:00  order     REFUSED Algo Trading is switched OFF in the MetaTrader terminal. Turn it on there first - this is the terminal's own safety switch and the bridge will not override it.
2026-09-22T14:26:18+10:00  order     REFUSED Algo Trading is switched OFF in the MetaTrader terminal. Turn it on there first - this is the terminal's own safety switch and the bridge will not override it.
2026-09-22T14:26:31+10:00  order     REFUSED Algo Trading is switched OFF in the MetaTrader terminal. Turn it on there first - this is the terminal's own safety switch and the bridge will not override it.
2026-09-22T14:26:43+10:00  order     REFUSED Algo Trading is switched OFF in the MetaTrader terminal. Turn it on there first - this is the terminal's own safety switch and the bridge will not override it.
2026-09-22T14:26:45+10:00  order     REFUSED Algo Trading is switched OFF in the MetaTrader terminal. Turn it on there first - this is the terminal's own safety switch and the bridge will not override it.
2026-09-22T14:26:50+10:00  order     REFUSED Algo Trading is switched OFF in the MetaTrader terminal. Turn it on there first - this is the terminal's own safety switch and the bridge will not override it.
2026-09-22T14:27:04+10:00  order     REFUSED Algo Trading is switched OFF in the MetaTrader terminal. Turn it on there first - this is the terminal's own safety switch and the bridge will not override it.
2026-09-22T14:27:14+10:00  order     REFUSED Algo Trading is switched OFF in the MetaTrader terminal. Turn it on there first - this is the terminal's own safety switch and the bridge will not override it.
2026-09-22T14:27:17+10:00  order     REFUSED Algo Trading is switched OFF in the MetaTrader terminal. Turn it on there first - this is the terminal's own safety switch and the bridge will not override it.
2026-09-22T14:27:22+10:00  order     REFUSED Algo Trading is switched OFF in the MetaTrader terminal. Turn it on there first - this is the terminal's own safety switch and the bridge will not override it.
2026-09-22T14:27:35+10:00  order     REFUSED Algo Trading is switched OFF in the MetaTrader terminal. Turn it on there first - this is the terminal's own safety switch and the bridge will not override it.
2026-09-22T14:27:45+10:00  order     REFUSED Algo Trading is switched OFF in the MetaTrader terminal. Turn it on there first - this is the terminal's own safety switch and the bridge will not override it.
2026-09-22T14:27:48+10:00  order     REFUSED Algo Trading is switched OFF in the MetaTrader terminal. Turn it on there first - this is the terminal's own safety switch and the bridge will not override it.
2026-09-22T14:27:53+10:00  order     REFUSED Algo Trading is switched OFF in the MetaTrader terminal. Turn it on there first - this is the terminal's own safety switch and the bridge will not override it.
2026-09-22T14:28:06+10:00  order     REFUSED Algo Trading is switched OFF in the MetaTrader terminal. Turn it on there first - this is the terminal's own safety switch and the bridge will not override it.
2026-09-22T14:28:16+10:00  order     REFUSED Algo Trading is switched OFF in the MetaTrader terminal. Turn it on there first - this is the terminal's own safety switch and the bridge will not override it.
2026-09-22T14:28:19+10:00  order     REFUSED Algo Trading is switched OFF in the MetaTrader terminal. Turn it on there first - this is the terminal's own safety switch and the bridge will not override it.
2026-09-22T14:28:24+10:00  order     REFUSED Algo Trading is switched OFF in the MetaTrader terminal. Turn it on there first - this is the terminal's own safety switch and the bridge will not override it.
2026-09-22T14:28:49+10:00  order     REFUSED Algo Trading is switched OFF in the MetaTrader terminal. Turn it on there first - this is the terminal's own safety switch and the bridge will not override it.
2026-09-22T14:28:52+10:00  order     REFUSED Algo Trading is switched OFF in the MetaTrader terminal. Turn it on there first - this is the terminal's own safety switch and the bridge will not override it.
2026-09-22T14:28:57+10:00  order     REFUSED Algo Trading is switched OFF in the MetaTrader terminal. Turn it on there first - this is the terminal's own safety switch and the bridge will not override it.
2026-09-22T14:29:19+10:00  order     REFUSED Algo Trading is switched OFF in the MetaTrader terminal. Turn it on there first - this is the terminal's own safety switch and the bridge will not override it.
2026-09-22T14:29:22+10:00  order     REFUSED Algo Trading is switched OFF in the MetaTrader terminal. Turn it on there first - this is the terminal's own safety switch and the bridge will not override it.
2026-09-22T14:29:28+10:00  order     REFUSED Algo Trading is switched OFF in the MetaTrader terminal. Turn it on there first - this is the terminal's own safety switch and the bridge will not override it.
2026-09-22T14:29:28+10:00  order     REFUSED Algo Trading is switched OFF in the MetaTrader terminal. Turn it on there first - this is the terminal's own safety switch and the bridge will not override it.
2026-09-22T14:29:51+10:00  order     REFUSED Algo Trading is switched OFF in the MetaTrader terminal. Turn it on there first - this is the terminal's own safety switch and the bridge will not override it.
2026-09-22T14:29:54+10:00  order     REFUSED Algo Trading is switched OFF in the MetaTrader terminal. Turn it on there first - this is the terminal's own safety switch and the bridge will not override it.
2026-09-22T14:29:59+10:00  order     REFUSED Algo Trading is switched OFF in the MetaTrader terminal. Turn it on there first - this is the terminal's own safety switch and the bridge will not override it.
2026-09-22T14:29:59+10:00  order     REFUSED Algo Trading is switched OFF in the MetaTrader terminal. Turn it on there first - this is the terminal's own safety switch and the bridge will not override it.
2026-09-22T14:30:23+10:00  order     REFUSED Algo Trading is switched OFF in the MetaTrader terminal. Turn it on there first - this is the terminal's own safety switch and the bridge will not override it.
2026-09-22T14:30:31+10:00  order     REFUSED Algo Trading is switched OFF in the MetaTrader terminal. Turn it on there first - this is the terminal's own safety switch and the bridge will not override it.
2026-09-22T14:30:31+10:00  order     REFUSED Algo Trading is switched OFF in the MetaTrader terminal. Turn it on there first - this is the terminal's own safety switch and the bridge will not override it.
2026-09-22T14:30:54+10:00  order     REFUSED Algo Trading is switched OFF in the MetaTrader terminal. Turn it on there first - this is the terminal's own safety switch and the bridge will not override it.
2026-09-22T14:31:02+10:00  order     REFUSED Algo Trading is switched OFF in the MetaTrader terminal. Turn it on there first - this is the terminal's own safety switch and the bridge will not override it.
2026-09-22T14:31:03+10:00  order     REFUSED Algo Trading is switched OFF in the MetaTrader terminal. Turn it on there first - this is the terminal's own safety switch and the bridge will not override it.
2026-09-22T14:31:26+10:00  order     REFUSED Algo Trading is switched OFF in the MetaTrader terminal. Turn it on there first - this is the terminal's own safety switch and the bridge will not override it.
2026-09-22T14:31:34+10:00  order     REFUSED Algo Trading is switched OFF in the MetaTrader terminal. Turn it on there first - this is the terminal's own safety switch and the bridge will not override it.
2026-09-22T14:31:35+10:00  order     REFUSED Algo Trading is switched OFF in the MetaTrader terminal. Turn it on there first - this is the terminal's own safety switch and the bridge will not override it.
2026-09-22T14:31:57+10:00  order     REFUSED Algo Trading is switched OFF in the MetaTrader terminal. Turn it on there first - this is the terminal's own safety switch and the bridge will not override it.
2026-09-22T14:32:06+10:00  order     REFUSED Algo Trading is switched OFF in the MetaTrader terminal. Turn it on there first - this is the terminal's own safety switch and the bridge will not override it.
2026-09-22T14:32:06+10:00  order     REFUSED Algo Trading is switched OFF in the MetaTrader terminal. Turn it on there first - this is the terminal's own safety switch and the bridge will not override it.
2026-09-22T14:32:29+10:00  order     REFUSED Algo Trading is switched OFF in the MetaTrader terminal. Turn it on there first - this is the terminal's own safety switch and the bridge will not override it.
2026-09-22T14:32:37+10:00  order     REFUSED Algo Trading is switched OFF in the MetaTrader terminal. Turn it on there first - this is the terminal's own safety switch and the bridge will not override it.
2026-09-22T14:32:37+10:00  order     REFUSED Algo Trading is switched OFF in the MetaTrader terminal. Turn it on there first - this is the terminal's own safety switch and the bridge will not override it.
2026-09-22T14:33:00+10:00  order     REFUSED Algo Trading is switched OFF in the MetaTrader terminal. Turn it on there first - this is the terminal's own safety switch and the bridge will not override it.
2026-09-22T14:33:08+10:00  order     REFUSED Algo Trading is switched OFF in the MetaTrader terminal. Turn it on there first - this is the terminal's own safety switch and the bridge will not override it.
2026-09-22T14:33:33+10:00  order     REFUSED Algo Trading is switched OFF in the MetaTrader terminal. Turn it on there first - this is the terminal's own safety switch and the bridge will not override it.
2026-09-22T14:33:39+10:00  order     REFUSED Algo Trading is switched OFF in the MetaTrader terminal. Turn it on there first - this is the terminal's own safety switch and the bridge will not override it.
2026-09-22T14:34:05+10:00  order     REFUSED Algo Trading is switched OFF in the MetaTrader terminal. Turn it on there first - this is the terminal's own safety switch and the bridge will not override it.
2026-09-22T14:34:11+10:00  order     REFUSED Algo Trading is switched OFF in the MetaTrader terminal. Turn it on there first - this is the terminal's own safety switch and the bridge will not override it.
2026-09-22T14:34:27+10:00  order     REFUSED Algo Trading is switched OFF in the MetaTrader terminal. Turn it on there first - this is the terminal's own safety switch and the bridge will not override it.
2026-09-22T14:34:37+10:00  order     REFUSED Algo Trading is switched OFF in the MetaTrader terminal. Turn it on there first - this is the terminal's own safety switch and the bridge will not override it.
2026-09-22T14:34:43+10:00  order     REFUSED Algo Trading is switched OFF in the MetaTrader terminal. Turn it on there first - this is the terminal's own safety switch and the bridge will not override it.
2026-09-22T14:35:09+10:00  order     REFUSED Algo Trading is switched OFF in the MetaTrader terminal. Turn it on there first - this is the terminal's own safety switch and the bridge will not override it.
2026-09-22T14:35:15+10:00  order     REFUSED Algo Trading is switched OFF in the MetaTrader terminal. Turn it on there first - this is the terminal's own safety switch and the bridge will not override it.
2026-09-22T14:35:42+10:00  order     REFUSED Algo Trading is switched OFF in the MetaTrader terminal. Turn it on there first - this is the terminal's own safety switch and the bridge will not override it.
2026-09-22T14:35:47+10:00  order     REFUSED Algo Trading is switched OFF in the MetaTrader terminal. Turn it on there first - this is the terminal's own safety switch and the bridge will not override it.
2026-09-22T14:36:12+10:00  order     REFUSED Algo Trading is switched OFF in the MetaTrader terminal. Turn it on there first - this is the terminal's own safety switch and the bridge will not override it.
2026-09-22T14:36:17+10:00  order     REFUSED Algo Trading is switched OFF in the MetaTrader terminal. Turn it on there first - this is the terminal's own safety switch and the bridge will not override it.
2026-09-22T14:36:42+10:00  order     REFUSED Algo Trading is switched OFF in the MetaTrader terminal. Turn it on there first - this is the terminal's own safety switch and the bridge will not override it.
2026-09-22T14:36:48+10:00  order     REFUSED Algo Trading is switched OFF in the MetaTrader terminal. Turn it on there first - this is the terminal's own safety switch and the bridge will not override it.
2026-09-22T14:37:13+10:00  order     REFUSED Algo Trading is switched OFF in the MetaTrader terminal. Turn it on there first - this is the terminal's own safety switch and the bridge will not override it.
2026-09-22T14:37:19+10:00  order     REFUSED Algo Trading is switched OFF in the MetaTrader terminal. Turn it on there first - this is the terminal's own safety switch and the bridge will not override it.
2026-09-22T14:37:43+10:00  order     REFUSED Algo Trading is switched OFF in the MetaTrader terminal. Turn it on there first - this is the terminal's own safety switch and the bridge will not override it.
2026-09-22T14:37:49+10:00  order     REFUSED Algo Trading is switched OFF in the MetaTrader terminal. Turn it on there first - this is the terminal's own safety switch and the bridge will not override it.
2026-09-22T14:38:06+10:00  order     REFUSED Algo Trading is switched OFF in the MetaTrader terminal. Turn it on there first - this is the terminal's own safety switch and the bridge will not override it.
2026-09-22T14:38:14+10:00  order     REFUSED Algo Trading is switched OFF in the MetaTrader terminal. Turn it on there first - this is the terminal's own safety switch and the bridge will not override it.
2026-09-22T14:38:22+10:00  order     REFUSED Algo Trading is switched OFF in the MetaTrader terminal. Turn it on there first - this is the terminal's own safety switch and the bridge will not override it.
2026-09-22T14:38:38+10:00  order     REFUSED Algo Trading is switched OFF in the MetaTrader terminal. Turn it on there first - this is the terminal's own safety switch and the bridge will not override it.
2026-09-22T14:38:46+10:00  order     REFUSED Algo Trading is switched OFF in the MetaTrader terminal. Turn it on there first - this is the terminal's own safety switch and the bridge will not override it.
2026-09-22T14:38:53+10:00  order     REFUSED Algo Trading is switched OFF in the MetaTrader terminal. Turn it on there first - this is the terminal's own safety switch and the bridge will not override it.
2026-09-22T14:39:15+10:00  order     REFUSED Algo Trading is switched OFF in the MetaTrader terminal. Turn it on there first - this is the terminal's own safety switch and the bridge will not override it.
2026-09-22T14:39:18+10:00  order     REFUSED Algo Trading is switched OFF in the MetaTrader terminal. Turn it on there first - this is the terminal's own safety switch and the bridge will not override it.
2026-09-22T14:39:25+10:00  order     REFUSED Algo Trading is switched OFF in the MetaTrader terminal. Turn it on there first - this is the terminal's own safety switch and the bridge will not override it.
2026-09-22T14:39:49+10:00  order     REFUSED Algo Trading is switched OFF in the MetaTrader terminal. Turn it on there first - this is the terminal's own safety switch and the bridge will not override it.
2026-09-22T14:39:58+10:00  order     REFUSED Algo Trading is switched OFF in the MetaTrader terminal. Turn it on there first - this is the terminal's own safety switch and the bridge will not override it.
2026-09-22T14:40:20+10:00  order     REFUSED Algo Trading is switched OFF in the MetaTrader terminal. Turn it on there first - this is the terminal's own safety switch and the bridge will not override it.
2026-09-22T14:40:28+10:00  order     REFUSED Algo Trading is switched OFF in the MetaTrader terminal. Turn it on there first - this is the terminal's own safety switch and the bridge will not override it.
2026-09-22T14:40:51+10:00  order     REFUSED Algo Trading is switched OFF in the MetaTrader terminal. Turn it on there first - this is the terminal's own safety switch and the bridge will not override it.
2026-09-22T14:40:59+10:00  order     REFUSED Algo Trading is switched OFF in the MetaTrader terminal. Turn it on there first - this is the terminal's own safety switch and the bridge will not override it.
2026-09-22T14:41:24+10:00  order     REFUSED Algo Trading is switched OFF in the MetaTrader terminal. Turn it on there first - this is the terminal's own safety switch and the bridge will not override it.
2026-09-22T14:41:32+10:00  order     REFUSED Algo Trading is switched OFF in the MetaTrader terminal. Turn it on there first - this is the terminal's own safety switch and the bridge will not override it.
2026-09-22T14:41:56+10:00  order     REFUSED Algo Trading is switched OFF in the MetaTrader terminal. Turn it on there first - this is the terminal's own safety switch and the bridge will not override it.
2026-09-22T14:42:04+10:00  order     REFUSED Algo Trading is switched OFF in the MetaTrader terminal. Turn it on there first - this is the terminal's own safety switch and the bridge will not override it.
2026-09-22T14:42:27+10:00  order     REFUSED Algo Trading is switched OFF in the MetaTrader terminal. Turn it on there first - this is the terminal's own safety switch and the bridge will not override it.
2026-09-22T14:42:35+10:00  order     REFUSED Algo Trading is switched OFF in the MetaTrader terminal. Turn it on there first - this is the terminal's own safety switch and the bridge will not override it.
2026-09-22T14:42:59+10:00  order     REFUSED Algo Trading is switched OFF in the MetaTrader terminal. Turn it on there first - this is the terminal's own safety switch and the bridge will not override it.
2026-09-22T14:43:00+10:00  order     REFUSED Algo Trading is switched OFF in the MetaTrader terminal. Turn it on there first - this is the terminal's own safety switch and the bridge will not override it.
2026-09-22T14:43:05+10:00  order     REFUSED Algo Trading is switched OFF in the MetaTrader terminal. Turn it on there first - this is the terminal's own safety switch and the bridge will not override it.
2026-09-22T14:43:31+10:00  order     REFUSED Algo Trading is switched OFF in the MetaTrader terminal. Turn it on there first - this is the terminal's own safety switch and the bridge will not override it.
2026-09-22T14:43:37+10:00  order     REFUSED Algo Trading is switched OFF in the MetaTrader terminal. Turn it on there first - this is the terminal's own safety switch and the bridge will not override it.
2026-09-22T14:43:59+10:00  order     REFUSED Algo Trading is switched OFF in the MetaTrader terminal. Turn it on there first - this is the terminal's own safety switch and the bridge will not override it.
2026-09-22T14:44:01+10:00  error     /calendar HTTPError: HTTP Error 429: Too Many Requests
2026-09-22T14:44:01+10:00  order     REFUSED Algo Trading is switched OFF in the MetaTrader terminal. Turn it on there first - this is the terminal's own safety switch and the bridge will not override it.
2026-09-22T14:44:08+10:00  order     REFUSED Algo Trading is switched OFF in the MetaTrader terminal. Turn it on there first - this is the terminal's own safety switch and the bridge will not override it.
2026-09-22T14:44:29+10:00  order     REFUSED Algo Trading is switched OFF in the MetaTrader terminal. Turn it on there first - this is the terminal's own safety switch and the bridge will not override it.
2026-09-22T14:44:32+10:00  order     REFUSED Algo Trading is switched OFF in the MetaTrader terminal. Turn it on there first - this is the terminal's own safety switch and the bridge will not override it.
2026-09-22T14:44:39+10:00  order     REFUSED Algo Trading is switched OFF in the MetaTrader terminal. Turn it on there first - this is the terminal's own safety switch and the bridge will not override it.
2026-09-22T14:45:00+10:00  order     REFUSED Algo Trading is switched OFF in the MetaTrader terminal. Turn it on there first - this is the terminal's own safety switch and the bridge will not override it.
2026-09-22T14:45:03+10:00  order     REFUSED Algo Trading is switched OFF in the MetaTrader terminal. Turn it on there first - this is the terminal's own safety switch and the bridge will not override it.
2026-09-22T14:45:11+10:00  order     REFUSED Algo Trading is switched OFF in the MetaTrader terminal. Turn it on there first - this is the terminal's own safety switch and the bridge will not override it.
2026-09-22T14:45:32+10:00  order     REFUSED Algo Trading is switched OFF in the MetaTrader terminal. Turn it on there first - this is the terminal's own safety switch and the bridge will not override it.
2026-09-22T14:45:35+10:00  order     REFUSED Algo Trading is switched OFF in the MetaTrader terminal. Turn it on there first - this is the terminal's own safety switch and the bridge will not override it.
2026-09-22T14:45:43+10:00  order     REFUSED Algo Trading is switched OFF in the MetaTrader terminal. Turn it on there first - this is the terminal's own safety switch and the bridge will not override it.
2026-09-22T14:46:04+10:00  order     REFUSED Algo Trading is switched OFF in the MetaTrader terminal. Turn it on there first - this is the terminal's own safety switch and the bridge will not override it.
2026-09-22T14:46:06+10:00  order     REFUSED Algo Trading is switched OFF in the MetaTrader terminal. Turn it on there first - this is the terminal's own safety switch and the bridge will not override it.
2026-09-22T14:46:14+10:00  order     REFUSED Algo Trading is switched OFF in the MetaTrader terminal. Turn it on there first - this is the terminal's own safety switch and the bridge will not override it.
2026-09-22T14:46:36+10:00  order     REFUSED Algo Trading is switched OFF in the MetaTrader terminal. Turn it on there first - this is the terminal's own safety switch and the bridge will not override it.
2026-09-22T14:46:38+10:00  order     REFUSED Algo Trading is switched OFF in the MetaTrader terminal. Turn it on there first - this is the terminal's own safety switch and the bridge will not override it.
2026-09-22T14:46:47+10:00  order     REFUSED Algo Trading is switched OFF in the MetaTrader terminal. Turn it on there first - this is the terminal's own safety switch and the bridge will not override it.
2026-09-22T14:47:08+10:00  order     REFUSED Algo Trading is switched OFF in the MetaTrader terminal. Turn it on there first - this is the terminal's own safety switch and the bridge will not override it.
2026-09-22T14:47:12+10:00  order     REFUSED Algo Trading is switched OFF in the MetaTrader terminal. Turn it on there first - this is the terminal's own safety switch and the bridge will not override it.
2026-09-22T14:47:17+10:00  order     REFUSED Algo Trading is switched OFF in the MetaTrader terminal. Turn it on there first - this is the terminal's own safety switch and the bridge will not override it.
2026-09-22T14:47:40+10:00  order     REFUSED Algo Trading is switched OFF in the MetaTrader terminal. Turn it on there first - this is the terminal's own safety switch and the bridge will not override it.
2026-09-22T14:47:48+10:00  order     REFUSED Algo Trading is switched OFF in the MetaTrader terminal. Turn it on there first - this is the terminal's own safety switch and the bridge will not override it.
2026-09-22T14:48:11+10:00  order     REFUSED Algo Trading is switched OFF in the MetaTrader terminal. Turn it on there first - this is the terminal's own safety switch and the bridge will not override it.
2026-09-22T14:48:19+10:00  order     REFUSED Algo Trading is switched OFF in the MetaTrader terminal. Turn it on there first - this is the terminal's own safety switch and the bridge will not override it.
2026-09-22T14:48:42+10:00  order     REFUSED Algo Trading is switched OFF in the MetaTrader terminal. Turn it on there first - this is the terminal's own safety switch and the bridge will not override it.
2026-09-22T14:48:50+10:00  order     REFUSED Algo Trading is switched OFF in the MetaTrader terminal. Turn it on there first - this is the terminal's own safety switch and the bridge will not override it.
2026-09-22T14:49:12+10:00  order     REFUSED Algo Trading is switched OFF in the MetaTrader terminal. Turn it on there first - this is the terminal's own safety switch and the bridge will not override it.
2026-09-22T14:49:20+10:00  order     REFUSED Algo Trading is switched OFF in the MetaTrader terminal. Turn it on there first - this is the terminal's own safety switch and the bridge will not override it.
2026-09-22T14:49:26+10:00  order     REFUSED Algo Trading is switched OFF in the MetaTrader terminal. Turn it on there first - this is the terminal's own safety switch and the bridge will not override it.
2026-09-22T14:49:45+10:00  order     REFUSED Algo Trading is switched OFF in the MetaTrader terminal. Turn it on there first - this is the terminal's own safety switch and the bridge will not override it.
2026-09-22T14:49:53+10:00  order     REFUSED Algo Trading is switched OFF in the MetaTrader terminal. Turn it on there first - this is the terminal's own safety switch and the bridge will not override it.
2026-09-22T14:50:17+10:00  order     REFUSED Algo Trading is switched OFF in the MetaTrader terminal. Turn it on there first - this is the terminal's own safety switch and the bridge will not override it.
2026-09-22T14:50:25+10:00  order     REFUSED Algo Trading is switched OFF in the MetaTrader terminal. Turn it on there first - this is the terminal's own safety switch and the bridge will not override it.
2026-09-22T14:50:48+10:00  order     REFUSED Algo Trading is switched OFF in the MetaTrader terminal. Turn it on there first - this is the terminal's own safety switch and the bridge will not override it.
2026-09-22T14:51:19+10:00  order     REFUSED Algo Trading is switched OFF in the MetaTrader terminal. Turn it on there first - this is the terminal's own safety switch and the bridge will not override it.
2026-09-22T14:51:19+10:00  order     REFUSED Algo Trading is switched OFF in the MetaTrader terminal. Turn it on there first - this is the terminal's own safety switch and the bridge will not override it.
2026-09-22T14:51:50+10:00  order     REFUSED Algo Trading is switched OFF in the MetaTrader terminal. Turn it on there first - this is the terminal's own safety switch and the bridge will not override it.
2026-09-22T14:52:22+10:00  order     REFUSED Algo Trading is switched OFF in the MetaTrader terminal. Turn it on there first - this is the terminal's own safety switch and the bridge will not override it.
2026-09-22T14:52:22+10:00  order     REFUSED Algo Trading is switched OFF in the MetaTrader terminal. Turn it on there first - this is the terminal's own safety switch and the bridge will not override it.
2026-09-22T14:52:54+10:00  order     REFUSED Algo Trading is switched OFF in the MetaTrader terminal. Turn it on there first - this is the terminal's own safety switch and the bridge will not override it.
2026-09-22T14:52:54+10:00  order     REFUSED Algo Trading is switched OFF in the MetaTrader terminal. Turn it on there first - this is the terminal's own safety switch and the bridge will not override it.
2026-09-22T14:53:26+10:00  order     REFUSED Algo Trading is switched OFF in the MetaTrader terminal. Turn it on there first - this is the terminal's own safety switch and the bridge will not override it.
2026-09-22T14:53:26+10:00  order     REFUSED Algo Trading is switched OFF in the MetaTrader terminal. Turn it on there first - this is the terminal's own safety switch and the bridge will not override it.
2026-09-22T14:53:56+10:00  order     REFUSED Algo Trading is switched OFF in the MetaTrader terminal. Turn it on there first - this is the terminal's own safety switch and the bridge will not override it.
2026-09-22T14:54:20+10:00  order     REFUSED Algo Trading is switched OFF in the MetaTrader terminal. Turn it on there first - this is the terminal's own safety switch and the bridge will not override it.
2026-09-22T14:54:27+10:00  order     REFUSED Algo Trading is switched OFF in the MetaTrader terminal. Turn it on there first - this is the terminal's own safety switch and the bridge will not override it.
2026-09-22T14:54:44+10:00  order     REFUSED Algo Trading is switched OFF in the MetaTrader terminal. Turn it on there first - this is the terminal's own safety switch and the bridge will not override it.
2026-09-22T14:54:58+10:00  order     REFUSED Algo Trading is switched OFF in the MetaTrader terminal. Turn it on there first - this is the terminal's own safety switch and the bridge will not override it.
2026-09-22T14:55:17+10:00  order     REFUSED Algo Trading is switched OFF in the MetaTrader terminal. Turn it on there first - this is the terminal's own safety switch and the bridge will not override it.
2026-09-22T14:55:30+10:00  order     REFUSED Algo Trading is switched OFF in the MetaTrader terminal. Turn it on there first - this is the terminal's own safety switch and the bridge will not override it.
2026-09-22T14:55:47+10:00  order     REFUSED Algo Trading is switched OFF in the MetaTrader terminal. Turn it on there first - this is the terminal's own safety switch and the bridge will not override it.
2026-09-22T14:56:00+10:00  order     REFUSED Algo Trading is switched OFF in the MetaTrader terminal. Turn it on there first - this is the terminal's own safety switch and the bridge will not override it.
2026-09-22T14:56:20+10:00  order     REFUSED Algo Trading is switched OFF in the MetaTrader terminal. Turn it on there first - this is the terminal's own safety switch and the bridge will not override it.
2026-09-22T14:56:33+10:00  order     REFUSED Algo Trading is switched OFF in the MetaTrader terminal. Turn it on there first - this is the terminal's own safety switch and the bridge will not override it.
2026-09-22T14:56:50+10:00  order     REFUSED Algo Trading is switched OFF in the MetaTrader terminal. Turn it on there first - this is the terminal's own safety switch and the bridge will not override it.
2026-09-22T14:57:03+10:00  order     REFUSED Algo Trading is switched OFF in the MetaTrader terminal. Turn it on there first - this is the terminal's own safety switch and the bridge will not override it.
2026-09-22T14:57:34+10:00  order     REFUSED Algo Trading is switched OFF in the MetaTrader terminal. Turn it on there first - this is the terminal's own safety switch and the bridge will not override it.
2026-09-22T14:58:05+10:00  order     REFUSED Algo Trading is switched OFF in the MetaTrader terminal. Turn it on there first - this is the terminal's own safety switch and the bridge will not override it.
2026-09-22T14:58:36+10:00  order     REFUSED Algo Trading is switched OFF in the MetaTrader terminal. Turn it on there first - this is the terminal's own safety switch and the bridge will not override it.
2026-09-22T14:59:08+10:00  order     REFUSED Algo Trading is switched OFF in the MetaTrader terminal. Turn it on there first - this is the terminal's own safety switch and the bridge will not override it.
2026-09-22T14:59:33+10:00  order     REFUSED Algo Trading is switched OFF in the MetaTrader terminal. Turn it on there first - this is the terminal's own safety switch and the bridge will not override it.
2026-09-22T14:59:39+10:00  order     REFUSED Algo Trading is switched OFF in the MetaTrader terminal. Turn it on there first - this is the terminal's own safety switch and the bridge will not override it.
2026-09-22T15:00:11+10:00  order     REFUSED Algo Trading is switched OFF in the MetaTrader terminal. Turn it on there first - this is the terminal's own safety switch and the bridge will not override it.
2026-09-22T15:00:44+10:00  order     REFUSED Algo Trading is switched OFF in the MetaTrader terminal. Turn it on there first - this is the terminal's own safety switch and the bridge will not override it.
2026-09-22T15:01:14+10:00  order     REFUSED Algo Trading is switched OFF in the MetaTrader terminal. Turn it on there first - this is the terminal's own safety switch and the bridge will not override it.
2026-09-22T15:01:45+10:00  order     REFUSED Algo Trading is switched OFF in the MetaTrader terminal. Turn it on there first - this is the terminal's own safety switch and the bridge will not override it.
2026-09-22T15:01:48+10:00  order     REFUSED Algo Trading is switched OFF in the MetaTrader terminal. Turn it on there first - this is the terminal's own safety switch and the bridge will not override it.
2026-09-22T15:02:15+10:00  order     REFUSED Algo Trading is switched OFF in the MetaTrader terminal. Turn it on there first - this is the terminal's own safety switch and the bridge will not override it.
2026-09-22T15:02:17+10:00  order     REFUSED Algo Trading is switched OFF in the MetaTrader terminal. Turn it on there first - this is the terminal's own safety switch and the bridge will not override it.
2026-09-22T15:02:21+10:00  order     REFUSED Algo Trading is switched OFF in the MetaTrader terminal. Turn it on there first - this is the terminal's own safety switch and the bridge will not override it.
2026-09-22T15:02:47+10:00  order     REFUSED Algo Trading is switched OFF in the MetaTrader terminal. Turn it on there first - this is the terminal's own safety switch and the bridge will not override it.
2026-09-22T15:02:50+10:00  order     REFUSED Algo Trading is switched OFF in the MetaTrader terminal. Turn it on there first - this is the terminal's own safety switch and the bridge will not override it.
2026-09-22T15:02:53+10:00  order     REFUSED Algo Trading is switched OFF in the MetaTrader terminal. Turn it on there first - this is the terminal's own safety switch and the bridge will not override it.
2026-09-22T15:03:17+10:00  order     REFUSED Algo Trading is switched OFF in the MetaTrader terminal. Turn it on there first - this is the terminal's own safety switch and the bridge will not override it.
2026-09-22T15:03:20+10:00  order     REFUSED Algo Trading is switched OFF in the MetaTrader terminal. Turn it on there first - this is the terminal's own safety switch and the bridge will not override it.
2026-09-22T15:03:23+10:00  order     REFUSED Algo Trading is switched OFF in the MetaTrader terminal. Turn it on there first - this is the terminal's own safety switch and the bridge will not override it.
2026-09-22T15:03:48+10:00  order     REFUSED Algo Trading is switched OFF in the MetaTrader terminal. Turn it on there first - this is the terminal's own safety switch and the bridge will not override it.
2026-09-22T15:03:50+10:00  order     REFUSED Algo Trading is switched OFF in the MetaTrader terminal. Turn it on there first - this is the terminal's own safety switch and the bridge will not override it.
2026-09-22T15:03:54+10:00  order     REFUSED Algo Trading is switched OFF in the MetaTrader terminal. Turn it on there first - this is the terminal's own safety switch and the bridge will not override it.
2026-09-22T15:04:18+10:00  order     REFUSED Algo Trading is switched OFF in the MetaTrader terminal. Turn it on there first - this is the terminal's own safety switch and the bridge will not override it.
2026-09-22T15:04:21+10:00  order     REFUSED Algo Trading is switched OFF in the MetaTrader terminal. Turn it on there first - this is the terminal's own safety switch and the bridge will not override it.
2026-09-22T15:04:24+10:00  order     REFUSED Algo Trading is switched OFF in the MetaTrader terminal. Turn it on there first - this is the terminal's own safety switch and the bridge will not override it.
2026-09-22T15:04:51+10:00  order     REFUSED Algo Trading is switched OFF in the MetaTrader terminal. Turn it on there first - this is the terminal's own safety switch and the bridge will not override it.
2026-09-22T15:04:55+10:00  order     REFUSED Algo Trading is switched OFF in the MetaTrader terminal. Turn it on there first - this is the terminal's own safety switch and the bridge will not override it.
2026-09-22T15:05:23+10:00  order     REFUSED Algo Trading is switched OFF in the MetaTrader terminal. Turn it on there first - this is the terminal's own safety switch and the bridge will not override it.
2026-09-22T15:05:27+10:00  order     REFUSED Algo Trading is switched OFF in the MetaTrader terminal. Turn it on there first - this is the terminal's own safety switch and the bridge will not override it.
2026-09-22T15:06:49+10:00  order     REFUSED Algo Trading is switched OFF in the MetaTrader terminal. Turn it on there first - this is the terminal's own safety switch and the bridge will not override it.
2026-09-22T15:06:49+10:00  order     REFUSED Algo Trading is switched OFF in the MetaTrader terminal. Turn it on there first - this is the terminal's own safety switch and the bridge will not override it.
2026-09-22T15:07:17+10:00  order     REFUSED Algo Trading is switched OFF in the MetaTrader terminal. Turn it on there first - this is the terminal's own safety switch and the bridge will not override it.
2026-09-22T15:07:20+10:00  order     REFUSED Algo Trading is switched OFF in the MetaTrader terminal. Turn it on there first - this is the terminal's own safety switch and the bridge will not override it.
2026-09-22T15:07:21+10:00  order     REFUSED Algo Trading is switched OFF in the MetaTrader terminal. Turn it on there first - this is the terminal's own safety switch and the bridge will not override it.
2026-09-22T15:07:50+10:00  order     REFUSED Algo Trading is switched OFF in the MetaTrader terminal. Turn it on there first - this is the terminal's own safety switch and the bridge will not override it.
2026-09-22T15:07:51+10:00  order     REFUSED Algo Trading is switched OFF in the MetaTrader terminal. Turn it on there first - this is the terminal's own safety switch and the bridge will not override it.
2026-09-22T15:07:51+10:00  order     REFUSED Algo Trading is switched OFF in the MetaTrader terminal. Turn it on there first - this is the terminal's own safety switch and the bridge will not override it.
2026-09-22T15:09:18+10:00  order     REFUSED Algo Trading is switched OFF in the MetaTrader terminal. Turn it on there first - this is the terminal's own safety switch and the bridge will not override it.
2026-09-22T15:09:18+10:00  order     REFUSED Algo Trading is switched OFF in the MetaTrader terminal. Turn it on there first - this is the terminal's own safety switch and the bridge will not override it.
2026-09-22T15:09:19+10:00  order     REFUSED Algo Trading is switched OFF in the MetaTrader terminal. Turn it on there first - this is the terminal's own safety switch and the bridge will not override it.
2026-09-22T15:09:48+10:00  order     REFUSED Algo Trading is switched OFF in the MetaTrader terminal. Turn it on there first - this is the terminal's own safety switch and the bridge will not override it.
2026-09-22T15:09:50+10:00  order     REFUSED Algo Trading is switched OFF in the MetaTrader terminal. Turn it on there first - this is the terminal's own safety switch and the bridge will not override it.
2026-09-22T15:09:51+10:00  order     REFUSED Algo Trading is switched OFF in the MetaTrader terminal. Turn it on there first - this is the terminal's own safety switch and the bridge will not override it.
2026-09-22T15:09:51+10:00  order     REFUSED Algo Trading is switched OFF in the MetaTrader terminal. Turn it on there first - this is the terminal's own safety switch and the bridge will not override it.
2026-09-22T15:10:20+10:00  order     REFUSED Algo Trading is switched OFF in the MetaTrader terminal. Turn it on there first - this is the terminal's own safety switch and the bridge will not override it.
2026-09-22T15:10:22+10:00  order     REFUSED Algo Trading is switched OFF in the MetaTrader terminal. Turn it on there first - this is the terminal's own safety switch and the bridge will not override it.
2026-09-22T15:10:23+10:00  order     REFUSED Algo Trading is switched OFF in the MetaTrader terminal. Turn it on there first - this is the terminal's own safety switch and the bridge will not override it.
2026-09-22T15:10:23+10:00  order     REFUSED Algo Trading is switched OFF in the MetaTrader terminal. Turn it on there first - this is the terminal's own safety switch and the bridge will not override it.
2026-09-22T15:10:52+10:00  order     REFUSED Algo Trading is switched OFF in the MetaTrader terminal. Turn it on there first - this is the terminal's own safety switch and the bridge will not override it.
2026-09-22T15:10:54+10:00  order     REFUSED Algo Trading is switched OFF in the MetaTrader terminal. Turn it on there first - this is the terminal's own safety switch and the bridge will not override it.
2026-09-22T15:10:55+10:00  order     REFUSED Algo Trading is switched OFF in the MetaTrader terminal. Turn it on there first - this is the terminal's own safety switch and the bridge will not override it.
2026-09-22T15:10:55+10:00  order     REFUSED Algo Trading is switched OFF in the MetaTrader terminal. Turn it on there first - this is the terminal's own safety switch and the bridge will not override it.
2026-09-22T15:11:24+10:00  order     REFUSED Algo Trading is switched OFF in the MetaTrader terminal. Turn it on there first - this is the terminal's own safety switch and the bridge will not override it.
2026-09-22T15:11:26+10:00  order     REFUSED Algo Trading is switched OFF in the MetaTrader terminal. Turn it on there first - this is the terminal's own safety switch and the bridge will not override it.
2026-09-22T15:11:27+10:00  order     REFUSED Algo Trading is switched OFF in the MetaTrader terminal. Turn it on there first - this is the terminal's own safety switch and the bridge will not override it.
2026-09-22T15:11:54+10:00  order     REFUSED Algo Trading is switched OFF in the MetaTrader terminal. Turn it on there first - this is the terminal's own safety switch and the bridge will not override it.
2026-09-22T15:11:57+10:00  order     REFUSED Algo Trading is switched OFF in the MetaTrader terminal. Turn it on there first - this is the terminal's own safety switch and the bridge will not override it.
2026-09-22T15:11:58+10:00  order     REFUSED Algo Trading is switched OFF in the MetaTrader terminal. Turn it on there first - this is the terminal's own safety switch and the bridge will not override it.
2026-09-22T15:12:19+10:00  order     REFUSED Algo Trading is switched OFF in the MetaTrader terminal. Turn it on there first - this is the terminal's own safety switch and the bridge will not override it.
2026-09-22T15:12:27+10:00  order     REFUSED Algo Trading is switched OFF in the MetaTrader terminal. Turn it on there first - this is the terminal's own safety switch and the bridge will not override it.
2026-09-22T15:12:30+10:00  order     REFUSED Algo Trading is switched OFF in the MetaTrader terminal. Turn it on there first - this is the terminal's own safety switch and the bridge will not override it.
2026-09-22T15:12:30+10:00  order     REFUSED Algo Trading is switched OFF in the MetaTrader terminal. Turn it on there first - this is the terminal's own safety switch and the bridge will not override it.
2026-09-22T15:12:51+10:00  order     REFUSED Algo Trading is switched OFF in the MetaTrader terminal. Turn it on there first - this is the terminal's own safety switch and the bridge will not override it.
2026-09-22T15:12:59+10:00  order     REFUSED Algo Trading is switched OFF in the MetaTrader terminal. Turn it on there first - this is the terminal's own safety switch and the bridge will not override it.
2026-09-22T15:13:02+10:00  order     REFUSED Algo Trading is switched OFF in the MetaTrader terminal. Turn it on there first - this is the terminal's own safety switch and the bridge will not override it.
2026-09-22T15:13:02+10:00  order     REFUSED Algo Trading is switched OFF in the MetaTrader terminal. Turn it on there first - this is the terminal's own safety switch and the bridge will not override it.
2026-09-22T15:13:23+10:00  order     REFUSED Algo Trading is switched OFF in the MetaTrader terminal. Turn it on there first - this is the terminal's own safety switch and the bridge will not override it.
2026-09-22T15:13:31+10:00  order     REFUSED Algo Trading is switched OFF in the MetaTrader terminal. Turn it on there first - this is the terminal's own safety switch and the bridge will not override it.
2026-09-22T15:13:33+10:00  order     REFUSED Algo Trading is switched OFF in the MetaTrader terminal. Turn it on there first - this is the terminal's own safety switch and the bridge will not override it.
2026-09-22T15:13:34+10:00  order     REFUSED Algo Trading is switched OFF in the MetaTrader terminal. Turn it on there first - this is the terminal's own safety switch and the bridge will not override it.
2026-09-22T15:13:55+10:00  order     REFUSED Algo Trading is switched OFF in the MetaTrader terminal. Turn it on there first - this is the terminal's own safety switch and the bridge will not override it.
2026-09-22T15:14:03+10:00  order     REFUSED Algo Trading is switched OFF in the MetaTrader terminal. Turn it on there first - this is the terminal's own safety switch and the bridge will not override it.
2026-09-22T15:14:05+10:00  order     REFUSED Algo Trading is switched OFF in the MetaTrader terminal. Turn it on there first - this is the terminal's own safety switch and the bridge will not override it.
2026-09-22T15:14:06+10:00  order     REFUSED Algo Trading is switched OFF in the MetaTrader terminal. Turn it on there first - this is the terminal's own safety switch and the bridge will not override it.
2026-09-22T15:14:27+10:00  order     REFUSED Algo Trading is switched OFF in the MetaTrader terminal. Turn it on there first - this is the terminal's own safety switch and the bridge will not override it.
2026-09-22T15:14:35+10:00  order     REFUSED Algo Trading is switched OFF in the MetaTrader terminal. Turn it on there first - this is the terminal's own safety switch and the bridge will not override it.
2026-09-22T15:14:38+10:00  order     REFUSED Algo Trading is switched OFF in the MetaTrader terminal. Turn it on there first - this is the terminal's own safety switch and the bridge will not override it.
2026-09-22T15:14:38+10:00  order     REFUSED Algo Trading is switched OFF in the MetaTrader terminal. Turn it on there first - this is the terminal's own safety switch and the bridge will not override it.
2026-09-22T15:15:00+10:00  order     REFUSED Algo Trading is switched OFF in the MetaTrader terminal. Turn it on there first - this is the terminal's own safety switch and the bridge will not override it.
2026-09-22T15:15:05+10:00  order     REFUSED Algo Trading is switched OFF in the MetaTrader terminal. Turn it on there first - this is the terminal's own safety switch and the bridge will not override it.
2026-09-22T15:15:10+10:00  order     REFUSED Algo Trading is switched OFF in the MetaTrader terminal. Turn it on there first - this is the terminal's own safety switch and the bridge will not override it.
2026-09-22T15:15:11+10:00  order     REFUSED Algo Trading is switched OFF in the MetaTrader terminal. Turn it on there first - this is the terminal's own safety switch and the bridge will not override it.
2026-09-22T15:15:31+10:00  order     REFUSED Algo Trading is switched OFF in the MetaTrader terminal. Turn it on there first - this is the terminal's own safety switch and the bridge will not override it.
2026-09-22T15:15:36+10:00  order     REFUSED Algo Trading is switched OFF in the MetaTrader terminal. Turn it on there first - this is the terminal's own safety switch and the bridge will not override it.
2026-09-22T15:15:41+10:00  order     REFUSED Algo Trading is switched OFF in the MetaTrader terminal. Turn it on there first - this is the terminal's own safety switch and the bridge will not override it.
2026-09-22T15:15:42+10:00  order     REFUSED Algo Trading is switched OFF in the MetaTrader terminal. Turn it on there first - this is the terminal's own safety switch and the bridge will not override it.
2026-09-22T15:16:03+10:00  order     REFUSED Algo Trading is switched OFF in the MetaTrader terminal. Turn it on there first - this is the terminal's own safety switch and the bridge will not override it.
2026-09-22T15:16:06+10:00  order     REFUSED Algo Trading is switched OFF in the MetaTrader terminal. Turn it on there first - this is the terminal's own safety switch and the bridge will not override it.
2026-09-22T15:16:12+10:00  order     REFUSED Algo Trading is switched OFF in the MetaTrader terminal. Turn it on there first - this is the terminal's own safety switch and the bridge will not override it.
2026-09-22T15:16:12+10:00  order     REFUSED Algo Trading is switched OFF in the MetaTrader terminal. Turn it on there first - this is the terminal's own safety switch and the bridge will not override it.
2026-09-22T15:16:33+10:00  order     REFUSED Algo Trading is switched OFF in the MetaTrader terminal. Turn it on there first - this is the terminal's own safety switch and the bridge will not override it.
2026-09-22T15:16:38+10:00  order     REFUSED Algo Trading is switched OFF in the MetaTrader terminal. Turn it on there first - this is the terminal's own safety switch and the bridge will not override it.
2026-09-22T15:16:43+10:00  order     REFUSED Algo Trading is switched OFF in the MetaTrader terminal. Turn it on there first - this is the terminal's own safety switch and the bridge will not override it.
2026-09-22T15:16:44+10:00  order     REFUSED Algo Trading is switched OFF in the MetaTrader terminal. Turn it on there first - this is the terminal's own safety switch and the bridge will not override it.
2026-09-22T15:17:10+10:00  order     REFUSED Algo Trading is switched OFF in the MetaTrader terminal. Turn it on there first - this is the terminal's own safety switch and the bridge will not override it.
2026-09-22T15:17:15+10:00  order     REFUSED Algo Trading is switched OFF in the MetaTrader terminal. Turn it on there first - this is the terminal's own safety switch and the bridge will not override it.
2026-09-22T15:17:16+10:00  order     REFUSED Algo Trading is switched OFF in the MetaTrader terminal. Turn it on there first - this is the terminal's own safety switch and the bridge will not override it.
2026-09-22T15:17:38+10:00  order     REFUSED Algo Trading is switched OFF in the MetaTrader terminal. Turn it on there first - this is the terminal's own safety switch and the bridge will not override it.
2026-09-22T15:17:41+10:00  order     REFUSED Algo Trading is switched OFF in the MetaTrader terminal. Turn it on there first - this is the terminal's own safety switch and the bridge will not override it.
2026-09-22T15:17:46+10:00  order     REFUSED Algo Trading is switched OFF in the MetaTrader terminal. Turn it on there first - this is the terminal's own safety switch and the bridge will not override it.
2026-09-22T15:17:47+10:00  order     REFUSED Algo Trading is switched OFF in the MetaTrader terminal. Turn it on there first - this is the terminal's own safety switch and the bridge will not override it.
2026-09-22T15:18:13+10:00  order     REFUSED Algo Trading is switched OFF in the MetaTrader terminal. Turn it on there first - this is the terminal's own safety switch and the bridge will not override it.
2026-09-22T15:18:18+10:00  order     REFUSED Algo Trading is switched OFF in the MetaTrader terminal. Turn it on there first - this is the terminal's own safety switch and the bridge will not override it.
2026-09-22T15:18:19+10:00  order     REFUSED Algo Trading is switched OFF in the MetaTrader terminal. Turn it on there first - this is the terminal's own safety switch and the bridge will not override it.
2026-09-22T15:18:43+10:00  order     REFUSED Algo Trading is switched OFF in the MetaTrader terminal. Turn it on there first - this is the terminal's own safety switch and the bridge will not override it.
2026-09-22T15:18:49+10:00  order     REFUSED Algo Trading is switched OFF in the MetaTrader terminal. Turn it on there first - this is the terminal's own safety switch and the bridge will not override it.
2026-09-22T15:18:49+10:00  order     REFUSED Algo Trading is switched OFF in the MetaTrader terminal. Turn it on there first - this is the terminal's own safety switch and the bridge will not override it.
2026-09-22T15:19:19+10:00  order     REFUSED Algo Trading is switched OFF in the MetaTrader terminal. Turn it on there first - this is the terminal's own safety switch and the bridge will not override it.
2026-09-22T15:19:51+10:00  order     REFUSED Algo Trading is switched OFF in the MetaTrader terminal. Turn it on there first - this is the terminal's own safety switch and the bridge will not override it.
2026-09-22T15:20:22+10:00  order     REFUSED Algo Trading is switched OFF in the MetaTrader terminal. Turn it on there first - this is the terminal's own safety switch and the bridge will not override it.
2026-09-22T15:20:37+10:00  order     REFUSED Algo Trading is switched OFF in the MetaTrader terminal. Turn it on there first - this is the terminal's own safety switch and the bridge will not override it.
2026-09-22T15:20:54+10:00  order     REFUSED Algo Trading is switched OFF in the MetaTrader terminal. Turn it on there first - this is the terminal's own safety switch and the bridge will not override it.
2026-09-22T15:21:09+10:00  order     REFUSED Algo Trading is switched OFF in the MetaTrader terminal. Turn it on there first - this is the terminal's own safety switch and the bridge will not override it.
2026-09-22T15:21:25+10:00  order     REFUSED Algo Trading is switched OFF in the MetaTrader terminal. Turn it on there first - this is the terminal's own safety switch and the bridge will not override it.
2026-09-22T15:21:42+10:00  order     REFUSED Algo Trading is switched OFF in the MetaTrader terminal. Turn it on there first - this is the terminal's own safety switch and the bridge will not override it.
2026-09-22T15:21:55+10:00  order     REFUSED Algo Trading is switched OFF in the MetaTrader terminal. Turn it on there first - this is the terminal's own safety switch and the bridge will not override it.
2026-09-22T15:22:14+10:00  order     REFUSED Algo Trading is switched OFF in the MetaTrader terminal. Turn it on there first - this is the terminal's own safety switch and the bridge will not override it.
2026-09-22T15:22:27+10:00  order     REFUSED Algo Trading is switched OFF in the MetaTrader terminal. Turn it on there first - this is the terminal's own safety switch and the bridge will not override it.
2026-09-22T15:22:44+10:00  order     REFUSED Algo Trading is switched OFF in the MetaTrader terminal. Turn it on there first - this is the terminal's own safety switch and the bridge will not override it.
2026-09-22T15:23:00+10:00  order     REFUSED Algo Trading is switched OFF in the MetaTrader terminal. Turn it on there first - this is the terminal's own safety switch and the bridge will not override it.
2026-09-22T15:23:16+10:00  order     REFUSED Algo Trading is switched OFF in the MetaTrader terminal. Turn it on there first - this is the terminal's own safety switch and the bridge will not override it.
2026-09-22T15:23:32+10:00  order     REFUSED Algo Trading is switched OFF in the MetaTrader terminal. Turn it on there first - this is the terminal's own safety switch and the bridge will not override it.
2026-09-22T15:23:48+10:00  order     REFUSED Algo Trading is switched OFF in the MetaTrader terminal. Turn it on there first - this is the terminal's own safety switch and the bridge will not override it.
2026-09-22T15:24:04+10:00  order     REFUSED Algo Trading is switched OFF in the MetaTrader terminal. Turn it on there first - this is the terminal's own safety switch and the bridge will not override it.
2026-09-22T15:24:21+10:00  order     REFUSED Algo Trading is switched OFF in the MetaTrader terminal. Turn it on there first - this is the terminal's own safety switch and the bridge will not override it.
2026-09-22T15:24:36+10:00  order     REFUSED Algo Trading is switched OFF in the MetaTrader terminal. Turn it on there first - this is the terminal's own safety switch and the bridge will not override it.
2026-09-22T15:24:53+10:00  order     REFUSED Algo Trading is switched OFF in the MetaTrader terminal. Turn it on there first - this is the terminal's own safety switch and the bridge will not override it.
2026-09-22T15:24:55+10:00  order     REFUSED Algo Trading is switched OFF in the MetaTrader terminal. Turn it on there first - this is the terminal's own safety switch and the bridge will not override it.
2026-09-22T15:24:55+10:00  order     REFUSED Algo Trading is switched OFF in the MetaTrader terminal. Turn it on there first - this is the terminal's own safety switch and the bridge will not override it.
2026-09-22T15:25:08+10:00  order     REFUSED Algo Trading is switched OFF in the MetaTrader terminal. Turn it on there first - this is the terminal's own safety switch and the bridge will not override it.
2026-09-22T15:25:25+10:00  order     REFUSED Algo Trading is switched OFF in the MetaTrader terminal. Turn it on there first - this is the terminal's own safety switch and the bridge will not override it.
2026-09-22T15:25:27+10:00  order     REFUSED Algo Trading is switched OFF in the MetaTrader terminal. Turn it on there first - this is the terminal's own safety switch and the bridge will not override it.
2026-09-22T15:25:27+10:00  order     REFUSED Algo Trading is switched OFF in the MetaTrader terminal. Turn it on there first - this is the terminal's own safety switch and the bridge will not override it.
2026-09-22T15:25:40+10:00  order     REFUSED Algo Trading is switched OFF in the MetaTrader terminal. Turn it on there first - this is the terminal's own safety switch and the bridge will not override it.
2026-09-22T15:25:57+10:00  order     REFUSED Algo Trading is switched OFF in the MetaTrader terminal. Turn it on there first - this is the terminal's own safety switch and the bridge will not override it.
2026-09-22T15:25:59+10:00  order     REFUSED Algo Trading is switched OFF in the MetaTrader terminal. Turn it on there first - this is the terminal's own safety switch and the bridge will not override it.
2026-09-22T15:25:59+10:00  order     REFUSED Algo Trading is switched OFF in the MetaTrader terminal. Turn it on there first - this is the terminal's own safety switch and the bridge will not override it.
2026-09-22T15:26:13+10:00  order     REFUSED Algo Trading is switched OFF in the MetaTrader terminal. Turn it on there first - this is the terminal's own safety switch and the bridge will not override it.
2026-09-22T15:26:29+10:00  order     REFUSED Algo Trading is switched OFF in the MetaTrader terminal. Turn it on there first - this is the terminal's own safety switch and the bridge will not override it.
2026-09-22T15:26:31+10:00  order     REFUSED Algo Trading is switched OFF in the MetaTrader terminal. Turn it on there first - this is the terminal's own safety switch and the bridge will not override it.
2026-09-22T15:26:31+10:00  order     REFUSED Algo Trading is switched OFF in the MetaTrader terminal. Turn it on there first - this is the terminal's own safety switch and the bridge will not override it.
2026-09-22T15:26:45+10:00  order     REFUSED Algo Trading is switched OFF in the MetaTrader terminal. Turn it on there first - this is the terminal's own safety switch and the bridge will not override it.
2026-09-22T15:26:59+10:00  order     REFUSED Algo Trading is switched OFF in the MetaTrader terminal. Turn it on there first - this is the terminal's own safety switch and the bridge will not override it.
2026-09-22T15:27:01+10:00  order     REFUSED Algo Trading is switched OFF in the MetaTrader terminal. Turn it on there first - this is the terminal's own safety switch and the bridge will not override it.
2026-09-22T15:27:01+10:00  order     REFUSED Algo Trading is switched OFF in the MetaTrader terminal. Turn it on there first - this is the terminal's own safety switch and the bridge will not override it.
2026-09-22T15:27:16+10:00  order     REFUSED Algo Trading is switched OFF in the MetaTrader terminal. Turn it on there first - this is the terminal's own safety switch and the bridge will not override it.
2026-09-22T15:27:30+10:00  order     REFUSED Algo Trading is switched OFF in the MetaTrader terminal. Turn it on there first - this is the terminal's own safety switch and the bridge will not override it.
2026-09-22T15:27:32+10:00  order     REFUSED Algo Trading is switched OFF in the MetaTrader terminal. Turn it on there first - this is the terminal's own safety switch and the bridge will not override it.
2026-09-22T15:27:33+10:00  order     REFUSED Algo Trading is switched OFF in the MetaTrader terminal. Turn it on there first - this is the terminal's own safety switch and the bridge will not override it.
2026-09-22T15:27:48+10:00  order     REFUSED Algo Trading is switched OFF in the MetaTrader terminal. Turn it on there first - this is the terminal's own safety switch and the bridge will not override it.
2026-09-22T15:28:02+10:00  order     REFUSED Algo Trading is switched OFF in the MetaTrader terminal. Turn it on there first - this is the terminal's own safety switch and the bridge will not override it.
2026-09-22T15:28:05+10:00  order     REFUSED Algo Trading is switched OFF in the MetaTrader terminal. Turn it on there first - this is the terminal's own safety switch and the bridge will not override it.
2026-09-22T15:28:05+10:00  order     REFUSED Algo Trading is switched OFF in the MetaTrader terminal. Turn it on there first - this is the terminal's own safety switch and the bridge will not override it.
2026-09-22T15:28:18+10:00  order     REFUSED Algo Trading is switched OFF in the MetaTrader terminal. Turn it on there first - this is the terminal's own safety switch and the bridge will not override it.
2026-09-22T15:28:35+10:00  order     REFUSED Algo Trading is switched OFF in the MetaTrader terminal. Turn it on there first - this is the terminal's own safety switch and the bridge will not override it.
2026-09-22T15:28:37+10:00  order     REFUSED Algo Trading is switched OFF in the MetaTrader terminal. Turn it on there first - this is the terminal's own safety switch and the bridge will not override it.
2026-09-22T15:28:38+10:00  order     REFUSED Algo Trading is switched OFF in the MetaTrader terminal. Turn it on there first - this is the terminal's own safety switch and the bridge will not override it.
2026-09-22T15:28:51+10:00  order     REFUSED Algo Trading is switched OFF in the MetaTrader terminal. Turn it on there first - this is the terminal's own safety switch and the bridge will not override it.
2026-09-22T15:29:07+10:00  order     REFUSED Algo Trading is switched OFF in the MetaTrader terminal. Turn it on there first - this is the terminal's own safety switch and the bridge will not override it.
2026-09-22T15:29:09+10:00  order     REFUSED Algo Trading is switched OFF in the MetaTrader terminal. Turn it on there first - this is the terminal's own safety switch and the bridge will not override it.
2026-09-22T15:29:09+10:00  order     REFUSED Algo Trading is switched OFF in the MetaTrader terminal. Turn it on there first - this is the terminal's own safety switch and the bridge will not override it.
2026-09-22T15:29:21+10:00  order     REFUSED Algo Trading is switched OFF in the MetaTrader terminal. Turn it on there first - this is the terminal's own safety switch and the bridge will not override it.
2026-09-22T15:29:37+10:00  order     REFUSED Algo Trading is switched OFF in the MetaTrader terminal. Turn it on there first - this is the terminal's own safety switch and the bridge will not override it.
2026-09-22T15:29:39+10:00  order     REFUSED Algo Trading is switched OFF in the MetaTrader terminal. Turn it on there first - this is the terminal's own safety switch and the bridge will not override it.
2026-09-22T15:29:40+10:00  order     REFUSED Algo Trading is switched OFF in the MetaTrader terminal. Turn it on there first - this is the terminal's own safety switch and the bridge will not override it.
2026-09-22T15:29:53+10:00  order     REFUSED Algo Trading is switched OFF in the MetaTrader terminal. Turn it on there first - this is the terminal's own safety switch and the bridge will not override it.
2026-09-22T15:30:09+10:00  order     REFUSED Algo Trading is switched OFF in the MetaTrader terminal. Turn it on there first - this is the terminal's own safety switch and the bridge will not override it.
2026-09-22T15:30:12+10:00  order     REFUSED Algo Trading is switched OFF in the MetaTrader terminal. Turn it on there first - this is the terminal's own safety switch and the bridge will not override it.
2026-09-22T15:30:25+10:00  order     REFUSED Algo Trading is switched OFF in the MetaTrader terminal. Turn it on there first - this is the terminal's own safety switch and the bridge will not override it.
2026-09-22T15:30:40+10:00  order     REFUSED Algo Trading is switched OFF in the MetaTrader terminal. Turn it on there first - this is the terminal's own safety switch and the bridge will not override it.
2026-09-22T15:30:42+10:00  order     REFUSED Algo Trading is switched OFF in the MetaTrader terminal. Turn it on there first - this is the terminal's own safety switch and the bridge will not override it.
2026-09-22T15:30:56+10:00  order     REFUSED Algo Trading is switched OFF in the MetaTrader terminal. Turn it on there first - this is the terminal's own safety switch and the bridge will not override it.
2026-09-22T15:31:10+10:00  order     REFUSED Algo Trading is switched OFF in the MetaTrader terminal. Turn it on there first - this is the terminal's own safety switch and the bridge will not override it.
2026-09-22T15:31:12+10:00  order     REFUSED Algo Trading is switched OFF in the MetaTrader terminal. Turn it on there first - this is the terminal's own safety switch and the bridge will not override it.
2026-09-22T15:31:29+10:00  order     REFUSED Algo Trading is switched OFF in the MetaTrader terminal. Turn it on there first - this is the terminal's own safety switch and the bridge will not override it.
2026-09-22T15:31:40+10:00  order     REFUSED Algo Trading is switched OFF in the MetaTrader terminal. Turn it on there first - this is the terminal's own safety switch and the bridge will not override it.
2026-09-22T15:31:42+10:00  order     REFUSED Algo Trading is switched OFF in the MetaTrader terminal. Turn it on there first - this is the terminal's own safety switch and the bridge will not override it.
2026-09-22T15:31:59+10:00  order     REFUSED Algo Trading is switched OFF in the MetaTrader terminal. Turn it on there first - this is the terminal's own safety switch and the bridge will not override it.
2026-09-22T15:32:12+10:00  order     REFUSED Algo Trading is switched OFF in the MetaTrader terminal. Turn it on there first - this is the terminal's own safety switch and the bridge will not override it.
2026-09-22T15:32:15+10:00  order     REFUSED Algo Trading is switched OFF in the MetaTrader terminal. Turn it on there first - this is the terminal's own safety switch and the bridge will not override it.
2026-09-22T15:32:26+10:00  order     REFUSED Algo Trading is switched OFF in the MetaTrader terminal. Turn it on there first - this is the terminal's own safety switch and the bridge will not override it.
2026-09-22T15:32:32+10:00  order     REFUSED Algo Trading is switched OFF in the MetaTrader terminal. Turn it on there first - this is the terminal's own safety switch and the bridge will not override it.
2026-09-22T15:32:43+10:00  order     REFUSED Algo Trading is switched OFF in the MetaTrader terminal. Turn it on there first - this is the terminal's own safety switch and the bridge will not override it.
2026-09-22T15:32:57+10:00  order     REFUSED Algo Trading is switched OFF in the MetaTrader terminal. Turn it on there first - this is the terminal's own safety switch and the bridge will not override it.
2026-09-22T15:33:03+10:00  order     REFUSED Algo Trading is switched OFF in the MetaTrader terminal. Turn it on there first - this is the terminal's own safety switch and the bridge will not override it.
2026-09-22T15:33:15+10:00  order     REFUSED Algo Trading is switched OFF in the MetaTrader terminal. Turn it on there first - this is the terminal's own safety switch and the bridge will not override it.
2026-09-22T15:33:29+10:00  order     REFUSED Algo Trading is switched OFF in the MetaTrader terminal. Turn it on there first - this is the terminal's own safety switch and the bridge will not override it.
2026-09-22T15:33:35+10:00  order     REFUSED Algo Trading is switched OFF in the MetaTrader terminal. Turn it on there first - this is the terminal's own safety switch and the bridge will not override it.
2026-09-22T15:33:47+10:00  order     REFUSED Algo Trading is switched OFF in the MetaTrader terminal. Turn it on there first - this is the terminal's own safety switch and the bridge will not override it.
2026-09-22T15:34:01+10:00  order     REFUSED Algo Trading is switched OFF in the MetaTrader terminal. Turn it on there first - this is the terminal's own safety switch and the bridge will not override it.
2026-09-22T15:34:07+10:00  order     REFUSED Algo Trading is switched OFF in the MetaTrader terminal. Turn it on there first - this is the terminal's own safety switch and the bridge will not override it.
2026-09-22T15:34:19+10:00  order     REFUSED Algo Trading is switched OFF in the MetaTrader terminal. Turn it on there first - this is the terminal's own safety switch and the bridge will not override it.
2026-09-22T15:34:34+10:00  order     REFUSED Algo Trading is switched OFF in the MetaTrader terminal. Turn it on there first - this is the terminal's own safety switch and the bridge will not override it.
2026-09-22T15:34:37+10:00  order     REFUSED Algo Trading is switched OFF in the MetaTrader terminal. Turn it on there first - this is the terminal's own safety switch and the bridge will not override it.
2026-09-22T15:34:52+10:00  order     REFUSED Algo Trading is switched OFF in the MetaTrader terminal. Turn it on there first - this is the terminal's own safety switch and the bridge will not override it.
2026-09-22T15:35:06+10:00  order     REFUSED Algo Trading is switched OFF in the MetaTrader terminal. Turn it on there first - this is the terminal's own safety switch and the bridge will not override it.
2026-09-22T15:35:09+10:00  order     REFUSED Algo Trading is switched OFF in the MetaTrader terminal. Turn it on there first - this is the terminal's own safety switch and the bridge will not override it.
2026-09-22T15:35:27+10:00  order     REFUSED Algo Trading is switched OFF in the MetaTrader terminal. Turn it on there first - this is the terminal's own safety switch and the bridge will not override it.
2026-09-22T15:35:38+10:00  order     REFUSED Algo Trading is switched OFF in the MetaTrader terminal. Turn it on there first - this is the terminal's own safety switch and the bridge will not override it.
2026-09-22T15:35:41+10:00  order     REFUSED Algo Trading is switched OFF in the MetaTrader terminal. Turn it on there first - this is the terminal's own safety switch and the bridge will not override it.
2026-09-22T15:35:59+10:00  order     REFUSED Algo Trading is switched OFF in the MetaTrader terminal. Turn it on there first - this is the terminal's own safety switch and the bridge will not override it.
2026-09-22T15:36:10+10:00  order     REFUSED Algo Trading is switched OFF in the MetaTrader terminal. Turn it on there first - this is the terminal's own safety switch and the bridge will not override it.
2026-09-22T15:36:13+10:00  order     REFUSED Algo Trading is switched OFF in the MetaTrader terminal. Turn it on there first - this is the terminal's own safety switch and the bridge will not override it.
2026-09-22T15:36:29+10:00  order     REFUSED Algo Trading is switched OFF in the MetaTrader terminal. Turn it on there first - this is the terminal's own safety switch and the bridge will not override it.
2026-09-22T15:36:42+10:00  order     REFUSED Algo Trading is switched OFF in the MetaTrader terminal. Turn it on there first - this is the terminal's own safety switch and the bridge will not override it.
2026-09-22T15:36:46+10:00  order     REFUSED Algo Trading is switched OFF in the MetaTrader terminal. Turn it on there first - this is the terminal's own safety switch and the bridge will not override it.
2026-09-22T15:37:01+10:00  order     REFUSED Algo Trading is switched OFF in the MetaTrader terminal. Turn it on there first - this is the terminal's own safety switch and the bridge will not override it.
2026-09-22T15:37:14+10:00  order     REFUSED Algo Trading is switched OFF in the MetaTrader terminal. Turn it on there first - this is the terminal's own safety switch and the bridge will not override it.
2026-09-22T15:37:17+10:00  order     REFUSED Algo Trading is switched OFF in the MetaTrader terminal. Turn it on there first - this is the terminal's own safety switch and the bridge will not override it.
2026-09-22T15:37:32+10:00  order     REFUSED Algo Trading is switched OFF in the MetaTrader terminal. Turn it on there first - this is the terminal's own safety switch and the bridge will not override it.
2026-09-22T15:37:46+10:00  order     REFUSED Algo Trading is switched OFF in the MetaTrader terminal. Turn it on there first - this is the terminal's own safety switch and the bridge will not override it.
2026-09-22T15:37:49+10:00  order     REFUSED Algo Trading is switched OFF in the MetaTrader terminal. Turn it on there first - this is the terminal's own safety switch and the bridge will not override it.
2026-09-22T15:38:04+10:00  order     REFUSED Algo Trading is switched OFF in the MetaTrader terminal. Turn it on there first - this is the terminal's own safety switch and the bridge will not override it.
2026-09-22T15:38:17+10:00  order     REFUSED Algo Trading is switched OFF in the MetaTrader terminal. Turn it on there first - this is the terminal's own safety switch and the bridge will not override it.
2026-09-22T15:38:20+10:00  order     REFUSED Algo Trading is switched OFF in the MetaTrader terminal. Turn it on there first - this is the terminal's own safety switch and the bridge will not override it.
2026-09-22T15:38:34+10:00  order     REFUSED Algo Trading is switched OFF in the MetaTrader terminal. Turn it on there first - this is the terminal's own safety switch and the bridge will not override it.
2026-09-22T15:38:48+10:00  order     REFUSED Algo Trading is switched OFF in the MetaTrader terminal. Turn it on there first - this is the terminal's own safety switch and the bridge will not override it.
2026-09-22T15:38:51+10:00  order     REFUSED Algo Trading is switched OFF in the MetaTrader terminal. Turn it on there first - this is the terminal's own safety switch and the bridge will not override it.
2026-09-22T15:39:06+10:00  order     REFUSED Algo Trading is switched OFF in the MetaTrader terminal. Turn it on there first - this is the terminal's own safety switch and the bridge will not override it.
2026-09-22T15:39:15+10:00  order     REFUSED Algo Trading is switched OFF in the MetaTrader terminal. Turn it on there first - this is the terminal's own safety switch and the bridge will not override it.
2026-09-22T15:39:20+10:00  order     REFUSED Algo Trading is switched OFF in the MetaTrader terminal. Turn it on there first - this is the terminal's own safety switch and the bridge will not override it.
2026-09-22T15:39:23+10:00  order     REFUSED Algo Trading is switched OFF in the MetaTrader terminal. Turn it on there first - this is the terminal's own safety switch and the bridge will not override it.
2026-09-22T15:39:37+10:00  order     REFUSED Algo Trading is switched OFF in the MetaTrader terminal. Turn it on there first - this is the terminal's own safety switch and the bridge will not override it.
2026-09-22T15:39:45+10:00  order     REFUSED Algo Trading is switched OFF in the MetaTrader terminal. Turn it on there first - this is the terminal's own safety switch and the bridge will not override it.
2026-09-22T15:39:51+10:00  order     REFUSED Algo Trading is switched OFF in the MetaTrader terminal. Turn it on there first - this is the terminal's own safety switch and the bridge will not override it.
2026-09-22T15:39:54+10:00  order     REFUSED Algo Trading is switched OFF in the MetaTrader terminal. Turn it on there first - this is the terminal's own safety switch and the bridge will not override it.
2026-09-22T15:40:32+10:00  order     REFUSED Algo Trading is switched OFF in the MetaTrader terminal. Turn it on there first - this is the terminal's own safety switch and the bridge will not override it.
2026-09-22T15:41:02+10:00  order     REFUSED Algo Trading is switched OFF in the MetaTrader terminal. Turn it on there first - this is the terminal's own safety switch and the bridge will not override it.
2026-09-22T15:41:04+10:00  order     REFUSED Algo Trading is switched OFF in the MetaTrader terminal. Turn it on there first - this is the terminal's own safety switch and the bridge will not override it.
2026-09-22T15:41:33+10:00  order     REFUSED Algo Trading is switched OFF in the MetaTrader terminal. Turn it on there first - this is the terminal's own safety switch and the bridge will not override it.
2026-09-22T15:41:35+10:00  order     REFUSED Algo Trading is switched OFF in the MetaTrader terminal. Turn it on there first - this is the terminal's own safety switch and the bridge will not override it.
2026-09-22T15:41:55+10:00  order     REFUSED Algo Trading is switched OFF in the MetaTrader terminal. Turn it on there first - this is the terminal's own safety switch and the bridge will not override it.
2026-09-22T15:41:56+10:00  order     REFUSED Algo Trading is switched OFF in the MetaTrader terminal. Turn it on there first - this is the terminal's own safety switch and the bridge will not override it.
2026-09-22T15:42:04+10:00  order     REFUSED Algo Trading is switched OFF in the MetaTrader terminal. Turn it on there first - this is the terminal's own safety switch and the bridge will not override it.
2026-09-22T15:42:06+10:00  order     REFUSED Algo Trading is switched OFF in the MetaTrader terminal. Turn it on there first - this is the terminal's own safety switch and the bridge will not override it.
2026-09-22T15:42:27+10:00  order     REFUSED Algo Trading is switched OFF in the MetaTrader terminal. Turn it on there first - this is the terminal's own safety switch and the bridge will not override it.
2026-09-22T15:42:28+10:00  order     REFUSED Algo Trading is switched OFF in the MetaTrader terminal. Turn it on there first - this is the terminal's own safety switch and the bridge will not override it.
2026-09-22T15:42:36+10:00  order     REFUSED Algo Trading is switched OFF in the MetaTrader terminal. Turn it on there first - this is the terminal's own safety switch and the bridge will not override it.
2026-09-22T15:42:39+10:00  order     REFUSED Algo Trading is switched OFF in the MetaTrader terminal. Turn it on there first - this is the terminal's own safety switch and the bridge will not override it.
2026-09-22T15:42:59+10:00  clock     server offset +10800000 ms (UTC+3.00h) confidence=measured from 5 tick(s)
2026-09-22T15:42:59+10:00  start     bridge on 127.0.0.1:8765 mock=False connected=True server=Pepperstone-MT5-Live01
2026-09-22T15:42:59+10:00  start     EXECUTION ARMED demo_only=True max_lots=0.05
2026-09-22T15:43:09+10:00  order     REFUSED account 51527502 is a LIVE account and the demo guard is on. Nothing was sent. Disable DEMO_ONLY in bridge/execution.py only when you intend to trade real money.
2026-09-22T15:43:12+10:00  order     REFUSED account 51527502 is a LIVE account and the demo guard is on. Nothing was sent. Disable DEMO_ONLY in bridge/execution.py only when you intend to trade real money.
2026-09-22T15:43:12+10:00  order     REFUSED account 51527502 is a LIVE account and the demo guard is on. Nothing was sent. Disable DEMO_ONLY in bridge/execution.py only when you intend to trade real money.
2026-09-22T15:43:39+10:00  order     REFUSED account 51527502 is a LIVE account and the demo guard is on. Nothing was sent. Disable DEMO_ONLY in bridge/execution.py only when you intend to trade real money.
2026-09-22T15:43:42+10:00  order     REFUSED account 51527502 is a LIVE account and the demo guard is on. Nothing was sent. Disable DEMO_ONLY in bridge/execution.py only when you intend to trade real money.
2026-09-22T15:43:42+10:00  order     REFUSED account 51527502 is a LIVE account and the demo guard is on. Nothing was sent. Disable DEMO_ONLY in bridge/execution.py only when you intend to trade real money.
2026-09-22T15:44:09+10:00  order     REFUSED account 51527502 is a LIVE account and the demo guard is on. Nothing was sent. Disable DEMO_ONLY in bridge/execution.py only when you intend to trade real money.
2026-09-22T15:44:12+10:00  order     REFUSED account 51527502 is a LIVE account and the demo guard is on. Nothing was sent. Disable DEMO_ONLY in bridge/execution.py only when you intend to trade real money.
2026-09-22T15:44:12+10:00  order     REFUSED account 51527502 is a LIVE account and the demo guard is on. Nothing was sent. Disable DEMO_ONLY in bridge/execution.py only when you intend to trade real money.
2026-09-22T15:44:40+10:00  order     REFUSED account 51527502 is a LIVE account and the demo guard is on. Nothing was sent. Disable DEMO_ONLY in bridge/execution.py only when you intend to trade real money.
2026-09-22T15:44:42+10:00  order     REFUSED account 51527502 is a LIVE account and the demo guard is on. Nothing was sent. Disable DEMO_ONLY in bridge/execution.py only when you intend to trade real money.
2026-09-22T15:44:42+10:00  order     REFUSED account 51527502 is a LIVE account and the demo guard is on. Nothing was sent. Disable DEMO_ONLY in bridge/execution.py only when you intend to trade real money.
2026-09-22T15:45:11+10:00  order     REFUSED account 51527502 is a LIVE account and the demo guard is on. Nothing was sent. Disable DEMO_ONLY in bridge/execution.py only when you intend to trade real money.
2026-09-22T15:45:23+10:00  order     REFUSED account 51527502 is a LIVE account and the demo guard is on. Nothing was sent. Disable DEMO_ONLY in bridge/execution.py only when you intend to trade real money.
2026-09-22T15:45:41+10:00  order     REFUSED account 51527502 is a LIVE account and the demo guard is on. Nothing was sent. Disable DEMO_ONLY in bridge/execution.py only when you intend to trade real money.
2026-09-22T15:45:44+10:00  order     REFUSED account 51527502 is a LIVE account and the demo guard is on. Nothing was sent. Disable DEMO_ONLY in bridge/execution.py only when you intend to trade real money.
2026-09-22T15:45:52+10:00  order     REFUSED account 51527502 is a LIVE account and the demo guard is on. Nothing was sent. Disable DEMO_ONLY in bridge/execution.py only when you intend to trade real money.
2026-09-22T15:45:55+10:00  order     REFUSED account 51527502 is a LIVE account and the demo guard is on. Nothing was sent. Disable DEMO_ONLY in bridge/execution.py only when you intend to trade real money.
2026-09-22T15:46:13+10:00  order     REFUSED account 51527502 is a LIVE account and the demo guard is on. Nothing was sent. Disable DEMO_ONLY in bridge/execution.py only when you intend to trade real money.
2026-09-22T15:46:16+10:00  order     REFUSED account 51527502 is a LIVE account and the demo guard is on. Nothing was sent. Disable DEMO_ONLY in bridge/execution.py only when you intend to trade real money.
2026-09-22T15:46:23+10:00  order     REFUSED account 51527502 is a LIVE account and the demo guard is on. Nothing was sent. Disable DEMO_ONLY in bridge/execution.py only when you intend to trade real money.
2026-09-22T15:46:27+10:00  order     REFUSED account 51527502 is a LIVE account and the demo guard is on. Nothing was sent. Disable DEMO_ONLY in bridge/execution.py only when you intend to trade real money.
2026-09-22T15:46:45+10:00  order     REFUSED account 51527502 is a LIVE account and the demo guard is on. Nothing was sent. Disable DEMO_ONLY in bridge/execution.py only when you intend to trade real money.
2026-09-22T15:46:48+10:00  order     REFUSED account 51527502 is a LIVE account and the demo guard is on. Nothing was sent. Disable DEMO_ONLY in bridge/execution.py only when you intend to trade real money.
2026-09-22T15:46:56+10:00  order     REFUSED account 51527502 is a LIVE account and the demo guard is on. Nothing was sent. Disable DEMO_ONLY in bridge/execution.py only when you intend to trade real money.
2026-09-22T15:46:59+10:00  order     REFUSED account 51527502 is a LIVE account and the demo guard is on. Nothing was sent. Disable DEMO_ONLY in bridge/execution.py only when you intend to trade real money.
2026-09-22T15:47:07+10:00  error     /health ConnectionAbortedError: [WinError 10053] An established connection was aborted by the software in your host machine
2026-09-22T15:47:15+10:00  order     REFUSED account 51527502 is a LIVE account and the demo guard is on. Nothing was sent. Disable DEMO_ONLY in bridge/execution.py only when you intend to trade real money.
2026-09-22T15:47:18+10:00  order     REFUSED account 51527502 is a LIVE account and the demo guard is on. Nothing was sent. Disable DEMO_ONLY in bridge/execution.py only when you intend to trade real money.
2026-09-22T15:47:26+10:00  order     REFUSED account 51527502 is a LIVE account and the demo guard is on. Nothing was sent. Disable DEMO_ONLY in bridge/execution.py only when you intend to trade real money.
2026-09-22T15:47:29+10:00  order     REFUSED account 51527502 is a LIVE account and the demo guard is on. Nothing was sent. Disable DEMO_ONLY in bridge/execution.py only when you intend to trade real money.
2026-09-22T15:47:47+10:00  order     REFUSED account 51527502 is a LIVE account and the demo guard is on. Nothing was sent. Disable DEMO_ONLY in bridge/execution.py only when you intend to trade real money.
2026-09-22T15:47:50+10:00  order     REFUSED account 51527502 is a LIVE account and the demo guard is on. Nothing was sent. Disable DEMO_ONLY in bridge/execution.py only when you intend to trade real money.
2026-09-22T15:47:58+10:00  order     REFUSED account 51527502 is a LIVE account and the demo guard is on. Nothing was sent. Disable DEMO_ONLY in bridge/execution.py only when you intend to trade real money.
2026-09-22T15:48:01+10:00  order     REFUSED account 51527502 is a LIVE account and the demo guard is on. Nothing was sent. Disable DEMO_ONLY in bridge/execution.py only when you intend to trade real money.
2026-09-22T16:03:11+10:00  order     REFUSED account 51527502 is a LIVE account and the demo guard is on. Nothing was sent. Disable DEMO_ONLY in bridge/execution.py only when you intend to trade real money.
2026-09-22T16:03:11+10:00  order     REFUSED account 51527502 is a LIVE account and the demo guard is on. Nothing was sent. Disable DEMO_ONLY in bridge/execution.py only when you intend to trade real money.
2026-09-22T16:03:11+10:00  order     REFUSED account 51527502 is a LIVE account and the demo guard is on. Nothing was sent. Disable DEMO_ONLY in bridge/execution.py only when you intend to trade real money.
2026-09-22T16:03:12+10:00  order     REFUSED account 51527502 is a LIVE account and the demo guard is on. Nothing was sent. Disable DEMO_ONLY in bridge/execution.py only when you intend to trade real money.
2026-09-22T16:03:41+10:00  order     REFUSED account 51527502 is a LIVE account and the demo guard is on. Nothing was sent. Disable DEMO_ONLY in bridge/execution.py only when you intend to trade real money.
2026-09-22T16:03:41+10:00  order     REFUSED account 51527502 is a LIVE account and the demo guard is on. Nothing was sent. Disable DEMO_ONLY in bridge/execution.py only when you intend to trade real money.
2026-09-22T16:03:41+10:00  order     REFUSED account 51527502 is a LIVE account and the demo guard is on. Nothing was sent. Disable DEMO_ONLY in bridge/execution.py only when you intend to trade real money.
2026-09-22T16:03:44+10:00  order     REFUSED account 51527502 is a LIVE account and the demo guard is on. Nothing was sent. Disable DEMO_ONLY in bridge/execution.py only when you intend to trade real money.
2026-09-22T16:04:13+10:00  order     REFUSED account 51527502 is a LIVE account and the demo guard is on. Nothing was sent. Disable DEMO_ONLY in bridge/execution.py only when you intend to trade real money.
2026-09-22T16:04:13+10:00  order     REFUSED account 51527502 is a LIVE account and the demo guard is on. Nothing was sent. Disable DEMO_ONLY in bridge/execution.py only when you intend to trade real money.
2026-09-22T16:04:13+10:00  order     REFUSED account 51527502 is a LIVE account and the demo guard is on. Nothing was sent. Disable DEMO_ONLY in bridge/execution.py only when you intend to trade real money.
2026-09-22T16:04:17+10:00  order     REFUSED account 51527502 is a LIVE account and the demo guard is on. Nothing was sent. Disable DEMO_ONLY in bridge/execution.py only when you intend to trade real money.
2026-09-22T16:04:46+10:00  order     REFUSED account 51527502 is a LIVE account and the demo guard is on. Nothing was sent. Disable DEMO_ONLY in bridge/execution.py only when you intend to trade real money.
2026-09-22T16:04:46+10:00  order     REFUSED account 51527502 is a LIVE account and the demo guard is on. Nothing was sent. Disable DEMO_ONLY in bridge/execution.py only when you intend to trade real money.
2026-09-22T16:04:46+10:00  order     REFUSED account 51527502 is a LIVE account and the demo guard is on. Nothing was sent. Disable DEMO_ONLY in bridge/execution.py only when you intend to trade real money.
2026-09-22T16:04:47+10:00  order     REFUSED account 51527502 is a LIVE account and the demo guard is on. Nothing was sent. Disable DEMO_ONLY in bridge/execution.py only when you intend to trade real money.
2026-09-22T16:04:57+10:00  order     REFUSED account 51527502 is a LIVE account and the demo guard is on. Nothing was sent. Disable DEMO_ONLY in bridge/execution.py only when you intend to trade real money.
2026-09-22T16:05:18+10:00  order     REFUSED account 51527502 is a LIVE account and the demo guard is on. Nothing was sent. Disable DEMO_ONLY in bridge/execution.py only when you intend to trade real money.
2026-09-22T16:05:18+10:00  order     REFUSED account 51527502 is a LIVE account and the demo guard is on. Nothing was sent. Disable DEMO_ONLY in bridge/execution.py only when you intend to trade real money.
2026-09-22T16:05:19+10:00  order     REFUSED account 51527502 is a LIVE account and the demo guard is on. Nothing was sent. Disable DEMO_ONLY in bridge/execution.py only when you intend to trade real money.
2026-09-22T16:05:19+10:00  order     REFUSED account 51527502 is a LIVE account and the demo guard is on. Nothing was sent. Disable DEMO_ONLY in bridge/execution.py only when you intend to trade real money.
2026-09-22T16:05:30+10:00  order     REFUSED account 51527502 is a LIVE account and the demo guard is on. Nothing was sent. Disable DEMO_ONLY in bridge/execution.py only when you intend to trade real money.
2026-09-22T16:05:48+10:00  order     REFUSED account 51527502 is a LIVE account and the demo guard is on. Nothing was sent. Disable DEMO_ONLY in bridge/execution.py only when you intend to trade real money.
2026-09-22T16:05:49+10:00  order     REFUSED account 51527502 is a LIVE account and the demo guard is on. Nothing was sent. Disable DEMO_ONLY in bridge/execution.py only when you intend to trade real money.
2026-09-22T16:05:49+10:00  order     REFUSED account 51527502 is a LIVE account and the demo guard is on. Nothing was sent. Disable DEMO_ONLY in bridge/execution.py only when you intend to trade real money.
2026-09-22T16:05:49+10:00  order     REFUSED account 51527502 is a LIVE account and the demo guard is on. Nothing was sent. Disable DEMO_ONLY in bridge/execution.py only when you intend to trade real money.
2026-09-22T16:06:02+10:00  order     REFUSED account 51527502 is a LIVE account and the demo guard is on. Nothing was sent. Disable DEMO_ONLY in bridge/execution.py only when you intend to trade real money.
2026-09-22T16:06:20+10:00  order     REFUSED account 51527502 is a LIVE account and the demo guard is on. Nothing was sent. Disable DEMO_ONLY in bridge/execution.py only when you intend to trade real money.
2026-09-22T16:06:20+10:00  order     REFUSED account 51527502 is a LIVE account and the demo guard is on. Nothing was sent. Disable DEMO_ONLY in bridge/execution.py only when you intend to trade real money.
2026-09-22T16:06:20+10:00  order     REFUSED account 51527502 is a LIVE account and the demo guard is on. Nothing was sent. Disable DEMO_ONLY in bridge/execution.py only when you intend to trade real money.
2026-09-22T16:06:21+10:00  order     REFUSED account 51527502 is a LIVE account and the demo guard is on. Nothing was sent. Disable DEMO_ONLY in bridge/execution.py only when you intend to trade real money.
2026-09-22T16:06:34+10:00  order     REFUSED account 51527502 is a LIVE account and the demo guard is on. Nothing was sent. Disable DEMO_ONLY in bridge/execution.py only when you intend to trade real money.
2026-09-22T16:06:52+10:00  order     REFUSED account 51527502 is a LIVE account and the demo guard is on. Nothing was sent. Disable DEMO_ONLY in bridge/execution.py only when you intend to trade real money.
2026-09-22T16:06:52+10:00  order     REFUSED account 51527502 is a LIVE account and the demo guard is on. Nothing was sent. Disable DEMO_ONLY in bridge/execution.py only when you intend to trade real money.
2026-09-22T16:06:52+10:00  order     REFUSED account 51527502 is a LIVE account and the demo guard is on. Nothing was sent. Disable DEMO_ONLY in bridge/execution.py only when you intend to trade real money.
2026-09-22T16:06:53+10:00  order     REFUSED account 51527502 is a LIVE account and the demo guard is on. Nothing was sent. Disable DEMO_ONLY in bridge/execution.py only when you intend to trade real money.
2026-09-22T16:07:06+10:00  order     REFUSED account 51527502 is a LIVE account and the demo guard is on. Nothing was sent. Disable DEMO_ONLY in bridge/execution.py only when you intend to trade real money.
2026-09-22T16:07:24+10:00  order     REFUSED account 51527502 is a LIVE account and the demo guard is on. Nothing was sent. Disable DEMO_ONLY in bridge/execution.py only when you intend to trade real money.
2026-09-22T16:07:24+10:00  order     REFUSED account 51527502 is a LIVE account and the demo guard is on. Nothing was sent. Disable DEMO_ONLY in bridge/execution.py only when you intend to trade real money.
2026-09-22T16:07:24+10:00  order     REFUSED account 51527502 is a LIVE account and the demo guard is on. Nothing was sent. Disable DEMO_ONLY in bridge/execution.py only when you intend to trade real money.
2026-09-22T16:07:25+10:00  order     REFUSED account 51527502 is a LIVE account and the demo guard is on. Nothing was sent. Disable DEMO_ONLY in bridge/execution.py only when you intend to trade real money.
2026-09-22T16:07:37+10:00  order     REFUSED account 51527502 is a LIVE account and the demo guard is on. Nothing was sent. Disable DEMO_ONLY in bridge/execution.py only when you intend to trade real money.
2026-09-22T16:07:56+10:00  order     REFUSED account 51527502 is a LIVE account and the demo guard is on. Nothing was sent. Disable DEMO_ONLY in bridge/execution.py only when you intend to trade real money.
2026-09-22T16:07:56+10:00  order     REFUSED account 51527502 is a LIVE account and the demo guard is on. Nothing was sent. Disable DEMO_ONLY in bridge/execution.py only when you intend to trade real money.
2026-09-22T16:07:56+10:00  order     REFUSED account 51527502 is a LIVE account and the demo guard is on. Nothing was sent. Disable DEMO_ONLY in bridge/execution.py only when you intend to trade real money.
2026-09-22T16:07:57+10:00  order     REFUSED account 51527502 is a LIVE account and the demo guard is on. Nothing was sent. Disable DEMO_ONLY in bridge/execution.py only when you intend to trade real money.
2026-09-22T16:08:09+10:00  order     REFUSED account 51527502 is a LIVE account and the demo guard is on. Nothing was sent. Disable DEMO_ONLY in bridge/execution.py only when you intend to trade real money.
2026-09-22T16:08:28+10:00  order     REFUSED account 51527502 is a LIVE account and the demo guard is on. Nothing was sent. Disable DEMO_ONLY in bridge/execution.py only when you intend to trade real money.
2026-09-22T16:08:28+10:00  order     REFUSED account 51527502 is a LIVE account and the demo guard is on. Nothing was sent. Disable DEMO_ONLY in bridge/execution.py only when you intend to trade real money.
2026-09-22T16:08:28+10:00  order     REFUSED account 51527502 is a LIVE account and the demo guard is on. Nothing was sent. Disable DEMO_ONLY in bridge/execution.py only when you intend to trade real money.
2026-09-22T16:08:28+10:00  order     REFUSED account 51527502 is a LIVE account and the demo guard is on. Nothing was sent. Disable DEMO_ONLY in bridge/execution.py only when you intend to trade real money.
2026-09-22T16:08:41+10:00  order     REFUSED account 51527502 is a LIVE account and the demo guard is on. Nothing was sent. Disable DEMO_ONLY in bridge/execution.py only when you intend to trade real money.
2026-09-22T16:08:59+10:00  order     REFUSED account 51527502 is a LIVE account and the demo guard is on. Nothing was sent. Disable DEMO_ONLY in bridge/execution.py only when you intend to trade real money.
2026-09-22T16:08:59+10:00  order     REFUSED account 51527502 is a LIVE account and the demo guard is on. Nothing was sent. Disable DEMO_ONLY in bridge/execution.py only when you intend to trade real money.
2026-09-22T16:08:59+10:00  order     REFUSED account 51527502 is a LIVE account and the demo guard is on. Nothing was sent. Disable DEMO_ONLY in bridge/execution.py only when you intend to trade real money.
2026-09-22T16:09:00+10:00  order     REFUSED account 51527502 is a LIVE account and the demo guard is on. Nothing was sent. Disable DEMO_ONLY in bridge/execution.py only when you intend to trade real money.
2026-09-22T16:09:12+10:00  order     REFUSED account 51527502 is a LIVE account and the demo guard is on. Nothing was sent. Disable DEMO_ONLY in bridge/execution.py only when you intend to trade real money.
2026-09-22T16:09:30+10:00  order     REFUSED account 51527502 is a LIVE account and the demo guard is on. Nothing was sent. Disable DEMO_ONLY in bridge/execution.py only when you intend to trade real money.
2026-09-22T16:09:31+10:00  order     REFUSED account 51527502 is a LIVE account and the demo guard is on. Nothing was sent. Disable DEMO_ONLY in bridge/execution.py only when you intend to trade real money.
2026-09-22T16:09:31+10:00  order     REFUSED account 51527502 is a LIVE account and the demo guard is on. Nothing was sent. Disable DEMO_ONLY in bridge/execution.py only when you intend to trade real money.
2026-09-22T16:09:31+10:00  order     REFUSED account 51527502 is a LIVE account and the demo guard is on. Nothing was sent. Disable DEMO_ONLY in bridge/execution.py only when you intend to trade real money.
2026-09-22T16:09:44+10:00  order     REFUSED account 51527502 is a LIVE account and the demo guard is on. Nothing was sent. Disable DEMO_ONLY in bridge/execution.py only when you intend to trade real money.
2026-09-22T16:10:02+10:00  order     REFUSED account 51527502 is a LIVE account and the demo guard is on. Nothing was sent. Disable DEMO_ONLY in bridge/execution.py only when you intend to trade real money.
2026-09-22T16:10:02+10:00  order     REFUSED account 51527502 is a LIVE account and the demo guard is on. Nothing was sent. Disable DEMO_ONLY in bridge/execution.py only when you intend to trade real money.
2026-09-22T16:10:02+10:00  order     REFUSED account 51527502 is a LIVE account and the demo guard is on. Nothing was sent. Disable DEMO_ONLY in bridge/execution.py only when you intend to trade real money.
2026-09-22T16:10:03+10:00  order     REFUSED account 51527502 is a LIVE account and the demo guard is on. Nothing was sent. Disable DEMO_ONLY in bridge/execution.py only when you intend to trade real money.
2026-09-22T16:10:16+10:00  order     REFUSED account 51527502 is a LIVE account and the demo guard is on. Nothing was sent. Disable DEMO_ONLY in bridge/execution.py only when you intend to trade real money.
2026-09-22T16:10:34+10:00  order     REFUSED account 51527502 is a LIVE account and the demo guard is on. Nothing was sent. Disable DEMO_ONLY in bridge/execution.py only when you intend to trade real money.
2026-09-22T16:10:34+10:00  order     REFUSED account 51527502 is a LIVE account and the demo guard is on. Nothing was sent. Disable DEMO_ONLY in bridge/execution.py only when you intend to trade real money.
2026-09-22T16:10:34+10:00  order     REFUSED account 51527502 is a LIVE account and the demo guard is on. Nothing was sent. Disable DEMO_ONLY in bridge/execution.py only when you intend to trade real money.
2026-09-22T16:10:35+10:00  order     REFUSED account 51527502 is a LIVE account and the demo guard is on. Nothing was sent. Disable DEMO_ONLY in bridge/execution.py only when you intend to trade real money.
2026-09-22T16:10:48+10:00  order     REFUSED account 51527502 is a LIVE account and the demo guard is on. Nothing was sent. Disable DEMO_ONLY in bridge/execution.py only when you intend to trade real money.
2026-09-22T16:11:06+10:00  order     REFUSED account 51527502 is a LIVE account and the demo guard is on. Nothing was sent. Disable DEMO_ONLY in bridge/execution.py only when you intend to trade real money.
2026-09-22T16:11:06+10:00  order     REFUSED account 51527502 is a LIVE account and the demo guard is on. Nothing was sent. Disable DEMO_ONLY in bridge/execution.py only when you intend to trade real money.
2026-09-22T16:11:06+10:00  order     REFUSED account 51527502 is a LIVE account and the demo guard is on. Nothing was sent. Disable DEMO_ONLY in bridge/execution.py only when you intend to trade real money.
2026-09-22T16:11:07+10:00  order     REFUSED account 51527502 is a LIVE account and the demo guard is on. Nothing was sent. Disable DEMO_ONLY in bridge/execution.py only when you intend to trade real money.
2026-09-22T16:11:20+10:00  order     REFUSED account 51527502 is a LIVE account and the demo guard is on. Nothing was sent. Disable DEMO_ONLY in bridge/execution.py only when you intend to trade real money.
2026-09-22T16:11:38+10:00  order     REFUSED account 51527502 is a LIVE account and the demo guard is on. Nothing was sent. Disable DEMO_ONLY in bridge/execution.py only when you intend to trade real money.
2026-09-22T16:11:38+10:00  order     REFUSED account 51527502 is a LIVE account and the demo guard is on. Nothing was sent. Disable DEMO_ONLY in bridge/execution.py only when you intend to trade real money.
2026-09-22T16:11:38+10:00  order     REFUSED account 51527502 is a LIVE account and the demo guard is on. Nothing was sent. Disable DEMO_ONLY in bridge/execution.py only when you intend to trade real money.
2026-09-22T16:11:39+10:00  order     REFUSED account 51527502 is a LIVE account and the demo guard is on. Nothing was sent. Disable DEMO_ONLY in bridge/execution.py only when you intend to trade real money.
2026-09-22T16:11:52+10:00  order     REFUSED account 51527502 is a LIVE account and the demo guard is on. Nothing was sent. Disable DEMO_ONLY in bridge/execution.py only when you intend to trade real money.
2026-09-22T16:12:10+10:00  order     REFUSED account 51527502 is a LIVE account and the demo guard is on. Nothing was sent. Disable DEMO_ONLY in bridge/execution.py only when you intend to trade real money.
2026-09-22T16:12:10+10:00  order     REFUSED account 51527502 is a LIVE account and the demo guard is on. Nothing was sent. Disable DEMO_ONLY in bridge/execution.py only when you intend to trade real money.
2026-09-22T16:12:10+10:00  order     REFUSED account 51527502 is a LIVE account and the demo guard is on. Nothing was sent. Disable DEMO_ONLY in bridge/execution.py only when you intend to trade real money.
2026-09-22T16:12:11+10:00  order     REFUSED account 51527502 is a LIVE account and the demo guard is on. Nothing was sent. Disable DEMO_ONLY in bridge/execution.py only when you intend to trade real money.
2026-09-22T16:12:24+10:00  order     REFUSED account 51527502 is a LIVE account and the demo guard is on. Nothing was sent. Disable DEMO_ONLY in bridge/execution.py only when you intend to trade real money.
2026-09-22T16:12:42+10:00  order     REFUSED account 51527502 is a LIVE account and the demo guard is on. Nothing was sent. Disable DEMO_ONLY in bridge/execution.py only when you intend to trade real money.
2026-09-22T16:12:42+10:00  order     REFUSED account 51527502 is a LIVE account and the demo guard is on. Nothing was sent. Disable DEMO_ONLY in bridge/execution.py only when you intend to trade real money.
2026-09-22T16:12:42+10:00  order     REFUSED account 51527502 is a LIVE account and the demo guard is on. Nothing was sent. Disable DEMO_ONLY in bridge/execution.py only when you intend to trade real money.
2026-09-22T16:12:42+10:00  order     REFUSED account 51527502 is a LIVE account and the demo guard is on. Nothing was sent. Disable DEMO_ONLY in bridge/execution.py only when you intend to trade real money.
2026-09-22T16:12:55+10:00  order     REFUSED account 51527502 is a LIVE account and the demo guard is on. Nothing was sent. Disable DEMO_ONLY in bridge/execution.py only when you intend to trade real money.
2026-09-22T16:13:12+10:00  order     REFUSED account 51527502 is a LIVE account and the demo guard is on. Nothing was sent. Disable DEMO_ONLY in bridge/execution.py only when you intend to trade real money.
2026-09-22T16:13:12+10:00  order     REFUSED account 51527502 is a LIVE account and the demo guard is on. Nothing was sent. Disable DEMO_ONLY in bridge/execution.py only when you intend to trade real money.
2026-09-22T16:13:12+10:00  order     REFUSED account 51527502 is a LIVE account and the demo guard is on. Nothing was sent. Disable DEMO_ONLY in bridge/execution.py only when you intend to trade real money.
2026-09-22T16:13:13+10:00  order     REFUSED account 51527502 is a LIVE account and the demo guard is on. Nothing was sent. Disable DEMO_ONLY in bridge/execution.py only when you intend to trade real money.
2026-09-22T16:13:26+10:00  order     REFUSED account 51527502 is a LIVE account and the demo guard is on. Nothing was sent. Disable DEMO_ONLY in bridge/execution.py only when you intend to trade real money.
2026-09-22T16:13:44+10:00  order     REFUSED account 51527502 is a LIVE account and the demo guard is on. Nothing was sent. Disable DEMO_ONLY in bridge/execution.py only when you intend to trade real money.
2026-09-22T16:13:44+10:00  order     REFUSED account 51527502 is a LIVE account and the demo guard is on. Nothing was sent. Disable DEMO_ONLY in bridge/execution.py only when you intend to trade real money.
2026-09-22T16:13:45+10:00  order     REFUSED account 51527502 is a LIVE account and the demo guard is on. Nothing was sent. Disable DEMO_ONLY in bridge/execution.py only when you intend to trade real money.
2026-09-22T16:13:45+10:00  order     REFUSED account 51527502 is a LIVE account and the demo guard is on. Nothing was sent. Disable DEMO_ONLY in bridge/execution.py only when you intend to trade real money.
2026-09-22T16:13:58+10:00  order     REFUSED account 51527502 is a LIVE account and the demo guard is on. Nothing was sent. Disable DEMO_ONLY in bridge/execution.py only when you intend to trade real money.
2026-09-22T16:14:16+10:00  order     REFUSED account 51527502 is a LIVE account and the demo guard is on. Nothing was sent. Disable DEMO_ONLY in bridge/execution.py only when you intend to trade real money.
2026-09-22T16:14:16+10:00  order     REFUSED account 51527502 is a LIVE account and the demo guard is on. Nothing was sent. Disable DEMO_ONLY in bridge/execution.py only when you intend to trade real money.
2026-09-22T16:14:16+10:00  order     REFUSED account 51527502 is a LIVE account and the demo guard is on. Nothing was sent. Disable DEMO_ONLY in bridge/execution.py only when you intend to trade real money.
2026-09-22T16:14:17+10:00  order     REFUSED account 51527502 is a LIVE account and the demo guard is on. Nothing was sent. Disable DEMO_ONLY in bridge/execution.py only when you intend to trade real money.
2026-09-22T16:14:29+10:00  order     REFUSED account 51527502 is a LIVE account and the demo guard is on. Nothing was sent. Disable DEMO_ONLY in bridge/execution.py only when you intend to trade real money.
2026-09-22T16:14:56+10:00  clock     server offset +10800000 ms (UTC+3.00h) confidence=measured from 5 tick(s)
2026-09-22T16:14:56+10:00  start     bridge on 127.0.0.1:8765 mock=False connected=True server=Pepperstone-MT5-Live01
2026-09-22T16:14:56+10:00  start     EXECUTION ARMED demo_only=True max_lots=0.05
2026-09-22T16:15:02+10:00  error     /account RuntimeError: no account
2026-09-22T16:15:02+10:00  error     /account RuntimeError: no account
2026-09-22T16:15:21+10:00  clock     server offset +10800000 ms (UTC+3.00h) confidence=measured from 5 tick(s)
2026-09-22T16:15:21+10:00  start     bridge on 127.0.0.1:8765 mock=False connected=True server=ICMarketsAU-Demo
2026-09-22T16:15:21+10:00  start     EXECUTION ARMED demo_only=True max_lots=0.05
2026-09-22T16:15:29+10:00  order     REFUSED Algo Trading is switched OFF in the MetaTrader terminal. Turn it on there first - this is the terminal's own safety switch and the bridge will not override it.
2026-09-22T16:15:29+10:00  order     REFUSED Algo Trading is switched OFF in the MetaTrader terminal. Turn it on there first - this is the terminal's own safety switch and the bridge will not override it.
2026-09-22T16:15:32+10:00  order     REFUSED Algo Trading is switched OFF in the MetaTrader terminal. Turn it on there first - this is the terminal's own safety switch and the bridge will not override it.
2026-09-22T16:15:32+10:00  order     REFUSED Algo Trading is switched OFF in the MetaTrader terminal. Turn it on there first - this is the terminal's own safety switch and the bridge will not override it.
2026-09-22T16:15:38+10:00  order     REFUSED Algo Trading is switched OFF in the MetaTrader terminal. Turn it on there first - this is the terminal's own safety switch and the bridge will not override it.
2026-09-22T16:15:41+10:00  order     REFUSED Algo Trading is switched OFF in the MetaTrader terminal. Turn it on there first - this is the terminal's own safety switch and the bridge will not override it.
2026-09-22T16:15:59+10:00  order     REFUSED Algo Trading is switched OFF in the MetaTrader terminal. Turn it on there first - this is the terminal's own safety switch and the bridge will not override it.
2026-09-22T16:16:00+10:00  order     REFUSED Algo Trading is switched OFF in the MetaTrader terminal. Turn it on there first - this is the terminal's own safety switch and the bridge will not override it.
2026-09-22T16:16:04+10:00  order     REFUSED Algo Trading is switched OFF in the MetaTrader terminal. Turn it on there first - this is the terminal's own safety switch and the bridge will not override it.
2026-09-22T16:16:04+10:00  order     REFUSED Algo Trading is switched OFF in the MetaTrader terminal. Turn it on there first - this is the terminal's own safety switch and the bridge will not override it.
2026-09-22T16:16:10+10:00  order     REFUSED Algo Trading is switched OFF in the MetaTrader terminal. Turn it on there first - this is the terminal's own safety switch and the bridge will not override it.
2026-09-22T16:16:18+10:00  order     REFUSED Algo Trading is switched OFF in the MetaTrader terminal. Turn it on there first - this is the terminal's own safety switch and the bridge will not override it.
2026-09-22T16:16:31+10:00  order     REFUSED Algo Trading is switched OFF in the MetaTrader terminal. Turn it on there first - this is the terminal's own safety switch and the bridge will not override it.
2026-09-22T16:16:31+10:00  order     REFUSED Algo Trading is switched OFF in the MetaTrader terminal. Turn it on there first - this is the terminal's own safety switch and the bridge will not override it.
2026-09-22T16:16:36+10:00  order     REFUSED Algo Trading is switched OFF in the MetaTrader terminal. Turn it on there first - this is the terminal's own safety switch and the bridge will not override it.
2026-09-22T16:16:36+10:00  order     REFUSED Algo Trading is switched OFF in the MetaTrader terminal. Turn it on there first - this is the terminal's own safety switch and the bridge will not override it.
2026-09-22T16:16:41+10:00  order     REFUSED Algo Trading is switched OFF in the MetaTrader terminal. Turn it on there first - this is the terminal's own safety switch and the bridge will not override it.
2026-09-22T16:16:49+10:00  order     REFUSED Algo Trading is switched OFF in the MetaTrader terminal. Turn it on there first - this is the terminal's own safety switch and the bridge will not override it.
2026-09-22T16:17:02+10:00  order     REFUSED Algo Trading is switched OFF in the MetaTrader terminal. Turn it on there first - this is the terminal's own safety switch and the bridge will not override it.
2026-09-22T16:17:03+10:00  order     REFUSED Algo Trading is switched OFF in the MetaTrader terminal. Turn it on there first - this is the terminal's own safety switch and the bridge will not override it.
2026-09-22T16:17:08+10:00  order     REFUSED Algo Trading is switched OFF in the MetaTrader terminal. Turn it on there first - this is the terminal's own safety switch and the bridge will not override it.
2026-09-22T16:17:08+10:00  order     REFUSED Algo Trading is switched OFF in the MetaTrader terminal. Turn it on there first - this is the terminal's own safety switch and the bridge will not override it.
2026-09-22T16:17:13+10:00  order     REFUSED Algo Trading is switched OFF in the MetaTrader terminal. Turn it on there first - this is the terminal's own safety switch and the bridge will not override it.
2026-09-22T16:17:21+10:00  order     REFUSED Algo Trading is switched OFF in the MetaTrader terminal. Turn it on there first - this is the terminal's own safety switch and the bridge will not override it.
2026-09-22T16:17:34+10:00  order     REFUSED Algo Trading is switched OFF in the MetaTrader terminal. Turn it on there first - this is the terminal's own safety switch and the bridge will not override it.
2026-09-22T16:17:34+10:00  order     REFUSED Algo Trading is switched OFF in the MetaTrader terminal. Turn it on there first - this is the terminal's own safety switch and the bridge will not override it.
2026-09-22T16:17:39+10:00  order     REFUSED Algo Trading is switched OFF in the MetaTrader terminal. Turn it on there first - this is the terminal's own safety switch and the bridge will not override it.
2026-09-22T16:17:39+10:00  order     REFUSED Algo Trading is switched OFF in the MetaTrader terminal. Turn it on there first - this is the terminal's own safety switch and the bridge will not override it.
2026-09-22T16:17:44+10:00  order     REFUSED Algo Trading is switched OFF in the MetaTrader terminal. Turn it on there first - this is the terminal's own safety switch and the bridge will not override it.
2026-09-22T16:17:53+10:00  order     REFUSED Algo Trading is switched OFF in the MetaTrader terminal. Turn it on there first - this is the terminal's own safety switch and the bridge will not override it.
2026-09-22T16:18:05+10:00  order     REFUSED Algo Trading is switched OFF in the MetaTrader terminal. Turn it on there first - this is the terminal's own safety switch and the bridge will not override it.
2026-09-22T16:18:06+10:00  order     REFUSED Algo Trading is switched OFF in the MetaTrader terminal. Turn it on there first - this is the terminal's own safety switch and the bridge will not override it.
2026-09-22T16:18:11+10:00  order     REFUSED Algo Trading is switched OFF in the MetaTrader terminal. Turn it on there first - this is the terminal's own safety switch and the bridge will not override it.
2026-09-22T16:18:11+10:00  order     REFUSED Algo Trading is switched OFF in the MetaTrader terminal. Turn it on there first - this is the terminal's own safety switch and the bridge will not override it.
2026-09-22T16:18:16+10:00  order     REFUSED Algo Trading is switched OFF in the MetaTrader terminal. Turn it on there first - this is the terminal's own safety switch and the bridge will not override it.
2026-09-22T16:18:24+10:00  order     REFUSED Algo Trading is switched OFF in the MetaTrader terminal. Turn it on there first - this is the terminal's own safety switch and the bridge will not override it.
2026-09-22T16:18:37+10:00  order     REFUSED Algo Trading is switched OFF in the MetaTrader terminal. Turn it on there first - this is the terminal's own safety switch and the bridge will not override it.
2026-09-22T16:18:37+10:00  order     REFUSED Algo Trading is switched OFF in the MetaTrader terminal. Turn it on there first - this is the terminal's own safety switch and the bridge will not override it.
2026-09-22T16:18:42+10:00  order     REFUSED Algo Trading is switched OFF in the MetaTrader terminal. Turn it on there first - this is the terminal's own safety switch and the bridge will not override it.
2026-09-22T16:18:42+10:00  order     REFUSED Algo Trading is switched OFF in the MetaTrader terminal. Turn it on there first - this is the terminal's own safety switch and the bridge will not override it.
2026-09-22T16:18:47+10:00  order     REFUSED Algo Trading is switched OFF in the MetaTrader terminal. Turn it on there first - this is the terminal's own safety switch and the bridge will not override it.
2026-09-22T16:18:55+10:00  order     REFUSED Algo Trading is switched OFF in the MetaTrader terminal. Turn it on there first - this is the terminal's own safety switch and the bridge will not override it.
2026-09-22T16:19:07+10:00  order     REFUSED Algo Trading is switched OFF in the MetaTrader terminal. Turn it on there first - this is the terminal's own safety switch and the bridge will not override it.
2026-09-22T16:19:08+10:00  order     REFUSED Algo Trading is switched OFF in the MetaTrader terminal. Turn it on there first - this is the terminal's own safety switch and the bridge will not override it.
2026-09-22T16:19:13+10:00  order     REFUSED Algo Trading is switched OFF in the MetaTrader terminal. Turn it on there first - this is the terminal's own safety switch and the bridge will not override it.
2026-09-22T16:19:13+10:00  order     REFUSED Algo Trading is switched OFF in the MetaTrader terminal. Turn it on there first - this is the terminal's own safety switch and the bridge will not override it.
2026-09-22T16:19:18+10:00  order     REFUSED Algo Trading is switched OFF in the MetaTrader terminal. Turn it on there first - this is the terminal's own safety switch and the bridge will not override it.
2026-09-22T16:19:26+10:00  order     REFUSED Algo Trading is switched OFF in the MetaTrader terminal. Turn it on there first - this is the terminal's own safety switch and the bridge will not override it.
2026-09-22T16:19:38+10:00  order     REFUSED Algo Trading is switched OFF in the MetaTrader terminal. Turn it on there first - this is the terminal's own safety switch and the bridge will not override it.
2026-09-22T16:19:39+10:00  order     REFUSED Algo Trading is switched OFF in the MetaTrader terminal. Turn it on there first - this is the terminal's own safety switch and the bridge will not override it.
2026-09-22T16:19:43+10:00  order     REFUSED Algo Trading is switched OFF in the MetaTrader terminal. Turn it on there first - this is the terminal's own safety switch and the bridge will not override it.
2026-09-22T16:19:44+10:00  order     REFUSED Algo Trading is switched OFF in the MetaTrader terminal. Turn it on there first - this is the terminal's own safety switch and the bridge will not override it.
2026-09-22T16:19:49+10:00  order     REFUSED Algo Trading is switched OFF in the MetaTrader terminal. Turn it on there first - this is the terminal's own safety switch and the bridge will not override it.
2026-09-22T16:19:57+10:00  order     REFUSED Algo Trading is switched OFF in the MetaTrader terminal. Turn it on there first - this is the terminal's own safety switch and the bridge will not override it.
2026-09-22T16:20:09+10:00  order     REFUSED Algo Trading is switched OFF in the MetaTrader terminal. Turn it on there first - this is the terminal's own safety switch and the bridge will not override it.
2026-09-22T16:20:10+10:00  order     REFUSED Algo Trading is switched OFF in the MetaTrader terminal. Turn it on there first - this is the terminal's own safety switch and the bridge will not override it.
2026-09-22T16:20:14+10:00  order     REFUSED Algo Trading is switched OFF in the MetaTrader terminal. Turn it on there first - this is the terminal's own safety switch and the bridge will not override it.
2026-09-22T16:20:15+10:00  order     REFUSED Algo Trading is switched OFF in the MetaTrader terminal. Turn it on there first - this is the terminal's own safety switch and the bridge will not override it.
2026-09-22T16:20:20+10:00  order     REFUSED Algo Trading is switched OFF in the MetaTrader terminal. Turn it on there first - this is the terminal's own safety switch and the bridge will not override it.
2026-09-22T16:20:29+10:00  order     REFUSED Algo Trading is switched OFF in the MetaTrader terminal. Turn it on there first - this is the terminal's own safety switch and the bridge will not override it.
2026-09-22T16:20:39+10:00  order     REFUSED Algo Trading is switched OFF in the MetaTrader terminal. Turn it on there first - this is the terminal's own safety switch and the bridge will not override it.
2026-09-22T16:20:40+10:00  order     REFUSED Algo Trading is switched OFF in the MetaTrader terminal. Turn it on there first - this is the terminal's own safety switch and the bridge will not override it.
2026-09-22T16:20:45+10:00  order     REFUSED Algo Trading is switched OFF in the MetaTrader terminal. Turn it on there first - this is the terminal's own safety switch and the bridge will not override it.
2026-09-22T16:20:45+10:00  order     REFUSED Algo Trading is switched OFF in the MetaTrader terminal. Turn it on there first - this is the terminal's own safety switch and the bridge will not override it.
2026-09-22T16:20:50+10:00  order     REFUSED Algo Trading is switched OFF in the MetaTrader terminal. Turn it on there first - this is the terminal's own safety switch and the bridge will not override it.
2026-09-22T16:21:11+10:00  order     REFUSED Algo Trading is switched OFF in the MetaTrader terminal. Turn it on there first - this is the terminal's own safety switch and the bridge will not override it.
2026-09-22T16:21:12+10:00  order     REFUSED Algo Trading is switched OFF in the MetaTrader terminal. Turn it on there first - this is the terminal's own safety switch and the bridge will not override it.
2026-09-22T16:21:16+10:00  order     REFUSED Algo Trading is switched OFF in the MetaTrader terminal. Turn it on there first - this is the terminal's own safety switch and the bridge will not override it.
2026-09-22T16:21:17+10:00  order     REFUSED Algo Trading is switched OFF in the MetaTrader terminal. Turn it on there first - this is the terminal's own safety switch and the bridge will not override it.
2026-09-22T16:21:22+10:00  order     REFUSED Algo Trading is switched OFF in the MetaTrader terminal. Turn it on there first - this is the terminal's own safety switch and the bridge will not override it.
2026-09-22T16:21:42+10:00  order     REFUSED Algo Trading is switched OFF in the MetaTrader terminal. Turn it on there first - this is the terminal's own safety switch and the bridge will not override it.
2026-09-22T16:21:43+10:00  order     REFUSED Algo Trading is switched OFF in the MetaTrader terminal. Turn it on there first - this is the terminal's own safety switch and the bridge will not override it.
2026-09-22T16:21:48+10:00  order     REFUSED Algo Trading is switched OFF in the MetaTrader terminal. Turn it on there first - this is the terminal's own safety switch and the bridge will not override it.
2026-09-22T16:21:48+10:00  order     REFUSED Algo Trading is switched OFF in the MetaTrader terminal. Turn it on there first - this is the terminal's own safety switch and the bridge will not override it.
2026-09-22T16:21:53+10:00  order     REFUSED Algo Trading is switched OFF in the MetaTrader terminal. Turn it on there first - this is the terminal's own safety switch and the bridge will not override it.
2026-09-22T16:22:14+10:00  order     REFUSED Algo Trading is switched OFF in the MetaTrader terminal. Turn it on there first - this is the terminal's own safety switch and the bridge will not override it.
2026-09-22T16:22:14+10:00  order     REFUSED Algo Trading is switched OFF in the MetaTrader terminal. Turn it on there first - this is the terminal's own safety switch and the bridge will not override it.
2026-09-22T16:22:19+10:00  order     REFUSED Algo Trading is switched OFF in the MetaTrader terminal. Turn it on there first - this is the terminal's own safety switch and the bridge will not override it.
2026-09-22T16:22:19+10:00  order     REFUSED Algo Trading is switched OFF in the MetaTrader terminal. Turn it on there first - this is the terminal's own safety switch and the bridge will not override it.
2026-09-22T16:22:25+10:00  order     REFUSED Algo Trading is switched OFF in the MetaTrader terminal. Turn it on there first - this is the terminal's own safety switch and the bridge will not override it.
2026-09-22T16:22:47+10:00  order     REFUSED Algo Trading is switched OFF in the MetaTrader terminal. Turn it on there first - this is the terminal's own safety switch and the bridge will not override it.
2026-09-22T16:22:47+10:00  order     REFUSED Algo Trading is switched OFF in the MetaTrader terminal. Turn it on there first - this is the terminal's own safety switch and the bridge will not override it.
2026-09-22T16:22:52+10:00  order     REFUSED Algo Trading is switched OFF in the MetaTrader terminal. Turn it on there first - this is the terminal's own safety switch and the bridge will not override it.
2026-09-22T16:22:52+10:00  order     REFUSED Algo Trading is switched OFF in the MetaTrader terminal. Turn it on there first - this is the terminal's own safety switch and the bridge will not override it.
2026-09-22T16:22:55+10:00  order     REFUSED Algo Trading is switched OFF in the MetaTrader terminal. Turn it on there first - this is the terminal's own safety switch and the bridge will not override it.
2026-09-22T16:23:18+10:00  order     REFUSED Algo Trading is switched OFF in the MetaTrader terminal. Turn it on there first - this is the terminal's own safety switch and the bridge will not override it.
2026-09-22T16:23:19+10:00  order     REFUSED Algo Trading is switched OFF in the MetaTrader terminal. Turn it on there first - this is the terminal's own safety switch and the bridge will not override it.
2026-09-22T16:23:24+10:00  order     REFUSED Algo Trading is switched OFF in the MetaTrader terminal. Turn it on there first - this is the terminal's own safety switch and the bridge will not override it.
2026-09-22T16:23:24+10:00  order     REFUSED Algo Trading is switched OFF in the MetaTrader terminal. Turn it on there first - this is the terminal's own safety switch and the bridge will not override it.
2026-09-22T16:23:27+10:00  order     REFUSED Algo Trading is switched OFF in the MetaTrader terminal. Turn it on there first - this is the terminal's own safety switch and the bridge will not override it.
2026-09-22T16:23:50+10:00  order     REFUSED Algo Trading is switched OFF in the MetaTrader terminal. Turn it on there first - this is the terminal's own safety switch and the bridge will not override it.
2026-09-22T16:23:51+10:00  order     REFUSED Algo Trading is switched OFF in the MetaTrader terminal. Turn it on there first - this is the terminal's own safety switch and the bridge will not override it.
2026-09-22T16:23:56+10:00  order     REFUSED Algo Trading is switched OFF in the MetaTrader terminal. Turn it on there first - this is the terminal's own safety switch and the bridge will not override it.
2026-09-22T16:23:56+10:00  order     REFUSED Algo Trading is switched OFF in the MetaTrader terminal. Turn it on there first - this is the terminal's own safety switch and the bridge will not override it.
2026-09-22T16:23:59+10:00  order     REFUSED Algo Trading is switched OFF in the MetaTrader terminal. Turn it on there first - this is the terminal's own safety switch and the bridge will not override it.
2026-09-22T16:24:21+10:00  order     REFUSED Algo Trading is switched OFF in the MetaTrader terminal. Turn it on there first - this is the terminal's own safety switch and the bridge will not override it.
2026-09-22T16:24:22+10:00  order     REFUSED Algo Trading is switched OFF in the MetaTrader terminal. Turn it on there first - this is the terminal's own safety switch and the bridge will not override it.
2026-09-22T16:24:27+10:00  order     REFUSED Algo Trading is switched OFF in the MetaTrader terminal. Turn it on there first - this is the terminal's own safety switch and the bridge will not override it.
2026-09-22T16:24:27+10:00  order     REFUSED Algo Trading is switched OFF in the MetaTrader terminal. Turn it on there first - this is the terminal's own safety switch and the bridge will not override it.
2026-09-22T16:24:30+10:00  order     REFUSED Algo Trading is switched OFF in the MetaTrader terminal. Turn it on there first - this is the terminal's own safety switch and the bridge will not override it.
2026-09-22T16:24:51+10:00  order     REFUSED Algo Trading is switched OFF in the MetaTrader terminal. Turn it on there first - this is the terminal's own safety switch and the bridge will not override it.
2026-09-22T16:24:52+10:00  order     REFUSED Algo Trading is switched OFF in the MetaTrader terminal. Turn it on there first - this is the terminal's own safety switch and the bridge will not override it.
2026-09-22T16:24:57+10:00  order     REFUSED Algo Trading is switched OFF in the MetaTrader terminal. Turn it on there first - this is the terminal's own safety switch and the bridge will not override it.
2026-09-22T16:24:57+10:00  order     REFUSED Algo Trading is switched OFF in the MetaTrader terminal. Turn it on there first - this is the terminal's own safety switch and the bridge will not override it.
2026-09-22T16:25:00+10:00  order     REFUSED Algo Trading is switched OFF in the MetaTrader terminal. Turn it on there first - this is the terminal's own safety switch and the bridge will not override it.
2026-09-22T16:25:21+10:00  order     REFUSED Algo Trading is switched OFF in the MetaTrader terminal. Turn it on there first - this is the terminal's own safety switch and the bridge will not override it.
2026-09-22T16:25:22+10:00  order     REFUSED Algo Trading is switched OFF in the MetaTrader terminal. Turn it on there first - this is the terminal's own safety switch and the bridge will not override it.
2026-09-22T16:25:29+10:00  order     REFUSED Algo Trading is switched OFF in the MetaTrader terminal. Turn it on there first - this is the terminal's own safety switch and the bridge will not override it.
2026-09-22T16:25:29+10:00  order     REFUSED Algo Trading is switched OFF in the MetaTrader terminal. Turn it on there first - this is the terminal's own safety switch and the bridge will not override it.
2026-09-22T16:25:33+10:00  order     REFUSED Algo Trading is switched OFF in the MetaTrader terminal. Turn it on there first - this is the terminal's own safety switch and the bridge will not override it.
2026-09-22T16:25:52+10:00  order     REFUSED Algo Trading is switched OFF in the MetaTrader terminal. Turn it on there first - this is the terminal's own safety switch and the bridge will not override it.
2026-09-22T16:25:52+10:00  order     REFUSED Algo Trading is switched OFF in the MetaTrader terminal. Turn it on there first - this is the terminal's own safety switch and the bridge will not override it.
2026-09-22T16:26:00+10:00  order     REFUSED Algo Trading is switched OFF in the MetaTrader terminal. Turn it on there first - this is the terminal's own safety switch and the bridge will not override it.
2026-09-22T16:26:00+10:00  order     REFUSED Algo Trading is switched OFF in the MetaTrader terminal. Turn it on there first - this is the terminal's own safety switch and the bridge will not override it.
2026-09-22T16:26:03+10:00  order     REFUSED Algo Trading is switched OFF in the MetaTrader terminal. Turn it on there first - this is the terminal's own safety switch and the bridge will not override it.
2026-09-22T16:26:24+10:00  order     REFUSED Algo Trading is switched OFF in the MetaTrader terminal. Turn it on there first - this is the terminal's own safety switch and the bridge will not override it.
2026-09-22T16:26:24+10:00  order     REFUSED Algo Trading is switched OFF in the MetaTrader terminal. Turn it on there first - this is the terminal's own safety switch and the bridge will not override it.
2026-09-22T16:26:31+10:00  order     REFUSED Algo Trading is switched OFF in the MetaTrader terminal. Turn it on there first - this is the terminal's own safety switch and the bridge will not override it.
2026-09-22T16:26:31+10:00  order     REFUSED Algo Trading is switched OFF in the MetaTrader terminal. Turn it on there first - this is the terminal's own safety switch and the bridge will not override it.
2026-09-22T16:26:34+10:00  order     REFUSED Algo Trading is switched OFF in the MetaTrader terminal. Turn it on there first - this is the terminal's own safety switch and the bridge will not override it.
2026-09-22T16:26:56+10:00  order     REFUSED Algo Trading is switched OFF in the MetaTrader terminal. Turn it on there first - this is the terminal's own safety switch and the bridge will not override it.
2026-09-22T16:26:57+10:00  order     REFUSED Algo Trading is switched OFF in the MetaTrader terminal. Turn it on there first - this is the terminal's own safety switch and the bridge will not override it.
2026-09-22T16:27:02+10:00  order     REFUSED Algo Trading is switched OFF in the MetaTrader terminal. Turn it on there first - this is the terminal's own safety switch and the bridge will not override it.
2026-09-22T16:27:03+10:00  order     REFUSED Algo Trading is switched OFF in the MetaTrader terminal. Turn it on there first - this is the terminal's own safety switch and the bridge will not override it.
2026-09-22T16:27:05+10:00  order     REFUSED Algo Trading is switched OFF in the MetaTrader terminal. Turn it on there first - this is the terminal's own safety switch and the bridge will not override it.
2026-09-22T16:27:28+10:00  order     REFUSED Algo Trading is switched OFF in the MetaTrader terminal. Turn it on there first - this is the terminal's own safety switch and the bridge will not override it.
2026-09-22T16:27:28+10:00  order     REFUSED Algo Trading is switched OFF in the MetaTrader terminal. Turn it on there first - this is the terminal's own safety switch and the bridge will not override it.
2026-09-22T16:27:33+10:00  order     REFUSED Algo Trading is switched OFF in the MetaTrader terminal. Turn it on there first - this is the terminal's own safety switch and the bridge will not override it.
2026-09-22T16:27:33+10:00  order     REFUSED Algo Trading is switched OFF in the MetaTrader terminal. Turn it on there first - this is the terminal's own safety switch and the bridge will not override it.
2026-09-22T16:27:36+10:00  order     REFUSED Algo Trading is switched OFF in the MetaTrader terminal. Turn it on there first - this is the terminal's own safety switch and the bridge will not override it.
2026-09-22T16:27:58+10:00  order     REFUSED Algo Trading is switched OFF in the MetaTrader terminal. Turn it on there first - this is the terminal's own safety switch and the bridge will not override it.
2026-09-22T16:27:58+10:00  order     REFUSED Algo Trading is switched OFF in the MetaTrader terminal. Turn it on there first - this is the terminal's own safety switch and the bridge will not override it.
2026-09-22T16:28:03+10:00  order     REFUSED Algo Trading is switched OFF in the MetaTrader terminal. Turn it on there first - this is the terminal's own safety switch and the bridge will not override it.
2026-09-22T16:28:03+10:00  order     REFUSED Algo Trading is switched OFF in the MetaTrader terminal. Turn it on there first - this is the terminal's own safety switch and the bridge will not override it.
2026-09-22T16:28:06+10:00  order     REFUSED Algo Trading is switched OFF in the MetaTrader terminal. Turn it on there first - this is the terminal's own safety switch and the bridge will not override it.
2026-09-22T16:28:28+10:00  order     REFUSED Algo Trading is switched OFF in the MetaTrader terminal. Turn it on there first - this is the terminal's own safety switch and the bridge will not override it.
2026-09-22T16:28:29+10:00  order     REFUSED Algo Trading is switched OFF in the MetaTrader terminal. Turn it on there first - this is the terminal's own safety switch and the bridge will not override it.
2026-09-22T16:28:33+10:00  order     REFUSED Algo Trading is switched OFF in the MetaTrader terminal. Turn it on there first - this is the terminal's own safety switch and the bridge will not override it.
2026-09-22T16:28:34+10:00  order     REFUSED Algo Trading is switched OFF in the MetaTrader terminal. Turn it on there first - this is the terminal's own safety switch and the bridge will not override it.
2026-09-22T16:28:36+10:00  order     REFUSED Algo Trading is switched OFF in the MetaTrader terminal. Turn it on there first - this is the terminal's own safety switch and the bridge will not override it.
2026-09-22T16:28:50+10:00  order     REFUSED Algo Trading is switched OFF in the MetaTrader terminal. Turn it on there first - this is the terminal's own safety switch and the bridge will not override it.
2026-09-22T16:29:00+10:00  order     REFUSED Algo Trading is switched OFF in the MetaTrader terminal. Turn it on there first - this is the terminal's own safety switch and the bridge will not override it.
2026-09-22T16:29:00+10:00  order     REFUSED Algo Trading is switched OFF in the MetaTrader terminal. Turn it on there first - this is the terminal's own safety switch and the bridge will not override it.
2026-09-22T16:29:05+10:00  order     REFUSED Algo Trading is switched OFF in the MetaTrader terminal. Turn it on there first - this is the terminal's own safety switch and the bridge will not override it.
2026-09-22T16:29:05+10:00  order     REFUSED Algo Trading is switched OFF in the MetaTrader terminal. Turn it on there first - this is the terminal's own safety switch and the bridge will not override it.
2026-09-22T16:29:08+10:00  order     REFUSED Algo Trading is switched OFF in the MetaTrader terminal. Turn it on there first - this is the terminal's own safety switch and the bridge will not override it.
2026-09-22T16:29:31+10:00  order     REFUSED Algo Trading is switched OFF in the MetaTrader terminal. Turn it on there first - this is the terminal's own safety switch and the bridge will not override it.
2026-09-22T16:29:32+10:00  order     REFUSED Algo Trading is switched OFF in the MetaTrader terminal. Turn it on there first - this is the terminal's own safety switch and the bridge will not override it.
2026-09-22T16:29:37+10:00  order     REFUSED Algo Trading is switched OFF in the MetaTrader terminal. Turn it on there first - this is the terminal's own safety switch and the bridge will not override it.
2026-09-22T16:29:37+10:00  order     REFUSED Algo Trading is switched OFF in the MetaTrader terminal. Turn it on there first - this is the terminal's own safety switch and the bridge will not override it.
2026-09-22T16:29:40+10:00  order     REFUSED Algo Trading is switched OFF in the MetaTrader terminal. Turn it on there first - this is the terminal's own safety switch and the bridge will not override it.
2026-09-22T16:30:04+10:00  order     REFUSED Algo Trading is switched OFF in the MetaTrader terminal. Turn it on there first - this is the terminal's own safety switch and the bridge will not override it.
2026-09-22T16:30:04+10:00  order     REFUSED Algo Trading is switched OFF in the MetaTrader terminal. Turn it on there first - this is the terminal's own safety switch and the bridge will not override it.
2026-09-22T16:30:07+10:00  order     REFUSED Algo Trading is switched OFF in the MetaTrader terminal. Turn it on there first - this is the terminal's own safety switch and the bridge will not override it.
2026-09-22T16:30:09+10:00  order     REFUSED Algo Trading is switched OFF in the MetaTrader terminal. Turn it on there first - this is the terminal's own safety switch and the bridge will not override it.
2026-09-22T16:30:09+10:00  order     REFUSED Algo Trading is switched OFF in the MetaTrader terminal. Turn it on there first - this is the terminal's own safety switch and the bridge will not override it.
2026-09-22T16:30:12+10:00  order     REFUSED Algo Trading is switched OFF in the MetaTrader terminal. Turn it on there first - this is the terminal's own safety switch and the bridge will not override it.
2026-09-22T16:30:34+10:00  order     REFUSED Algo Trading is switched OFF in the MetaTrader terminal. Turn it on there first - this is the terminal's own safety switch and the bridge will not override it.
2026-09-22T16:30:35+10:00  order     REFUSED Algo Trading is switched OFF in the MetaTrader terminal. Turn it on there first - this is the terminal's own safety switch and the bridge will not override it.
2026-09-22T16:30:40+10:00  order     REFUSED Algo Trading is switched OFF in the MetaTrader terminal. Turn it on there first - this is the terminal's own safety switch and the bridge will not override it.
2026-09-22T16:30:40+10:00  order     REFUSED Algo Trading is switched OFF in the MetaTrader terminal. Turn it on there first - this is the terminal's own safety switch and the bridge will not override it.
2026-09-22T16:30:43+10:00  order     REFUSED Algo Trading is switched OFF in the MetaTrader terminal. Turn it on there first - this is the terminal's own safety switch and the bridge will not override it.
2026-09-22T16:31:05+10:00  order     REFUSED Algo Trading is switched OFF in the MetaTrader terminal. Turn it on there first - this is the terminal's own safety switch and the bridge will not override it.
2026-09-22T16:31:05+10:00  order     REFUSED Algo Trading is switched OFF in the MetaTrader terminal. Turn it on there first - this is the terminal's own safety switch and the bridge will not override it.
2026-09-22T16:31:12+10:00  order     REFUSED Algo Trading is switched OFF in the MetaTrader terminal. Turn it on there first - this is the terminal's own safety switch and the bridge will not override it.
2026-09-22T16:31:13+10:00  order     REFUSED Algo Trading is switched OFF in the MetaTrader terminal. Turn it on there first - this is the terminal's own safety switch and the bridge will not override it.
2026-09-22T16:31:15+10:00  order     REFUSED Algo Trading is switched OFF in the MetaTrader terminal. Turn it on there first - this is the terminal's own safety switch and the bridge will not override it.
2026-09-22T16:31:36+10:00  order     REFUSED Algo Trading is switched OFF in the MetaTrader terminal. Turn it on there first - this is the terminal's own safety switch and the bridge will not override it.
2026-09-22T16:31:36+10:00  order     REFUSED Algo Trading is switched OFF in the MetaTrader terminal. Turn it on there first - this is the terminal's own safety switch and the bridge will not override it.
2026-09-22T16:31:44+10:00  order     REFUSED Algo Trading is switched OFF in the MetaTrader terminal. Turn it on there first - this is the terminal's own safety switch and the bridge will not override it.
2026-09-22T16:31:44+10:00  order     REFUSED Algo Trading is switched OFF in the MetaTrader terminal. Turn it on there first - this is the terminal's own safety switch and the bridge will not override it.
2026-09-22T16:31:47+10:00  order     REFUSED Algo Trading is switched OFF in the MetaTrader terminal. Turn it on there first - this is the terminal's own safety switch and the bridge will not override it.
2026-09-22T16:32:06+10:00  order     REFUSED Algo Trading is switched OFF in the MetaTrader terminal. Turn it on there first - this is the terminal's own safety switch and the bridge will not override it.
2026-09-22T16:32:07+10:00  order     REFUSED Algo Trading is switched OFF in the MetaTrader terminal. Turn it on there first - this is the terminal's own safety switch and the bridge will not override it.
2026-09-22T16:32:14+10:00  order     REFUSED Algo Trading is switched OFF in the MetaTrader terminal. Turn it on there first - this is the terminal's own safety switch and the bridge will not override it.
2026-09-22T16:32:14+10:00  order     REFUSED Algo Trading is switched OFF in the MetaTrader terminal. Turn it on there first - this is the terminal's own safety switch and the bridge will not override it.
2026-09-22T16:32:17+10:00  order     REFUSED Algo Trading is switched OFF in the MetaTrader terminal. Turn it on there first - this is the terminal's own safety switch and the bridge will not override it.
2026-09-22T16:32:38+10:00  order     REFUSED Algo Trading is switched OFF in the MetaTrader terminal. Turn it on there first - this is the terminal's own safety switch and the bridge will not override it.
2026-09-22T16:32:38+10:00  order     REFUSED Algo Trading is switched OFF in the MetaTrader terminal. Turn it on there first - this is the terminal's own safety switch and the bridge will not override it.
2026-09-22T16:32:46+10:00  order     REFUSED Algo Trading is switched OFF in the MetaTrader terminal. Turn it on there first - this is the terminal's own safety switch and the bridge will not override it.
2026-09-22T16:32:46+10:00  order     REFUSED Algo Trading is switched OFF in the MetaTrader terminal. Turn it on there first - this is the terminal's own safety switch and the bridge will not override it.
2026-09-22T16:32:49+10:00  order     REFUSED Algo Trading is switched OFF in the MetaTrader terminal. Turn it on there first - this is the terminal's own safety switch and the bridge will not override it.
2026-09-22T16:33:10+10:00  order     REFUSED Algo Trading is switched OFF in the MetaTrader terminal. Turn it on there first - this is the terminal's own safety switch and the bridge will not override it.
2026-09-22T16:33:11+10:00  order     REFUSED Algo Trading is switched OFF in the MetaTrader terminal. Turn it on there first - this is the terminal's own safety switch and the bridge will not override it.
2026-09-22T16:33:16+10:00  order     REFUSED Algo Trading is switched OFF in the MetaTrader terminal. Turn it on there first - this is the terminal's own safety switch and the bridge will not override it.
2026-09-22T16:33:16+10:00  order     REFUSED Algo Trading is switched OFF in the MetaTrader terminal. Turn it on there first - this is the terminal's own safety switch and the bridge will not override it.
2026-09-22T16:33:19+10:00  order     REFUSED Algo Trading is switched OFF in the MetaTrader terminal. Turn it on there first - this is the terminal's own safety switch and the bridge will not override it.
2026-09-22T16:33:41+10:00  order     REFUSED Algo Trading is switched OFF in the MetaTrader terminal. Turn it on there first - this is the terminal's own safety switch and the bridge will not override it.
2026-09-22T16:33:42+10:00  order     REFUSED Algo Trading is switched OFF in the MetaTrader terminal. Turn it on there first - this is the terminal's own safety switch and the bridge will not override it.
2026-09-22T16:33:47+10:00  order     REFUSED Algo Trading is switched OFF in the MetaTrader terminal. Turn it on there first - this is the terminal's own safety switch and the bridge will not override it.
2026-09-22T16:33:47+10:00  order     REFUSED Algo Trading is switched OFF in the MetaTrader terminal. Turn it on there first - this is the terminal's own safety switch and the bridge will not override it.
2026-09-22T16:33:50+10:00  order     REFUSED Algo Trading is switched OFF in the MetaTrader terminal. Turn it on there first - this is the terminal's own safety switch and the bridge will not override it.
2026-09-22T16:34:12+10:00  order     REFUSED Algo Trading is switched OFF in the MetaTrader terminal. Turn it on there first - this is the terminal's own safety switch and the bridge will not override it.
2026-09-22T16:34:12+10:00  order     REFUSED Algo Trading is switched OFF in the MetaTrader terminal. Turn it on there first - this is the terminal's own safety switch and the bridge will not override it.
2026-09-22T16:34:18+10:00  order     REFUSED Algo Trading is switched OFF in the MetaTrader terminal. Turn it on there first - this is the terminal's own safety switch and the bridge will not override it.
2026-09-22T16:34:18+10:00  order     REFUSED Algo Trading is switched OFF in the MetaTrader terminal. Turn it on there first - this is the terminal's own safety switch and the bridge will not override it.
2026-09-22T16:34:21+10:00  order     REFUSED Algo Trading is switched OFF in the MetaTrader terminal. Turn it on there first - this is the terminal's own safety switch and the bridge will not override it.
2026-09-22T16:34:42+10:00  order     REFUSED Algo Trading is switched OFF in the MetaTrader terminal. Turn it on there first - this is the terminal's own safety switch and the bridge will not override it.
2026-09-22T16:34:43+10:00  order     REFUSED Algo Trading is switched OFF in the MetaTrader terminal. Turn it on there first - this is the terminal's own safety switch and the bridge will not override it.
2026-09-22T16:34:48+10:00  order     REFUSED Algo Trading is switched OFF in the MetaTrader terminal. Turn it on there first - this is the terminal's own safety switch and the bridge will not override it.
2026-09-22T16:34:48+10:00  order     REFUSED Algo Trading is switched OFF in the MetaTrader terminal. Turn it on there first - this is the terminal's own safety switch and the bridge will not override it.
2026-09-22T16:34:54+10:00  order     REFUSED Algo Trading is switched OFF in the MetaTrader terminal. Turn it on there first - this is the terminal's own safety switch and the bridge will not override it.
2026-09-22T16:35:08+10:00  order     REFUSED Algo Trading is switched OFF in the MetaTrader terminal. Turn it on there first - this is the terminal's own safety switch and the bridge will not override it.
2026-09-22T16:35:12+10:00  order     REFUSED Algo Trading is switched OFF in the MetaTrader terminal. Turn it on there first - this is the terminal's own safety switch and the bridge will not override it.
2026-09-22T16:35:13+10:00  order     REFUSED Algo Trading is switched OFF in the MetaTrader terminal. Turn it on there first - this is the terminal's own safety switch and the bridge will not override it.
2026-09-22T16:35:20+10:00  order     REFUSED Algo Trading is switched OFF in the MetaTrader terminal. Turn it on there first - this is the terminal's own safety switch and the bridge will not override it.
2026-09-22T16:35:20+10:00  order     REFUSED Algo Trading is switched OFF in the MetaTrader terminal. Turn it on there first - this is the terminal's own safety switch and the bridge will not override it.
2026-09-22T16:35:26+10:00  order     REFUSED Algo Trading is switched OFF in the MetaTrader terminal. Turn it on there first - this is the terminal's own safety switch and the bridge will not override it.
2026-09-22T16:35:44+10:00  order     REFUSED Algo Trading is switched OFF in the MetaTrader terminal. Turn it on there first - this is the terminal's own safety switch and the bridge will not override it.
2026-09-22T16:35:44+10:00  order     REFUSED Algo Trading is switched OFF in the MetaTrader terminal. Turn it on there first - this is the terminal's own safety switch and the bridge will not override it.
2026-09-22T16:35:52+10:00  order     REFUSED Algo Trading is switched OFF in the MetaTrader terminal. Turn it on there first - this is the terminal's own safety switch and the bridge will not override it.
2026-09-22T16:35:52+10:00  order     REFUSED Algo Trading is switched OFF in the MetaTrader terminal. Turn it on there first - this is the terminal's own safety switch and the bridge will not override it.
2026-09-22T16:35:58+10:00  order     REFUSED Algo Trading is switched OFF in the MetaTrader terminal. Turn it on there first - this is the terminal's own safety switch and the bridge will not override it.
2026-09-22T16:36:14+10:00  order     REFUSED Algo Trading is switched OFF in the MetaTrader terminal. Turn it on there first - this is the terminal's own safety switch and the bridge will not override it.
2026-09-22T16:36:15+10:00  order     REFUSED Algo Trading is switched OFF in the MetaTrader terminal. Turn it on there first - this is the terminal's own safety switch and the bridge will not override it.
2026-09-22T16:36:22+10:00  order     REFUSED Algo Trading is switched OFF in the MetaTrader terminal. Turn it on there first - this is the terminal's own safety switch and the bridge will not override it.
2026-09-22T16:36:22+10:00  order     REFUSED Algo Trading is switched OFF in the MetaTrader terminal. Turn it on there first - this is the terminal's own safety switch and the bridge will not override it.
2026-09-22T16:36:30+10:00  order     REFUSED Algo Trading is switched OFF in the MetaTrader terminal. Turn it on there first - this is the terminal's own safety switch and the bridge will not override it.
2026-09-22T16:36:41+10:00  order     REFUSED Algo Trading is switched OFF in the MetaTrader terminal. Turn it on there first - this is the terminal's own safety switch and the bridge will not override it.
2026-09-22T16:36:46+10:00  order     REFUSED Algo Trading is switched OFF in the MetaTrader terminal. Turn it on there first - this is the terminal's own safety switch and the bridge will not override it.
2026-09-22T16:36:46+10:00  order     REFUSED Algo Trading is switched OFF in the MetaTrader terminal. Turn it on there first - this is the terminal's own safety switch and the bridge will not override it.
2026-09-22T16:36:54+10:00  order     REFUSED Algo Trading is switched OFF in the MetaTrader terminal. Turn it on there first - this is the terminal's own safety switch and the bridge will not override it.
2026-09-22T16:36:54+10:00  order     REFUSED Algo Trading is switched OFF in the MetaTrader terminal. Turn it on there first - this is the terminal's own safety switch and the bridge will not override it.
2026-09-22T16:37:02+10:00  order     REFUSED Algo Trading is switched OFF in the MetaTrader terminal. Turn it on there first - this is the terminal's own safety switch and the bridge will not override it.
2026-09-22T16:37:18+10:00  order     REFUSED Algo Trading is switched OFF in the MetaTrader terminal. Turn it on there first - this is the terminal's own safety switch and the bridge will not override it.
2026-09-22T16:37:19+10:00  order     REFUSED Algo Trading is switched OFF in the MetaTrader terminal. Turn it on there first - this is the terminal's own safety switch and the bridge will not override it.
2026-09-22T16:37:24+10:00  order     REFUSED Algo Trading is switched OFF in the MetaTrader terminal. Turn it on there first - this is the terminal's own safety switch and the bridge will not override it.
2026-09-22T16:37:24+10:00  order     REFUSED Algo Trading is switched OFF in the MetaTrader terminal. Turn it on there first - this is the terminal's own safety switch and the bridge will not override it.
2026-09-22T16:37:32+10:00  order     REFUSED Algo Trading is switched OFF in the MetaTrader terminal. Turn it on there first - this is the terminal's own safety switch and the bridge will not override it.
2026-09-22T16:37:49+10:00  order     REFUSED Algo Trading is switched OFF in the MetaTrader terminal. Turn it on there first - this is the terminal's own safety switch and the bridge will not override it.
2026-09-22T16:37:49+10:00  order     REFUSED Algo Trading is switched OFF in the MetaTrader terminal. Turn it on there first - this is the terminal's own safety switch and the bridge will not override it.
2026-09-22T16:37:54+10:00  order     REFUSED Algo Trading is switched OFF in the MetaTrader terminal. Turn it on there first - this is the terminal's own safety switch and the bridge will not override it.
2026-09-22T16:37:54+10:00  order     REFUSED Algo Trading is switched OFF in the MetaTrader terminal. Turn it on there first - this is the terminal's own safety switch and the bridge will not override it.
2026-09-22T16:38:03+10:00  order     REFUSED Algo Trading is switched OFF in the MetaTrader terminal. Turn it on there first - this is the terminal's own safety switch and the bridge will not override it.
2026-09-22T16:38:19+10:00  order     REFUSED Algo Trading is switched OFF in the MetaTrader terminal. Turn it on there first - this is the terminal's own safety switch and the bridge will not override it.
2026-09-22T16:38:20+10:00  order     REFUSED Algo Trading is switched OFF in the MetaTrader terminal. Turn it on there first - this is the terminal's own safety switch and the bridge will not override it.
2026-09-22T16:38:25+10:00  order     REFUSED Algo Trading is switched OFF in the MetaTrader terminal. Turn it on there first - this is the terminal's own safety switch and the bridge will not override it.
2026-09-22T16:38:25+10:00  order     REFUSED Algo Trading is switched OFF in the MetaTrader terminal. Turn it on there first - this is the terminal's own safety switch and the bridge will not override it.
2026-09-22T16:38:30+10:00  order     REFUSED Algo Trading is switched OFF in the MetaTrader terminal. Turn it on there first - this is the terminal's own safety switch and the bridge will not override it.
2026-09-22T16:38:35+10:00  order     REFUSED Algo Trading is switched OFF in the MetaTrader terminal. Turn it on there first - this is the terminal's own safety switch and the bridge will not override it.
2026-09-22T16:38:50+10:00  order     REFUSED Algo Trading is switched OFF in the MetaTrader terminal. Turn it on there first - this is the terminal's own safety switch and the bridge will not override it.
2026-09-22T16:38:51+10:00  order     REFUSED Algo Trading is switched OFF in the MetaTrader terminal. Turn it on there first - this is the terminal's own safety switch and the bridge will not override it.
2026-09-22T16:38:56+10:00  order     REFUSED Algo Trading is switched OFF in the MetaTrader terminal. Turn it on there first - this is the terminal's own safety switch and the bridge will not override it.
2026-09-22T16:38:56+10:00  order     REFUSED Algo Trading is switched OFF in the MetaTrader terminal. Turn it on there first - this is the terminal's own safety switch and the bridge will not override it.
2026-09-22T16:39:02+10:00  order     REFUSED Algo Trading is switched OFF in the MetaTrader terminal. Turn it on there first - this is the terminal's own safety switch and the bridge will not override it.
2026-09-22T16:39:07+10:00  order     REFUSED Algo Trading is switched OFF in the MetaTrader terminal. Turn it on there first - this is the terminal's own safety switch and the bridge will not override it.
2026-09-22T16:39:22+10:00  order     REFUSED Algo Trading is switched OFF in the MetaTrader terminal. Turn it on there first - this is the terminal's own safety switch and the bridge will not override it.
2026-09-22T16:39:23+10:00  order     REFUSED Algo Trading is switched OFF in the MetaTrader terminal. Turn it on there first - this is the terminal's own safety switch and the bridge will not override it.
2026-09-22T16:39:28+10:00  order     REFUSED Algo Trading is switched OFF in the MetaTrader terminal. Turn it on there first - this is the terminal's own safety switch and the bridge will not override it.
2026-09-22T16:39:28+10:00  order     REFUSED Algo Trading is switched OFF in the MetaTrader terminal. Turn it on there first - this is the terminal's own safety switch and the bridge will not override it.
2026-09-22T16:39:38+10:00  order     REFUSED Algo Trading is switched OFF in the MetaTrader terminal. Turn it on there first - this is the terminal's own safety switch and the bridge will not override it.
2026-09-22T16:39:54+10:00  order     REFUSED Algo Trading is switched OFF in the MetaTrader terminal. Turn it on there first - this is the terminal's own safety switch and the bridge will not override it.
2026-09-22T16:39:55+10:00  order     REFUSED Algo Trading is switched OFF in the MetaTrader terminal. Turn it on there first - this is the terminal's own safety switch and the bridge will not override it.
2026-09-22T16:40:00+10:00  order     REFUSED Algo Trading is switched OFF in the MetaTrader terminal. Turn it on there first - this is the terminal's own safety switch and the bridge will not override it.
2026-09-22T16:40:00+10:00  order     REFUSED Algo Trading is switched OFF in the MetaTrader terminal. Turn it on there first - this is the terminal's own safety switch and the bridge will not override it.
2026-09-22T16:40:11+10:00  order     REFUSED Algo Trading is switched OFF in the MetaTrader terminal. Turn it on there first - this is the terminal's own safety switch and the bridge will not override it.
2026-09-22T16:40:24+10:00  order     REFUSED Algo Trading is switched OFF in the MetaTrader terminal. Turn it on there first - this is the terminal's own safety switch and the bridge will not override it.
2026-09-22T16:40:25+10:00  order     REFUSED Algo Trading is switched OFF in the MetaTrader terminal. Turn it on there first - this is the terminal's own safety switch and the bridge will not override it.
2026-09-22T16:40:30+10:00  order     REFUSED Algo Trading is switched OFF in the MetaTrader terminal. Turn it on there first - this is the terminal's own safety switch and the bridge will not override it.
2026-09-22T16:40:30+10:00  order     REFUSED Algo Trading is switched OFF in the MetaTrader terminal. Turn it on there first - this is the terminal's own safety switch and the bridge will not override it.
2026-09-22T16:40:42+10:00  order     REFUSED Algo Trading is switched OFF in the MetaTrader terminal. Turn it on there first - this is the terminal's own safety switch and the bridge will not override it.
2026-09-22T16:40:55+10:00  order     REFUSED Algo Trading is switched OFF in the MetaTrader terminal. Turn it on there first - this is the terminal's own safety switch and the bridge will not override it.
2026-09-22T16:40:56+10:00  order     REFUSED Algo Trading is switched OFF in the MetaTrader terminal. Turn it on there first - this is the terminal's own safety switch and the bridge will not override it.
2026-09-22T16:41:01+10:00  order     REFUSED Algo Trading is switched OFF in the MetaTrader terminal. Turn it on there first - this is the terminal's own safety switch and the bridge will not override it.
2026-09-22T16:41:01+10:00  order     REFUSED Algo Trading is switched OFF in the MetaTrader terminal. Turn it on there first - this is the terminal's own safety switch and the bridge will not override it.
2026-09-22T16:41:14+10:00  order     REFUSED Algo Trading is switched OFF in the MetaTrader terminal. Turn it on there first - this is the terminal's own safety switch and the bridge will not override it.
2026-09-22T16:41:27+10:00  order     REFUSED Algo Trading is switched OFF in the MetaTrader terminal. Turn it on there first - this is the terminal's own safety switch and the bridge will not override it.
2026-09-22T16:41:28+10:00  order     REFUSED Algo Trading is switched OFF in the MetaTrader terminal. Turn it on there first - this is the terminal's own safety switch and the bridge will not override it.
2026-09-22T16:41:32+10:00  order     REFUSED Algo Trading is switched OFF in the MetaTrader terminal. Turn it on there first - this is the terminal's own safety switch and the bridge will not override it.
2026-09-22T16:41:33+10:00  order     REFUSED Algo Trading is switched OFF in the MetaTrader terminal. Turn it on there first - this is the terminal's own safety switch and the bridge will not override it.
2026-09-22T16:41:44+10:00  order     REFUSED Algo Trading is switched OFF in the MetaTrader terminal. Turn it on there first - this is the terminal's own safety switch and the bridge will not override it.
2026-09-22T16:41:58+10:00  order     REFUSED Algo Trading is switched OFF in the MetaTrader terminal. Turn it on there first - this is the terminal's own safety switch and the bridge will not override it.
2026-09-22T16:41:58+10:00  order     REFUSED Algo Trading is switched OFF in the MetaTrader terminal. Turn it on there first - this is the terminal's own safety switch and the bridge will not override it.
2026-09-22T16:42:03+10:00  order     REFUSED Algo Trading is switched OFF in the MetaTrader terminal. Turn it on there first - this is the terminal's own safety switch and the bridge will not override it.
2026-09-22T16:42:03+10:00  order     REFUSED Algo Trading is switched OFF in the MetaTrader terminal. Turn it on there first - this is the terminal's own safety switch and the bridge will not override it.
2026-09-22T16:42:14+10:00  order     REFUSED Algo Trading is switched OFF in the MetaTrader terminal. Turn it on there first - this is the terminal's own safety switch and the bridge will not override it.
2026-09-22T16:42:28+10:00  order     REFUSED Algo Trading is switched OFF in the MetaTrader terminal. Turn it on there first - this is the terminal's own safety switch and the bridge will not override it.
2026-09-22T16:42:31+10:00  order     REFUSED Algo Trading is switched OFF in the MetaTrader terminal. Turn it on there first - this is the terminal's own safety switch and the bridge will not override it.
2026-09-22T16:42:36+10:00  order     REFUSED Algo Trading is switched OFF in the MetaTrader terminal. Turn it on there first - this is the terminal's own safety switch and the bridge will not override it.
2026-09-22T16:42:36+10:00  order     REFUSED Algo Trading is switched OFF in the MetaTrader terminal. Turn it on there first - this is the terminal's own safety switch and the bridge will not override it.
2026-09-22T16:42:47+10:00  order     REFUSED Algo Trading is switched OFF in the MetaTrader terminal. Turn it on there first - this is the terminal's own safety switch and the bridge will not override it.
2026-09-22T16:43:00+10:00  order     REFUSED Algo Trading is switched OFF in the MetaTrader terminal. Turn it on there first - this is the terminal's own safety switch and the bridge will not override it.
2026-09-22T16:43:03+10:00  order     REFUSED Algo Trading is switched OFF in the MetaTrader terminal. Turn it on there first - this is the terminal's own safety switch and the bridge will not override it.
2026-09-22T16:43:08+10:00  order     REFUSED Algo Trading is switched OFF in the MetaTrader terminal. Turn it on there first - this is the terminal's own safety switch and the bridge will not override it.
2026-09-22T16:43:15+10:00  order     REFUSED Algo Trading is switched OFF in the MetaTrader terminal. Turn it on there first - this is the terminal's own safety switch and the bridge will not override it.
2026-09-22T16:43:17+10:00  order     REFUSED Algo Trading is switched OFF in the MetaTrader terminal. Turn it on there first - this is the terminal's own safety switch and the bridge will not override it.
2026-09-22T16:43:33+10:00  order     REFUSED Algo Trading is switched OFF in the MetaTrader terminal. Turn it on there first - this is the terminal's own safety switch and the bridge will not override it.
2026-09-22T16:43:36+10:00  order     REFUSED Algo Trading is switched OFF in the MetaTrader terminal. Turn it on there first - this is the terminal's own safety switch and the bridge will not override it.
2026-09-22T16:43:40+10:00  order     REFUSED Algo Trading is switched OFF in the MetaTrader terminal. Turn it on there first - this is the terminal's own safety switch and the bridge will not override it.
2026-09-22T16:43:46+10:00  order     REFUSED Algo Trading is switched OFF in the MetaTrader terminal. Turn it on there first - this is the terminal's own safety switch and the bridge will not override it.
2026-09-22T16:43:48+10:00  order     REFUSED Algo Trading is switched OFF in the MetaTrader terminal. Turn it on there first - this is the terminal's own safety switch and the bridge will not override it.
2026-09-22T16:44:04+10:00  order     REFUSED Algo Trading is switched OFF in the MetaTrader terminal. Turn it on there first - this is the terminal's own safety switch and the bridge will not override it.
2026-09-22T16:44:07+10:00  order     REFUSED Algo Trading is switched OFF in the MetaTrader terminal. Turn it on there first - this is the terminal's own safety switch and the bridge will not override it.
2026-09-22T16:44:12+10:00  order     REFUSED Algo Trading is switched OFF in the MetaTrader terminal. Turn it on there first - this is the terminal's own safety switch and the bridge will not override it.
2026-09-22T16:44:17+10:00  order     REFUSED Algo Trading is switched OFF in the MetaTrader terminal. Turn it on there first - this is the terminal's own safety switch and the bridge will not override it.
2026-09-22T16:44:19+10:00  order     REFUSED Algo Trading is switched OFF in the MetaTrader terminal. Turn it on there first - this is the terminal's own safety switch and the bridge will not override it.
2026-09-22T16:44:34+10:00  order     REFUSED Algo Trading is switched OFF in the MetaTrader terminal. Turn it on there first - this is the terminal's own safety switch and the bridge will not override it.
2026-09-22T16:44:37+10:00  order     REFUSED Algo Trading is switched OFF in the MetaTrader terminal. Turn it on there first - this is the terminal's own safety switch and the bridge will not override it.
2026-09-22T16:44:42+10:00  order     REFUSED Algo Trading is switched OFF in the MetaTrader terminal. Turn it on there first - this is the terminal's own safety switch and the bridge will not override it.
2026-09-22T16:44:47+10:00  order     REFUSED Algo Trading is switched OFF in the MetaTrader terminal. Turn it on there first - this is the terminal's own safety switch and the bridge will not override it.
2026-09-22T16:44:49+10:00  order     REFUSED Algo Trading is switched OFF in the MetaTrader terminal. Turn it on there first - this is the terminal's own safety switch and the bridge will not override it.
2026-09-22T16:45:04+10:00  order     REFUSED Algo Trading is switched OFF in the MetaTrader terminal. Turn it on there first - this is the terminal's own safety switch and the bridge will not override it.
2026-09-22T16:45:07+10:00  order     REFUSED Algo Trading is switched OFF in the MetaTrader terminal. Turn it on there first - this is the terminal's own safety switch and the bridge will not override it.
2026-09-22T16:45:12+10:00  order     REFUSED Algo Trading is switched OFF in the MetaTrader terminal. Turn it on there first - this is the terminal's own safety switch and the bridge will not override it.
2026-09-22T16:45:20+10:00  order     REFUSED Algo Trading is switched OFF in the MetaTrader terminal. Turn it on there first - this is the terminal's own safety switch and the bridge will not override it.
2026-09-22T16:45:38+10:00  order     REFUSED Algo Trading is switched OFF in the MetaTrader terminal. Turn it on there first - this is the terminal's own safety switch and the bridge will not override it.
2026-09-22T16:45:39+10:00  order     REFUSED Algo Trading is switched OFF in the MetaTrader terminal. Turn it on there first - this is the terminal's own safety switch and the bridge will not override it.
2026-09-22T16:45:45+10:00  order     REFUSED Algo Trading is switched OFF in the MetaTrader terminal. Turn it on there first - this is the terminal's own safety switch and the bridge will not override it.
2026-09-22T16:45:45+10:00  order     REFUSED Algo Trading is switched OFF in the MetaTrader terminal. Turn it on there first - this is the terminal's own safety switch and the bridge will not override it.
2026-09-22T16:45:52+10:00  order     REFUSED Algo Trading is switched OFF in the MetaTrader terminal. Turn it on there first - this is the terminal's own safety switch and the bridge will not override it.
2026-09-22T16:46:10+10:00  order     REFUSED Algo Trading is switched OFF in the MetaTrader terminal. Turn it on there first - this is the terminal's own safety switch and the bridge will not override it.
2026-09-22T16:46:11+10:00  order     REFUSED Algo Trading is switched OFF in the MetaTrader terminal. Turn it on there first - this is the terminal's own safety switch and the bridge will not override it.
2026-09-22T16:46:16+10:00  order     REFUSED Algo Trading is switched OFF in the MetaTrader terminal. Turn it on there first - this is the terminal's own safety switch and the bridge will not override it.
2026-09-22T16:46:16+10:00  order     REFUSED Algo Trading is switched OFF in the MetaTrader terminal. Turn it on there first - this is the terminal's own safety switch and the bridge will not override it.
2026-09-22T16:46:24+10:00  order     REFUSED Algo Trading is switched OFF in the MetaTrader terminal. Turn it on there first - this is the terminal's own safety switch and the bridge will not override it.
2026-09-22T16:46:41+10:00  order     REFUSED Algo Trading is switched OFF in the MetaTrader terminal. Turn it on there first - this is the terminal's own safety switch and the bridge will not override it.
2026-09-22T16:46:42+10:00  order     REFUSED Algo Trading is switched OFF in the MetaTrader terminal. Turn it on there first - this is the terminal's own safety switch and the bridge will not override it.
2026-09-22T16:46:47+10:00  order     REFUSED Algo Trading is switched OFF in the MetaTrader terminal. Turn it on there first - this is the terminal's own safety switch and the bridge will not override it.
2026-09-22T16:46:54+10:00  order     REFUSED Algo Trading is switched OFF in the MetaTrader terminal. Turn it on there first - this is the terminal's own safety switch and the bridge will not override it.
2026-09-22T16:46:57+10:00  order     REFUSED Algo Trading is switched OFF in the MetaTrader terminal. Turn it on there first - this is the terminal's own safety switch and the bridge will not override it.
2026-09-22T16:47:14+10:00  order     REFUSED Algo Trading is switched OFF in the MetaTrader terminal. Turn it on there first - this is the terminal's own safety switch and the bridge will not override it.
2026-09-22T16:47:14+10:00  order     REFUSED Algo Trading is switched OFF in the MetaTrader terminal. Turn it on there first - this is the terminal's own safety switch and the bridge will not override it.
2026-09-22T16:47:19+10:00  order     REFUSED Algo Trading is switched OFF in the MetaTrader terminal. Turn it on there first - this is the terminal's own safety switch and the bridge will not override it.
2026-09-22T16:47:27+10:00  order     REFUSED Algo Trading is switched OFF in the MetaTrader terminal. Turn it on there first - this is the terminal's own safety switch and the bridge will not override it.
2026-09-22T16:47:45+10:00  order     REFUSED Algo Trading is switched OFF in the MetaTrader terminal. Turn it on there first - this is the terminal's own safety switch and the bridge will not override it.
2026-09-22T16:47:45+10:00  order     REFUSED Algo Trading is switched OFF in the MetaTrader terminal. Turn it on there first - this is the terminal's own safety switch and the bridge will not override it.
2026-09-22T16:47:50+10:00  order     REFUSED Algo Trading is switched OFF in the MetaTrader terminal. Turn it on there first - this is the terminal's own safety switch and the bridge will not override it.
2026-09-22T16:47:58+10:00  order     REFUSED Algo Trading is switched OFF in the MetaTrader terminal. Turn it on there first - this is the terminal's own safety switch and the bridge will not override it.
2026-09-22T16:48:17+10:00  order     REFUSED Algo Trading is switched OFF in the MetaTrader terminal. Turn it on there first - this is the terminal's own safety switch and the bridge will not override it.
2026-09-22T16:48:18+10:00  order     REFUSED Algo Trading is switched OFF in the MetaTrader terminal. Turn it on there first - this is the terminal's own safety switch and the bridge will not override it.
2026-09-22T16:48:23+10:00  order     REFUSED Algo Trading is switched OFF in the MetaTrader terminal. Turn it on there first - this is the terminal's own safety switch and the bridge will not override it.
2026-09-22T16:48:28+10:00  order     REFUSED Algo Trading is switched OFF in the MetaTrader terminal. Turn it on there first - this is the terminal's own safety switch and the bridge will not override it.
2026-09-22T16:48:34+10:00  order     REFUSED Algo Trading is switched OFF in the MetaTrader terminal. Turn it on there first - this is the terminal's own safety switch and the bridge will not override it.
2026-09-22T16:48:49+10:00  order     REFUSED Algo Trading is switched OFF in the MetaTrader terminal. Turn it on there first - this is the terminal's own safety switch and the bridge will not override it.
2026-09-22T16:48:49+10:00  order     REFUSED Algo Trading is switched OFF in the MetaTrader terminal. Turn it on there first - this is the terminal's own safety switch and the bridge will not override it.
2026-09-22T16:48:54+10:00  order     REFUSED Algo Trading is switched OFF in the MetaTrader terminal. Turn it on there first - this is the terminal's own safety switch and the bridge will not override it.
2026-09-22T16:48:59+10:00  order     REFUSED Algo Trading is switched OFF in the MetaTrader terminal. Turn it on there first - this is the terminal's own safety switch and the bridge will not override it.
2026-09-22T16:49:05+10:00  order     REFUSED Algo Trading is switched OFF in the MetaTrader terminal. Turn it on there first - this is the terminal's own safety switch and the bridge will not override it.
2026-09-22T16:49:20+10:00  order     REFUSED Algo Trading is switched OFF in the MetaTrader terminal. Turn it on there first - this is the terminal's own safety switch and the bridge will not override it.
2026-09-22T16:49:20+10:00  order     REFUSED Algo Trading is switched OFF in the MetaTrader terminal. Turn it on there first - this is the terminal's own safety switch and the bridge will not override it.
2026-09-22T16:49:25+10:00  order     REFUSED Algo Trading is switched OFF in the MetaTrader terminal. Turn it on there first - this is the terminal's own safety switch and the bridge will not override it.
2026-09-22T16:49:30+10:00  order     REFUSED Algo Trading is switched OFF in the MetaTrader terminal. Turn it on there first - this is the terminal's own safety switch and the bridge will not override it.
2026-09-22T16:49:36+10:00  order     REFUSED Algo Trading is switched OFF in the MetaTrader terminal. Turn it on there first - this is the terminal's own safety switch and the bridge will not override it.
2026-09-22T16:49:50+10:00  order     REFUSED Algo Trading is switched OFF in the MetaTrader terminal. Turn it on there first - this is the terminal's own safety switch and the bridge will not override it.
2026-09-22T16:49:51+10:00  order     REFUSED Algo Trading is switched OFF in the MetaTrader terminal. Turn it on there first - this is the terminal's own safety switch and the bridge will not override it.
2026-09-22T16:49:55+10:00  order     REFUSED Algo Trading is switched OFF in the MetaTrader terminal. Turn it on there first - this is the terminal's own safety switch and the bridge will not override it.
2026-09-22T16:50:01+10:00  order     REFUSED Algo Trading is switched OFF in the MetaTrader terminal. Turn it on there first - this is the terminal's own safety switch and the bridge will not override it.
2026-09-22T16:50:23+10:00  order     REFUSED Algo Trading is switched OFF in the MetaTrader terminal. Turn it on there first - this is the terminal's own safety switch and the bridge will not override it.
2026-09-22T16:50:24+10:00  order     REFUSED Algo Trading is switched OFF in the MetaTrader terminal. Turn it on there first - this is the terminal's own safety switch and the bridge will not override it.
2026-09-22T16:50:26+10:00  order     REFUSED Algo Trading is switched OFF in the MetaTrader terminal. Turn it on there first - this is the terminal's own safety switch and the bridge will not override it.
2026-09-22T16:50:31+10:00  order     REFUSED Algo Trading is switched OFF in the MetaTrader terminal. Turn it on there first - this is the terminal's own safety switch and the bridge will not override it.
2026-09-22T16:50:35+10:00  order     REFUSED Algo Trading is switched OFF in the MetaTrader terminal. Turn it on there first - this is the terminal's own safety switch and the bridge will not override it.
2026-09-22T16:50:55+10:00  order     REFUSED Algo Trading is switched OFF in the MetaTrader terminal. Turn it on there first - this is the terminal's own safety switch and the bridge will not override it.
2026-09-22T16:50:55+10:00  order     REFUSED Algo Trading is switched OFF in the MetaTrader terminal. Turn it on there first - this is the terminal's own safety switch and the bridge will not override it.
2026-09-22T16:50:58+10:00  order     REFUSED Algo Trading is switched OFF in the MetaTrader terminal. Turn it on there first - this is the terminal's own safety switch and the bridge will not override it.
2026-09-22T16:51:03+10:00  order     REFUSED Algo Trading is switched OFF in the MetaTrader terminal. Turn it on there first - this is the terminal's own safety switch and the bridge will not override it.
2026-09-22T16:51:26+10:00  order     REFUSED Algo Trading is switched OFF in the MetaTrader terminal. Turn it on there first - this is the terminal's own safety switch and the bridge will not override it.
2026-09-22T16:51:27+10:00  order     REFUSED Algo Trading is switched OFF in the MetaTrader terminal. Turn it on there first - this is the terminal's own safety switch and the bridge will not override it.
2026-09-22T16:51:29+10:00  order     REFUSED Algo Trading is switched OFF in the MetaTrader terminal. Turn it on there first - this is the terminal's own safety switch and the bridge will not override it.
2026-09-22T16:51:34+10:00  order     REFUSED Algo Trading is switched OFF in the MetaTrader terminal. Turn it on there first - this is the terminal's own safety switch and the bridge will not override it.
2026-09-22T16:51:53+10:00  order     REFUSED Algo Trading is switched OFF in the MetaTrader terminal. Turn it on there first - this is the terminal's own safety switch and the bridge will not override it.
2026-09-22T16:51:58+10:00  order     REFUSED Algo Trading is switched OFF in the MetaTrader terminal. Turn it on there first - this is the terminal's own safety switch and the bridge will not override it.
2026-09-22T16:51:59+10:00  order     REFUSED Algo Trading is switched OFF in the MetaTrader terminal. Turn it on there first - this is the terminal's own safety switch and the bridge will not override it.
2026-09-22T16:52:01+10:00  order     REFUSED Algo Trading is switched OFF in the MetaTrader terminal. Turn it on there first - this is the terminal's own safety switch and the bridge will not override it.
2026-09-22T16:52:07+10:00  order     REFUSED Algo Trading is switched OFF in the MetaTrader terminal. Turn it on there first - this is the terminal's own safety switch and the bridge will not override it.
2026-09-22T16:52:31+10:00  order     REFUSED Algo Trading is switched OFF in the MetaTrader terminal. Turn it on there first - this is the terminal's own safety switch and the bridge will not override it.
2026-09-22T16:52:31+10:00  order     REFUSED Algo Trading is switched OFF in the MetaTrader terminal. Turn it on there first - this is the terminal's own safety switch and the bridge will not override it.
2026-09-22T16:52:33+10:00  order     REFUSED Algo Trading is switched OFF in the MetaTrader terminal. Turn it on there first - this is the terminal's own safety switch and the bridge will not override it.
2026-09-22T16:52:39+10:00  order     REFUSED Algo Trading is switched OFF in the MetaTrader terminal. Turn it on there first - this is the terminal's own safety switch and the bridge will not override it.
2026-09-22T16:53:03+10:00  order     REFUSED Algo Trading is switched OFF in the MetaTrader terminal. Turn it on there first - this is the terminal's own safety switch and the bridge will not override it.
2026-09-22T16:53:03+10:00  order     REFUSED Algo Trading is switched OFF in the MetaTrader terminal. Turn it on there first - this is the terminal's own safety switch and the bridge will not override it.
2026-09-22T16:53:05+10:00  order     REFUSED Algo Trading is switched OFF in the MetaTrader terminal. Turn it on there first - this is the terminal's own safety switch and the bridge will not override it.
2026-09-22T16:53:11+10:00  order     REFUSED Algo Trading is switched OFF in the MetaTrader terminal. Turn it on there first - this is the terminal's own safety switch and the bridge will not override it.
2026-09-22T16:53:35+10:00  order     REFUSED Algo Trading is switched OFF in the MetaTrader terminal. Turn it on there first - this is the terminal's own safety switch and the bridge will not override it.
2026-09-22T16:53:35+10:00  order     REFUSED Algo Trading is switched OFF in the MetaTrader terminal. Turn it on there first - this is the terminal's own safety switch and the bridge will not override it.
2026-09-22T16:53:38+10:00  order     REFUSED Algo Trading is switched OFF in the MetaTrader terminal. Turn it on there first - this is the terminal's own safety switch and the bridge will not override it.
2026-09-22T16:53:44+10:00  order     REFUSED Algo Trading is switched OFF in the MetaTrader terminal. Turn it on there first - this is the terminal's own safety switch and the bridge will not override it.
2026-09-22T16:54:07+10:00  order     REFUSED Algo Trading is switched OFF in the MetaTrader terminal. Turn it on there first - this is the terminal's own safety switch and the bridge will not override it.
2026-09-22T16:54:07+10:00  order     REFUSED Algo Trading is switched OFF in the MetaTrader terminal. Turn it on there first - this is the terminal's own safety switch and the bridge will not override it.
2026-09-22T16:54:10+10:00  order     REFUSED Algo Trading is switched OFF in the MetaTrader terminal. Turn it on there first - this is the terminal's own safety switch and the bridge will not override it.
2026-09-22T16:54:15+10:00  order     REFUSED Algo Trading is switched OFF in the MetaTrader terminal. Turn it on there first - this is the terminal's own safety switch and the bridge will not override it.
2026-09-22T16:54:37+10:00  order     REFUSED Algo Trading is switched OFF in the MetaTrader terminal. Turn it on there first - this is the terminal's own safety switch and the bridge will not override it.
2026-09-22T16:54:38+10:00  order     REFUSED Algo Trading is switched OFF in the MetaTrader terminal. Turn it on there first - this is the terminal's own safety switch and the bridge will not override it.
2026-09-22T16:54:40+10:00  order     REFUSED Algo Trading is switched OFF in the MetaTrader terminal. Turn it on there first - this is the terminal's own safety switch and the bridge will not override it.
2026-09-22T16:54:46+10:00  order     REFUSED Algo Trading is switched OFF in the MetaTrader terminal. Turn it on there first - this is the terminal's own safety switch and the bridge will not override it.
2026-09-22T16:55:05+10:00  order     REFUSED Algo Trading is switched OFF in the MetaTrader terminal. Turn it on there first - this is the terminal's own safety switch and the bridge will not override it.
2026-09-22T16:55:08+10:00  order     REFUSED Algo Trading is switched OFF in the MetaTrader terminal. Turn it on there first - this is the terminal's own safety switch and the bridge will not override it.
2026-09-22T16:55:10+10:00  order     REFUSED Algo Trading is switched OFF in the MetaTrader terminal. Turn it on there first - this is the terminal's own safety switch and the bridge will not override it.
2026-09-22T16:55:16+10:00  order     REFUSED Algo Trading is switched OFF in the MetaTrader terminal. Turn it on there first - this is the terminal's own safety switch and the bridge will not override it.
2026-09-22T16:55:35+10:00  order     REFUSED Algo Trading is switched OFF in the MetaTrader terminal. Turn it on there first - this is the terminal's own safety switch and the bridge will not override it.
2026-09-22T16:55:40+10:00  order     REFUSED Algo Trading is switched OFF in the MetaTrader terminal. Turn it on there first - this is the terminal's own safety switch and the bridge will not override it.
2026-09-22T16:55:43+10:00  order     REFUSED Algo Trading is switched OFF in the MetaTrader terminal. Turn it on there first - this is the terminal's own safety switch and the bridge will not override it.
2026-09-22T16:55:48+10:00  order     REFUSED Algo Trading is switched OFF in the MetaTrader terminal. Turn it on there first - this is the terminal's own safety switch and the bridge will not override it.
2026-09-22T16:56:12+10:00  order     REFUSED Algo Trading is switched OFF in the MetaTrader terminal. Turn it on there first - this is the terminal's own safety switch and the bridge will not override it.
2026-09-22T16:56:15+10:00  order     REFUSED Algo Trading is switched OFF in the MetaTrader terminal. Turn it on there first - this is the terminal's own safety switch and the bridge will not override it.
2026-09-22T16:56:20+10:00  order     REFUSED Algo Trading is switched OFF in the MetaTrader terminal. Turn it on there first - this is the terminal's own safety switch and the bridge will not override it.
2026-09-22T16:56:42+10:00  order     REFUSED Algo Trading is switched OFF in the MetaTrader terminal. Turn it on there first - this is the terminal's own safety switch and the bridge will not override it.
2026-09-22T16:56:45+10:00  order     REFUSED Algo Trading is switched OFF in the MetaTrader terminal. Turn it on there first - this is the terminal's own safety switch and the bridge will not override it.
2026-09-22T16:56:51+10:00  order     REFUSED Algo Trading is switched OFF in the MetaTrader terminal. Turn it on there first - this is the terminal's own safety switch and the bridge will not override it.
2026-09-22T16:57:14+10:00  order     REFUSED Algo Trading is switched OFF in the MetaTrader terminal. Turn it on there first - this is the terminal's own safety switch and the bridge will not override it.
2026-09-22T16:57:16+10:00  order     REFUSED Algo Trading is switched OFF in the MetaTrader terminal. Turn it on there first - this is the terminal's own safety switch and the bridge will not override it.
2026-09-22T16:57:22+10:00  order     REFUSED Algo Trading is switched OFF in the MetaTrader terminal. Turn it on there first - this is the terminal's own safety switch and the bridge will not override it.
2026-09-22T16:57:44+10:00  order     REFUSED Algo Trading is switched OFF in the MetaTrader terminal. Turn it on there first - this is the terminal's own safety switch and the bridge will not override it.
2026-09-22T16:57:47+10:00  order     REFUSED Algo Trading is switched OFF in the MetaTrader terminal. Turn it on there first - this is the terminal's own safety switch and the bridge will not override it.
2026-09-22T16:57:52+10:00  order     REFUSED Algo Trading is switched OFF in the MetaTrader terminal. Turn it on there first - this is the terminal's own safety switch and the bridge will not override it.
2026-09-22T16:58:17+10:00  order     REFUSED Algo Trading is switched OFF in the MetaTrader terminal. Turn it on there first - this is the terminal's own safety switch and the bridge will not override it.
2026-09-22T16:58:18+10:00  order     REFUSED Algo Trading is switched OFF in the MetaTrader terminal. Turn it on there first - this is the terminal's own safety switch and the bridge will not override it.
2026-09-22T16:58:23+10:00  order     REFUSED Algo Trading is switched OFF in the MetaTrader terminal. Turn it on there first - this is the terminal's own safety switch and the bridge will not override it.
2026-09-22T16:58:48+10:00  order     REFUSED Algo Trading is switched OFF in the MetaTrader terminal. Turn it on there first - this is the terminal's own safety switch and the bridge will not override it.
2026-09-22T16:58:48+10:00  order     REFUSED Algo Trading is switched OFF in the MetaTrader terminal. Turn it on there first - this is the terminal's own safety switch and the bridge will not override it.
2026-09-22T16:58:53+10:00  order     REFUSED Algo Trading is switched OFF in the MetaTrader terminal. Turn it on there first - this is the terminal's own safety switch and the bridge will not override it.
2026-09-22T16:59:18+10:00  order     REFUSED Algo Trading is switched OFF in the MetaTrader terminal. Turn it on there first - this is the terminal's own safety switch and the bridge will not override it.
2026-09-22T16:59:19+10:00  order     REFUSED Algo Trading is switched OFF in the MetaTrader terminal. Turn it on there first - this is the terminal's own safety switch and the bridge will not override it.
2026-09-22T16:59:24+10:00  order     REFUSED Algo Trading is switched OFF in the MetaTrader terminal. Turn it on there first - this is the terminal's own safety switch and the bridge will not override it.
2026-09-22T16:59:50+10:00  order     REFUSED Algo Trading is switched OFF in the MetaTrader terminal. Turn it on there first - this is the terminal's own safety switch and the bridge will not override it.
2026-09-22T16:59:51+10:00  order     REFUSED Algo Trading is switched OFF in the MetaTrader terminal. Turn it on there first - this is the terminal's own safety switch and the bridge will not override it.
2026-09-22T16:59:56+10:00  order     REFUSED Algo Trading is switched OFF in the MetaTrader terminal. Turn it on there first - this is the terminal's own safety switch and the bridge will not override it.
2026-09-22T17:00:20+10:00  order     REFUSED Algo Trading is switched OFF in the MetaTrader terminal. Turn it on there first - this is the terminal's own safety switch and the bridge will not override it.
2026-09-22T17:00:21+10:00  order     REFUSED Algo Trading is switched OFF in the MetaTrader terminal. Turn it on there first - this is the terminal's own safety switch and the bridge will not override it.
2026-09-22T17:00:26+10:00  order     REFUSED Algo Trading is switched OFF in the MetaTrader terminal. Turn it on there first - this is the terminal's own safety switch and the bridge will not override it.
2026-09-22T17:00:53+10:00  order     REFUSED Algo Trading is switched OFF in the MetaTrader terminal. Turn it on there first - this is the terminal's own safety switch and the bridge will not override it.
2026-09-22T17:00:54+10:00  order     REFUSED Algo Trading is switched OFF in the MetaTrader terminal. Turn it on there first - this is the terminal's own safety switch and the bridge will not override it.
2026-09-22T17:00:57+10:00  order     REFUSED Algo Trading is switched OFF in the MetaTrader terminal. Turn it on there first - this is the terminal's own safety switch and the bridge will not override it.
2026-09-22T17:00:57+10:00  order     REFUSED Algo Trading is switched OFF in the MetaTrader terminal. Turn it on there first - this is the terminal's own safety switch and the bridge will not override it.
2026-09-22T17:01:23+10:00  order     REFUSED Algo Trading is switched OFF in the MetaTrader terminal. Turn it on there first - this is the terminal's own safety switch and the bridge will not override it.
2026-09-22T17:01:24+10:00  order     REFUSED Algo Trading is switched OFF in the MetaTrader terminal. Turn it on there first - this is the terminal's own safety switch and the bridge will not override it.
2026-09-22T17:01:29+10:00  order     REFUSED Algo Trading is switched OFF in the MetaTrader terminal. Turn it on there first - this is the terminal's own safety switch and the bridge will not override it.
2026-09-22T17:01:30+10:00  order     REFUSED Algo Trading is switched OFF in the MetaTrader terminal. Turn it on there first - this is the terminal's own safety switch and the bridge will not override it.
2026-09-22T17:01:55+10:00  order     REFUSED Algo Trading is switched OFF in the MetaTrader terminal. Turn it on there first - this is the terminal's own safety switch and the bridge will not override it.
2026-09-22T17:01:56+10:00  order     REFUSED Algo Trading is switched OFF in the MetaTrader terminal. Turn it on there first - this is the terminal's own safety switch and the bridge will not override it.
2026-09-22T17:02:01+10:00  order     REFUSED Algo Trading is switched OFF in the MetaTrader terminal. Turn it on there first - this is the terminal's own safety switch and the bridge will not override it.
2026-09-22T17:02:02+10:00  order     REFUSED Algo Trading is switched OFF in the MetaTrader terminal. Turn it on there first - this is the terminal's own safety switch and the bridge will not override it.
2026-09-22T17:02:27+10:00  order     REFUSED Algo Trading is switched OFF in the MetaTrader terminal. Turn it on there first - this is the terminal's own safety switch and the bridge will not override it.
2026-09-22T17:02:28+10:00  order     REFUSED Algo Trading is switched OFF in the MetaTrader terminal. Turn it on there first - this is the terminal's own safety switch and the bridge will not override it.
2026-09-22T17:02:33+10:00  order     REFUSED Algo Trading is switched OFF in the MetaTrader terminal. Turn it on there first - this is the terminal's own safety switch and the bridge will not override it.
2026-09-22T17:02:33+10:00  order     REFUSED Algo Trading is switched OFF in the MetaTrader terminal. Turn it on there first - this is the terminal's own safety switch and the bridge will not override it.
2026-09-22T17:02:59+10:00  order     REFUSED Algo Trading is switched OFF in the MetaTrader terminal. Turn it on there first - this is the terminal's own safety switch and the bridge will not override it.
2026-09-22T17:02:59+10:00  order     REFUSED Algo Trading is switched OFF in the MetaTrader terminal. Turn it on there first - this is the terminal's own safety switch and the bridge will not override it.
2026-09-22T17:03:04+10:00  order     REFUSED Algo Trading is switched OFF in the MetaTrader terminal. Turn it on there first - this is the terminal's own safety switch and the bridge will not override it.
2026-09-22T17:03:05+10:00  order     REFUSED Algo Trading is switched OFF in the MetaTrader terminal. Turn it on there first - this is the terminal's own safety switch and the bridge will not override it.
2026-09-22T17:03:29+10:00  order     REFUSED Algo Trading is switched OFF in the MetaTrader terminal. Turn it on there first - this is the terminal's own safety switch and the bridge will not override it.
2026-09-22T17:03:30+10:00  order     REFUSED Algo Trading is switched OFF in the MetaTrader terminal. Turn it on there first - this is the terminal's own safety switch and the bridge will not override it.
2026-09-22T17:03:35+10:00  order     REFUSED Algo Trading is switched OFF in the MetaTrader terminal. Turn it on there first - this is the terminal's own safety switch and the bridge will not override it.
2026-09-22T17:03:35+10:00  order     REFUSED Algo Trading is switched OFF in the MetaTrader terminal. Turn it on there first - this is the terminal's own safety switch and the bridge will not override it.
2026-09-22T17:04:01+10:00  order     REFUSED Algo Trading is switched OFF in the MetaTrader terminal. Turn it on there first - this is the terminal's own safety switch and the bridge will not override it.
2026-09-22T17:04:02+10:00  order     REFUSED Algo Trading is switched OFF in the MetaTrader terminal. Turn it on there first - this is the terminal's own safety switch and the bridge will not override it.
2026-09-22T17:04:06+10:00  order     REFUSED Algo Trading is switched OFF in the MetaTrader terminal. Turn it on there first - this is the terminal's own safety switch and the bridge will not override it.
2026-09-22T17:04:07+10:00  order     REFUSED Algo Trading is switched OFF in the MetaTrader terminal. Turn it on there first - this is the terminal's own safety switch and the bridge will not override it.
2026-09-22T17:04:32+10:00  order     REFUSED Algo Trading is switched OFF in the MetaTrader terminal. Turn it on there first - this is the terminal's own safety switch and the bridge will not override it.
2026-09-22T17:04:33+10:00  order     REFUSED Algo Trading is switched OFF in the MetaTrader terminal. Turn it on there first - this is the terminal's own safety switch and the bridge will not override it.
2026-09-22T17:04:37+10:00  order     REFUSED Algo Trading is switched OFF in the MetaTrader terminal. Turn it on there first - this is the terminal's own safety switch and the bridge will not override it.
2026-09-22T17:04:38+10:00  order     REFUSED Algo Trading is switched OFF in the MetaTrader terminal. Turn it on there first - this is the terminal's own safety switch and the bridge will not override it.
2026-09-22T17:05:04+10:00  order     REFUSED Algo Trading is switched OFF in the MetaTrader terminal. Turn it on there first - this is the terminal's own safety switch and the bridge will not override it.
2026-09-22T17:05:05+10:00  order     REFUSED Algo Trading is switched OFF in the MetaTrader terminal. Turn it on there first - this is the terminal's own safety switch and the bridge will not override it.
2026-09-22T17:05:10+10:00  order     REFUSED Algo Trading is switched OFF in the MetaTrader terminal. Turn it on there first - this is the terminal's own safety switch and the bridge will not override it.
2026-09-22T17:05:11+10:00  order     REFUSED Algo Trading is switched OFF in the MetaTrader terminal. Turn it on there first - this is the terminal's own safety switch and the bridge will not override it.
2026-09-22T17:05:36+10:00  order     REFUSED Algo Trading is switched OFF in the MetaTrader terminal. Turn it on there first - this is the terminal's own safety switch and the bridge will not override it.
2026-09-22T17:05:37+10:00  order     REFUSED Algo Trading is switched OFF in the MetaTrader terminal. Turn it on there first - this is the terminal's own safety switch and the bridge will not override it.
2026-09-22T17:05:42+10:00  order     REFUSED Algo Trading is switched OFF in the MetaTrader terminal. Turn it on there first - this is the terminal's own safety switch and the bridge will not override it.
2026-09-22T17:05:42+10:00  order     REFUSED Algo Trading is switched OFF in the MetaTrader terminal. Turn it on there first - this is the terminal's own safety switch and the bridge will not override it.
2026-09-22T17:06:08+10:00  order     REFUSED Algo Trading is switched OFF in the MetaTrader terminal. Turn it on there first - this is the terminal's own safety switch and the bridge will not override it.
2026-09-22T17:06:08+10:00  order     REFUSED Algo Trading is switched OFF in the MetaTrader terminal. Turn it on there first - this is the terminal's own safety switch and the bridge will not override it.
2026-09-22T17:06:13+10:00  order     REFUSED Algo Trading is switched OFF in the MetaTrader terminal. Turn it on there first - this is the terminal's own safety switch and the bridge will not override it.
2026-09-22T17:06:14+10:00  order     REFUSED Algo Trading is switched OFF in the MetaTrader terminal. Turn it on there first - this is the terminal's own safety switch and the bridge will not override it.
2026-09-22T17:06:39+10:00  order     REFUSED Algo Trading is switched OFF in the MetaTrader terminal. Turn it on there first - this is the terminal's own safety switch and the bridge will not override it.
2026-09-22T17:06:39+10:00  order     REFUSED Algo Trading is switched OFF in the MetaTrader terminal. Turn it on there first - this is the terminal's own safety switch and the bridge will not override it.
2026-09-22T17:06:44+10:00  order     REFUSED Algo Trading is switched OFF in the MetaTrader terminal. Turn it on there first - this is the terminal's own safety switch and the bridge will not override it.
2026-09-22T17:06:45+10:00  order     REFUSED Algo Trading is switched OFF in the MetaTrader terminal. Turn it on there first - this is the terminal's own safety switch and the bridge will not override it.
2026-09-22T17:07:11+10:00  order     REFUSED Algo Trading is switched OFF in the MetaTrader terminal. Turn it on there first - this is the terminal's own safety switch and the bridge will not override it.
2026-09-22T17:07:11+10:00  order     REFUSED Algo Trading is switched OFF in the MetaTrader terminal. Turn it on there first - this is the terminal's own safety switch and the bridge will not override it.
2026-09-22T17:07:16+10:00  order     REFUSED Algo Trading is switched OFF in the MetaTrader terminal. Turn it on there first - this is the terminal's own safety switch and the bridge will not override it.
2026-09-22T17:07:17+10:00  order     REFUSED Algo Trading is switched OFF in the MetaTrader terminal. Turn it on there first - this is the terminal's own safety switch and the bridge will not override it.
2026-09-22T17:07:43+10:00  order     REFUSED Algo Trading is switched OFF in the MetaTrader terminal. Turn it on there first - this is the terminal's own safety switch and the bridge will not override it.
2026-09-22T17:07:43+10:00  order     REFUSED Algo Trading is switched OFF in the MetaTrader terminal. Turn it on there first - this is the terminal's own safety switch and the bridge will not override it.
2026-09-22T17:07:48+10:00  order     REFUSED Algo Trading is switched OFF in the MetaTrader terminal. Turn it on there first - this is the terminal's own safety switch and the bridge will not override it.
2026-09-22T17:07:49+10:00  order     REFUSED Algo Trading is switched OFF in the MetaTrader terminal. Turn it on there first - this is the terminal's own safety switch and the bridge will not override it.
2026-09-22T17:08:15+10:00  order     REFUSED Algo Trading is switched OFF in the MetaTrader terminal. Turn it on there first - this is the terminal's own safety switch and the bridge will not override it.
2026-09-22T17:08:15+10:00  order     REFUSED Algo Trading is switched OFF in the MetaTrader terminal. Turn it on there first - this is the terminal's own safety switch and the bridge will not override it.
2026-09-22T17:08:20+10:00  order     REFUSED Algo Trading is switched OFF in the MetaTrader terminal. Turn it on there first - this is the terminal's own safety switch and the bridge will not override it.
2026-09-22T17:08:21+10:00  order     REFUSED Algo Trading is switched OFF in the MetaTrader terminal. Turn it on there first - this is the terminal's own safety switch and the bridge will not override it.
2026-09-22T17:08:45+10:00  order     REFUSED Algo Trading is switched OFF in the MetaTrader terminal. Turn it on there first - this is the terminal's own safety switch and the bridge will not override it.
2026-09-22T17:08:48+10:00  order     REFUSED Algo Trading is switched OFF in the MetaTrader terminal. Turn it on there first - this is the terminal's own safety switch and the bridge will not override it.
2026-09-22T17:08:53+10:00  order     REFUSED Algo Trading is switched OFF in the MetaTrader terminal. Turn it on there first - this is the terminal's own safety switch and the bridge will not override it.
2026-09-22T17:08:54+10:00  order     REFUSED Algo Trading is switched OFF in the MetaTrader terminal. Turn it on there first - this is the terminal's own safety switch and the bridge will not override it.
2026-09-22T17:09:17+10:00  order     REFUSED Algo Trading is switched OFF in the MetaTrader terminal. Turn it on there first - this is the terminal's own safety switch and the bridge will not override it.
2026-09-22T17:09:18+10:00  order     REFUSED Algo Trading is switched OFF in the MetaTrader terminal. Turn it on there first - this is the terminal's own safety switch and the bridge will not override it.
2026-09-22T17:09:23+10:00  order     REFUSED Algo Trading is switched OFF in the MetaTrader terminal. Turn it on there first - this is the terminal's own safety switch and the bridge will not override it.
2026-09-22T17:09:24+10:00  order     REFUSED Algo Trading is switched OFF in the MetaTrader terminal. Turn it on there first - this is the terminal's own safety switch and the bridge will not override it.
2026-09-22T17:09:49+10:00  order     REFUSED Algo Trading is switched OFF in the MetaTrader terminal. Turn it on there first - this is the terminal's own safety switch and the bridge will not override it.
2026-09-22T17:09:50+10:00  order     REFUSED Algo Trading is switched OFF in the MetaTrader terminal. Turn it on there first - this is the terminal's own safety switch and the bridge will not override it.
2026-09-22T17:09:55+10:00  order     REFUSED Algo Trading is switched OFF in the MetaTrader terminal. Turn it on there first - this is the terminal's own safety switch and the bridge will not override it.
2026-09-22T17:09:55+10:00  order     REFUSED Algo Trading is switched OFF in the MetaTrader terminal. Turn it on there first - this is the terminal's own safety switch and the bridge will not override it.
2026-09-22T17:10:01+10:00  order     REFUSED Algo Trading is switched OFF in the MetaTrader terminal. Turn it on there first - this is the terminal's own safety switch and the bridge will not override it.
2026-09-22T17:10:22+10:00  order     REFUSED Algo Trading is switched OFF in the MetaTrader terminal. Turn it on there first - this is the terminal's own safety switch and the bridge will not override it.
2026-09-22T17:10:22+10:00  order     REFUSED Algo Trading is switched OFF in the MetaTrader terminal. Turn it on there first - this is the terminal's own safety switch and the bridge will not override it.
2026-09-22T17:10:25+10:00  order     REFUSED Algo Trading is switched OFF in the MetaTrader terminal. Turn it on there first - this is the terminal's own safety switch and the bridge will not override it.
2026-09-22T17:10:33+10:00  order     REFUSED Algo Trading is switched OFF in the MetaTrader terminal. Turn it on there first - this is the terminal's own safety switch and the bridge will not override it.
2026-09-22T17:10:53+10:00  order     REFUSED Algo Trading is switched OFF in the MetaTrader terminal. Turn it on there first - this is the terminal's own safety switch and the bridge will not override it.
2026-09-22T17:10:54+10:00  order     REFUSED Algo Trading is switched OFF in the MetaTrader terminal. Turn it on there first - this is the terminal's own safety switch and the bridge will not override it.
2026-09-22T17:10:56+10:00  order     REFUSED Algo Trading is switched OFF in the MetaTrader terminal. Turn it on there first - this is the terminal's own safety switch and the bridge will not override it.
2026-09-22T17:11:24+10:00  order     REFUSED Algo Trading is switched OFF in the MetaTrader terminal. Turn it on there first - this is the terminal's own safety switch and the bridge will not override it.
2026-09-22T17:11:25+10:00  order     REFUSED Algo Trading is switched OFF in the MetaTrader terminal. Turn it on there first - this is the terminal's own safety switch and the bridge will not override it.
2026-09-22T17:11:27+10:00  order     REFUSED Algo Trading is switched OFF in the MetaTrader terminal. Turn it on there first - this is the terminal's own safety switch and the bridge will not override it.
2026-09-22T17:11:55+10:00  order     REFUSED Algo Trading is switched OFF in the MetaTrader terminal. Turn it on there first - this is the terminal's own safety switch and the bridge will not override it.
2026-09-22T17:11:55+10:00  order     REFUSED Algo Trading is switched OFF in the MetaTrader terminal. Turn it on there first - this is the terminal's own safety switch and the bridge will not override it.
2026-09-22T17:11:58+10:00  order     REFUSED Algo Trading is switched OFF in the MetaTrader terminal. Turn it on there first - this is the terminal's own safety switch and the bridge will not override it.
2026-09-22T17:12:25+10:00  order     REFUSED Algo Trading is switched OFF in the MetaTrader terminal. Turn it on there first - this is the terminal's own safety switch and the bridge will not override it.
2026-09-22T17:12:26+10:00  order     REFUSED Algo Trading is switched OFF in the MetaTrader terminal. Turn it on there first - this is the terminal's own safety switch and the bridge will not override it.
2026-09-22T17:12:29+10:00  order     REFUSED Algo Trading is switched OFF in the MetaTrader terminal. Turn it on there first - this is the terminal's own safety switch and the bridge will not override it.
2026-09-22T17:12:56+10:00  order     REFUSED Algo Trading is switched OFF in the MetaTrader terminal. Turn it on there first - this is the terminal's own safety switch and the bridge will not override it.
2026-09-22T17:12:57+10:00  order     REFUSED Algo Trading is switched OFF in the MetaTrader terminal. Turn it on there first - this is the terminal's own safety switch and the bridge will not override it.
2026-09-22T17:12:59+10:00  order     REFUSED Algo Trading is switched OFF in the MetaTrader terminal. Turn it on there first - this is the terminal's own safety switch and the bridge will not override it.
2026-09-22T17:13:29+10:00  order     REFUSED Algo Trading is switched OFF in the MetaTrader terminal. Turn it on there first - this is the terminal's own safety switch and the bridge will not override it.
2026-09-22T17:13:30+10:00  order     REFUSED Algo Trading is switched OFF in the MetaTrader terminal. Turn it on there first - this is the terminal's own safety switch and the bridge will not override it.
2026-09-22T17:13:32+10:00  order     REFUSED Algo Trading is switched OFF in the MetaTrader terminal. Turn it on there first - this is the terminal's own safety switch and the bridge will not override it.
2026-09-22T17:14:00+10:00  order     REFUSED Algo Trading is switched OFF in the MetaTrader terminal. Turn it on there first - this is the terminal's own safety switch and the bridge will not override it.
2026-09-22T17:14:00+10:00  order     REFUSED Algo Trading is switched OFF in the MetaTrader terminal. Turn it on there first - this is the terminal's own safety switch and the bridge will not override it.
2026-09-22T17:14:03+10:00  order     REFUSED Algo Trading is switched OFF in the MetaTrader terminal. Turn it on there first - this is the terminal's own safety switch and the bridge will not override it.
2026-09-22T17:14:30+10:00  order     REFUSED Algo Trading is switched OFF in the MetaTrader terminal. Turn it on there first - this is the terminal's own safety switch and the bridge will not override it.
2026-09-22T17:14:30+10:00  order     REFUSED Algo Trading is switched OFF in the MetaTrader terminal. Turn it on there first - this is the terminal's own safety switch and the bridge will not override it.
2026-09-22T17:14:35+10:00  order     REFUSED Algo Trading is switched OFF in the MetaTrader terminal. Turn it on there first - this is the terminal's own safety switch and the bridge will not override it.
2026-09-22T17:14:52+10:00  order     REFUSED Algo Trading is switched OFF in the MetaTrader terminal. Turn it on there first - this is the terminal's own safety switch and the bridge will not override it.
2026-09-22T17:15:00+10:00  order     REFUSED Algo Trading is switched OFF in the MetaTrader terminal. Turn it on there first - this is the terminal's own safety switch and the bridge will not override it.
2026-09-22T17:15:00+10:00  order     REFUSED Algo Trading is switched OFF in the MetaTrader terminal. Turn it on there first - this is the terminal's own safety switch and the bridge will not override it.
2026-09-22T17:15:03+10:00  order     REFUSED Algo Trading is switched OFF in the MetaTrader terminal. Turn it on there first - this is the terminal's own safety switch and the bridge will not override it.
2026-09-22T17:15:08+10:00  order     REFUSED Algo Trading is switched OFF in the MetaTrader terminal. Turn it on there first - this is the terminal's own safety switch and the bridge will not override it.
2026-09-22T17:15:24+10:00  order     REFUSED Algo Trading is switched OFF in the MetaTrader terminal. Turn it on there first - this is the terminal's own safety switch and the bridge will not override it.
2026-09-22T17:15:31+10:00  order     REFUSED Algo Trading is switched OFF in the MetaTrader terminal. Turn it on there first - this is the terminal's own safety switch and the bridge will not override it.
2026-09-22T17:15:31+10:00  order     REFUSED Algo Trading is switched OFF in the MetaTrader terminal. Turn it on there first - this is the terminal's own safety switch and the bridge will not override it.
2026-09-22T17:15:34+10:00  order     REFUSED Algo Trading is switched OFF in the MetaTrader terminal. Turn it on there first - this is the terminal's own safety switch and the bridge will not override it.
2026-09-22T17:15:38+10:00  order     REFUSED Algo Trading is switched OFF in the MetaTrader terminal. Turn it on there first - this is the terminal's own safety switch and the bridge will not override it.
2026-09-22T17:15:55+10:00  order     REFUSED Algo Trading is switched OFF in the MetaTrader terminal. Turn it on there first - this is the terminal's own safety switch and the bridge will not override it.
2026-09-22T17:16:02+10:00  order     REFUSED Algo Trading is switched OFF in the MetaTrader terminal. Turn it on there first - this is the terminal's own safety switch and the bridge will not override it.
2026-09-22T17:16:03+10:00  order     REFUSED Algo Trading is switched OFF in the MetaTrader terminal. Turn it on there first - this is the terminal's own safety switch and the bridge will not override it.
2026-09-22T17:16:06+10:00  order     REFUSED Algo Trading is switched OFF in the MetaTrader terminal. Turn it on there first - this is the terminal's own safety switch and the bridge will not override it.
2026-09-22T17:16:10+10:00  order     REFUSED Algo Trading is switched OFF in the MetaTrader terminal. Turn it on there first - this is the terminal's own safety switch and the bridge will not override it.
2026-09-22T17:16:26+10:00  order     REFUSED Algo Trading is switched OFF in the MetaTrader terminal. Turn it on there first - this is the terminal's own safety switch and the bridge will not override it.
2026-09-22T17:16:33+10:00  order     REFUSED Algo Trading is switched OFF in the MetaTrader terminal. Turn it on there first - this is the terminal's own safety switch and the bridge will not override it.
2026-09-22T17:16:34+10:00  order     REFUSED Algo Trading is switched OFF in the MetaTrader terminal. Turn it on there first - this is the terminal's own safety switch and the bridge will not override it.
2026-09-22T17:16:36+10:00  order     REFUSED Algo Trading is switched OFF in the MetaTrader terminal. Turn it on there first - this is the terminal's own safety switch and the bridge will not override it.
2026-09-22T17:16:42+10:00  order     REFUSED Algo Trading is switched OFF in the MetaTrader terminal. Turn it on there first - this is the terminal's own safety switch and the bridge will not override it.
2026-09-22T17:16:58+10:00  order     REFUSED Algo Trading is switched OFF in the MetaTrader terminal. Turn it on there first - this is the terminal's own safety switch and the bridge will not override it.
2026-09-22T17:17:06+10:00  order     REFUSED Algo Trading is switched OFF in the MetaTrader terminal. Turn it on there first - this is the terminal's own safety switch and the bridge will not override it.
2026-09-22T17:17:06+10:00  order     REFUSED Algo Trading is switched OFF in the MetaTrader terminal. Turn it on there first - this is the terminal's own safety switch and the bridge will not override it.
2026-09-22T17:17:07+10:00  order     REFUSED Algo Trading is switched OFF in the MetaTrader terminal. Turn it on there first - this is the terminal's own safety switch and the bridge will not override it.
2026-09-22T17:17:14+10:00  order     REFUSED Algo Trading is switched OFF in the MetaTrader terminal. Turn it on there first - this is the terminal's own safety switch and the bridge will not override it.
2026-09-22T17:17:31+10:00  order     REFUSED Algo Trading is switched OFF in the MetaTrader terminal. Turn it on there first - this is the terminal's own safety switch and the bridge will not override it.
2026-09-22T17:17:37+10:00  order     REFUSED Algo Trading is switched OFF in the MetaTrader terminal. Turn it on there first - this is the terminal's own safety switch and the bridge will not override it.
2026-09-22T17:17:38+10:00  order     REFUSED Algo Trading is switched OFF in the MetaTrader terminal. Turn it on there first - this is the terminal's own safety switch and the bridge will not override it.
2026-09-22T17:17:38+10:00  order     REFUSED Algo Trading is switched OFF in the MetaTrader terminal. Turn it on there first - this is the terminal's own safety switch and the bridge will not override it.
2026-09-22T17:17:45+10:00  order     REFUSED Algo Trading is switched OFF in the MetaTrader terminal. Turn it on there first - this is the terminal's own safety switch and the bridge will not override it.
2026-09-22T17:18:01+10:00  order     REFUSED Algo Trading is switched OFF in the MetaTrader terminal. Turn it on there first - this is the terminal's own safety switch and the bridge will not override it.
2026-09-22T17:18:09+10:00  order     REFUSED Algo Trading is switched OFF in the MetaTrader terminal. Turn it on there first - this is the terminal's own safety switch and the bridge will not override it.
2026-09-22T17:18:10+10:00  order     REFUSED Algo Trading is switched OFF in the MetaTrader terminal. Turn it on there first - this is the terminal's own safety switch and the bridge will not override it.
2026-09-22T17:18:10+10:00  order     REFUSED Algo Trading is switched OFF in the MetaTrader terminal. Turn it on there first - this is the terminal's own safety switch and the bridge will not override it.
2026-09-22T17:18:17+10:00  order     REFUSED Algo Trading is switched OFF in the MetaTrader terminal. Turn it on there first - this is the terminal's own safety switch and the bridge will not override it.
2026-09-22T17:18:33+10:00  order     REFUSED Algo Trading is switched OFF in the MetaTrader terminal. Turn it on there first - this is the terminal's own safety switch and the bridge will not override it.
2026-09-22T17:18:40+10:00  order     REFUSED Algo Trading is switched OFF in the MetaTrader terminal. Turn it on there first - this is the terminal's own safety switch and the bridge will not override it.
2026-09-22T17:18:40+10:00  order     REFUSED Algo Trading is switched OFF in the MetaTrader terminal. Turn it on there first - this is the terminal's own safety switch and the bridge will not override it.
2026-09-22T17:18:41+10:00  order     REFUSED Algo Trading is switched OFF in the MetaTrader terminal. Turn it on there first - this is the terminal's own safety switch and the bridge will not override it.
2026-09-22T17:18:48+10:00  order     REFUSED Algo Trading is switched OFF in the MetaTrader terminal. Turn it on there first - this is the terminal's own safety switch and the bridge will not override it.
2026-09-22T17:19:04+10:00  order     REFUSED Algo Trading is switched OFF in the MetaTrader terminal. Turn it on there first - this is the terminal's own safety switch and the bridge will not override it.
2026-09-22T17:19:11+10:00  order     REFUSED Algo Trading is switched OFF in the MetaTrader terminal. Turn it on there first - this is the terminal's own safety switch and the bridge will not override it.
2026-09-22T17:19:12+10:00  order     REFUSED Algo Trading is switched OFF in the MetaTrader terminal. Turn it on there first - this is the terminal's own safety switch and the bridge will not override it.
2026-09-22T17:19:12+10:00  order     REFUSED Algo Trading is switched OFF in the MetaTrader terminal. Turn it on there first - this is the terminal's own safety switch and the bridge will not override it.
2026-09-22T17:19:19+10:00  order     REFUSED Algo Trading is switched OFF in the MetaTrader terminal. Turn it on there first - this is the terminal's own safety switch and the bridge will not override it.
2026-09-22T17:19:35+10:00  order     REFUSED Algo Trading is switched OFF in the MetaTrader terminal. Turn it on there first - this is the terminal's own safety switch and the bridge will not override it.
2026-09-22T17:19:42+10:00  order     REFUSED Algo Trading is switched OFF in the MetaTrader terminal. Turn it on there first - this is the terminal's own safety switch and the bridge will not override it.
2026-09-22T17:19:42+10:00  order     REFUSED Algo Trading is switched OFF in the MetaTrader terminal. Turn it on there first - this is the terminal's own safety switch and the bridge will not override it.
2026-09-22T17:19:43+10:00  order     REFUSED Algo Trading is switched OFF in the MetaTrader terminal. Turn it on there first - this is the terminal's own safety switch and the bridge will not override it.
2026-09-22T17:19:50+10:00  order     REFUSED Algo Trading is switched OFF in the MetaTrader terminal. Turn it on there first - this is the terminal's own safety switch and the bridge will not override it.
2026-09-22T17:20:06+10:00  order     REFUSED Algo Trading is switched OFF in the MetaTrader terminal. Turn it on there first - this is the terminal's own safety switch and the bridge will not override it.
2026-09-22T17:20:09+10:00  order     REFUSED Algo Trading is switched OFF in the MetaTrader terminal. Turn it on there first - this is the terminal's own safety switch and the bridge will not override it.
2026-09-22T17:20:14+10:00  order     REFUSED Algo Trading is switched OFF in the MetaTrader terminal. Turn it on there first - this is the terminal's own safety switch and the bridge will not override it.
2026-09-22T17:20:14+10:00  order     REFUSED Algo Trading is switched OFF in the MetaTrader terminal. Turn it on there first - this is the terminal's own safety switch and the bridge will not override it.
2026-09-22T17:20:22+10:00  order     REFUSED Algo Trading is switched OFF in the MetaTrader terminal. Turn it on there first - this is the terminal's own safety switch and the bridge will not override it.
2026-09-22T17:20:37+10:00  order     REFUSED Algo Trading is switched OFF in the MetaTrader terminal. Turn it on there first - this is the terminal's own safety switch and the bridge will not override it.
2026-09-22T17:20:40+10:00  order     REFUSED Algo Trading is switched OFF in the MetaTrader terminal. Turn it on there first - this is the terminal's own safety switch and the bridge will not override it.
2026-09-22T17:20:45+10:00  order     REFUSED Algo Trading is switched OFF in the MetaTrader terminal. Turn it on there first - this is the terminal's own safety switch and the bridge will not override it.
2026-09-22T17:20:46+10:00  order     REFUSED Algo Trading is switched OFF in the MetaTrader terminal. Turn it on there first - this is the terminal's own safety switch and the bridge will not override it.
2026-09-22T17:20:53+10:00  order     REFUSED Algo Trading is switched OFF in the MetaTrader terminal. Turn it on there first - this is the terminal's own safety switch and the bridge will not override it.
2026-09-22T17:21:09+10:00  order     REFUSED Algo Trading is switched OFF in the MetaTrader terminal. Turn it on there first - this is the terminal's own safety switch and the bridge will not override it.
2026-09-22T17:21:12+10:00  order     REFUSED Algo Trading is switched OFF in the MetaTrader terminal. Turn it on there first - this is the terminal's own safety switch and the bridge will not override it.
2026-09-22T17:21:17+10:00  order     REFUSED Algo Trading is switched OFF in the MetaTrader terminal. Turn it on there first - this is the terminal's own safety switch and the bridge will not override it.
2026-09-22T17:21:17+10:00  order     REFUSED Algo Trading is switched OFF in the MetaTrader terminal. Turn it on there first - this is the terminal's own safety switch and the bridge will not override it.
2026-09-22T17:21:24+10:00  order     REFUSED Algo Trading is switched OFF in the MetaTrader terminal. Turn it on there first - this is the terminal's own safety switch and the bridge will not override it.
2026-09-22T17:21:40+10:00  order     REFUSED Algo Trading is switched OFF in the MetaTrader terminal. Turn it on there first - this is the terminal's own safety switch and the bridge will not override it.
2026-09-22T17:21:42+10:00  order     REFUSED Algo Trading is switched OFF in the MetaTrader terminal. Turn it on there first - this is the terminal's own safety switch and the bridge will not override it.
2026-09-22T17:21:47+10:00  order     REFUSED Algo Trading is switched OFF in the MetaTrader terminal. Turn it on there first - this is the terminal's own safety switch and the bridge will not override it.
2026-09-22T17:21:48+10:00  order     REFUSED Algo Trading is switched OFF in the MetaTrader terminal. Turn it on there first - this is the terminal's own safety switch and the bridge will not override it.
2026-09-22T17:21:55+10:00  order     REFUSED Algo Trading is switched OFF in the MetaTrader terminal. Turn it on there first - this is the terminal's own safety switch and the bridge will not override it.
2026-09-22T17:22:11+10:00  order     REFUSED Algo Trading is switched OFF in the MetaTrader terminal. Turn it on there first - this is the terminal's own safety switch and the bridge will not override it.
2026-09-22T17:22:14+10:00  order     REFUSED Algo Trading is switched OFF in the MetaTrader terminal. Turn it on there first - this is the terminal's own safety switch and the bridge will not override it.
2026-09-22T17:22:19+10:00  order     REFUSED Algo Trading is switched OFF in the MetaTrader terminal. Turn it on there first - this is the terminal's own safety switch and the bridge will not override it.
2026-09-22T17:22:20+10:00  order     REFUSED Algo Trading is switched OFF in the MetaTrader terminal. Turn it on there first - this is the terminal's own safety switch and the bridge will not override it.
2026-09-22T17:22:27+10:00  order     REFUSED Algo Trading is switched OFF in the MetaTrader terminal. Turn it on there first - this is the terminal's own safety switch and the bridge will not override it.
2026-09-22T17:22:42+10:00  order     REFUSED Algo Trading is switched OFF in the MetaTrader terminal. Turn it on there first - this is the terminal's own safety switch and the bridge will not override it.
2026-09-22T17:22:45+10:00  order     REFUSED Algo Trading is switched OFF in the MetaTrader terminal. Turn it on there first - this is the terminal's own safety switch and the bridge will not override it.
2026-09-22T17:22:49+10:00  order     REFUSED Algo Trading is switched OFF in the MetaTrader terminal. Turn it on there first - this is the terminal's own safety switch and the bridge will not override it.
2026-09-22T17:22:50+10:00  order     REFUSED Algo Trading is switched OFF in the MetaTrader terminal. Turn it on there first - this is the terminal's own safety switch and the bridge will not override it.
2026-09-22T17:23:15+10:00  order     REFUSED Algo Trading is switched OFF in the MetaTrader terminal. Turn it on there first - this is the terminal's own safety switch and the bridge will not override it.
2026-09-22T17:23:29+10:00  order     REFUSED Algo Trading is switched OFF in the MetaTrader terminal. Turn it on there first - this is the terminal's own safety switch and the bridge will not override it.
2026-09-22T17:23:32+10:00  order     REFUSED Algo Trading is switched OFF in the MetaTrader terminal. Turn it on there first - this is the terminal's own safety switch and the bridge will not override it.
2026-09-22T17:23:32+10:00  order     REFUSED Algo Trading is switched OFF in the MetaTrader terminal. Turn it on there first - this is the terminal's own safety switch and the bridge will not override it.
2026-09-22T17:23:33+10:00  order     REFUSED Algo Trading is switched OFF in the MetaTrader terminal. Turn it on there first - this is the terminal's own safety switch and the bridge will not override it.
2026-09-22T17:23:47+10:00  order     REFUSED Algo Trading is switched OFF in the MetaTrader terminal. Turn it on there first - this is the terminal's own safety switch and the bridge will not override it.
2026-09-22T17:24:16+10:00  order     REFUSED Algo Trading is switched OFF in the MetaTrader terminal. Turn it on there first - this is the terminal's own safety switch and the bridge will not override it.
2026-09-22T17:24:35+10:00  order     SEND market buy XAUUSD.a 0.01 lots @4322.43 sl=4313.61 tp=4348.5 signal=XAUUSD.a:5m:sweep_reversal:buy:1790061300000 account=23011660
2026-09-22T17:24:35+10:00  order     RESULT ok=True retcode=10009 ticket=8845628 price=4322.43 comment='Request executed'
2026-09-22T17:24:42+10:00  order     SEND stop sell XAUUSD.a 0.01 lots @4320.9 sl=4353.38 tp=4255.93 signal=XAUUSD.a:15m:pattern_break:sell:1790055000000 account=23011660
2026-09-22T17:24:43+10:00  order     RESULT ok=True retcode=10009 ticket=8845630 price=0.0 comment='Request executed'
2026-09-22T17:26:01+10:00  order     SEND limit buy USDJPY.a 0.01 lots @157.483 sl=157.215 tp=158.019 signal=USDJPY.a:15m:pattern_break:buy:1790055000000 account=23011660
2026-09-22T17:26:01+10:00  order     RESULT ok=True retcode=10009 ticket=8845649 price=0.0 comment='Request executed'
2026-09-22T17:26:04+10:00  order     SEND limit sell XAUUSD.a 0.01 lots @4341.66 sl=4369.94 tp=4285.1 signal=XAUUSD.a:1h:sweep_reversal:sell:1790046000000 account=23011660
2026-09-22T17:26:04+10:00  order     RESULT ok=True retcode=10009 ticket=8845650 price=0.0 comment='Request executed'
2026-09-22T17:26:04+10:00  order     REFUSED an order was sent moments ago - throttled. Nothing was sent.
2026-09-22T17:26:36+10:00  order     SEND stop sell USDJPY.a 0.01 lots @157.174 sl=157.813 tp=155.934 signal=USDJPY.a:4h:pattern_break:sell:1790038800000 account=23011660
2026-09-22T17:26:37+10:00  order     RESULT ok=True retcode=10009 ticket=8845703 price=0.0 comment='Request executed'
2026-09-22T17:29:59+10:00  order     SEND market sell XAUUSD.a 0.01 lots @4315.57 sl=4325.2 tp=4297.14 signal=XAUUSD.a:5m:pattern_break:sell:1790061900000 account=23011660
2026-09-22T17:29:59+10:00  order     RESULT ok=True retcode=10009 ticket=8845783 price=4315.57 comment='Request executed'
2026-09-22T18:35:46+10:00  order     SEND stop sell XAUUSD.a 0.01 lots @4290.52 sl=4325.4 tp=4220.77 signal=XAUUSD.a:5m:pattern_break:sell:1790065800000 account=23011660
2026-09-22T18:35:46+10:00  order     RESULT ok=True retcode=10009 ticket=8847635 price=0.0 comment='Request executed'
2026-09-22T18:43:53+10:00  order     SEND limit sell USDJPY.a 0.01 lots @157.441 sl=157.553 tp=157.217 signal=USDJPY.a:30m:breakout_retest:sell:1790053200000 account=23011660
2026-09-22T18:43:54+10:00  order     RESULT ok=True retcode=10009 ticket=8847987 price=0.0 comment='Request executed'
2026-09-22T18:49:53+10:00  order     CANCEL order=8847635
2026-09-22T18:49:54+10:00  order     CANCEL RESULT ok=True retcode=10009
2026-09-22T19:01:34+10:00  order     SEND market buy USDJPY.a 0.01 lots @157.161 sl=156.973 tp=157.775 signal=USDJPY.a:15m:false_break_fade:buy:1790066700000 account=23011660
2026-09-22T19:01:34+10:00  order     RESULT ok=True retcode=10009 ticket=8848799 price=157.16 comment='Request executed'
2026-09-22T19:26:33+10:00  order     SEND limit sell XAUUSD.a 0.01 lots @4318.14 sl=4336.51 tp=4291.57 signal=XAUUSD.a:5m:sweep_reversal:sell:1790067600000 account=23011660
2026-09-22T19:26:34+10:00  order     RESULT ok=True retcode=10009 ticket=8849272 price=0.0 comment='Request executed'
2026-09-22T19:44:12+10:00  order     SEND stop sell XAUUSD.a 0.01 lots @4314.66 sl=4339.76 tp=4264.45 signal=XAUUSD.a:30m:false_break_fade:sell:1790067600000 account=23011660
2026-09-22T19:44:12+10:00  order     RESULT ok=True retcode=10009 ticket=8849514 price=0.0 comment='Request executed'
2026-09-22T20:03:57+10:00  clock     server offset +10800000 ms (UTC+3.00h) confidence=measured from 5 tick(s)
2026-09-22T20:03:57+10:00  start     bridge on 127.0.0.1:8765 mock=False connected=True server=ICMarketsAU-Demo
2026-09-22T20:04:10+10:00  clock     server offset +10800000 ms (UTC+3.00h) confidence=measured from 5 tick(s)
2026-09-22T20:04:10+10:00  start     bridge on 127.0.0.1:8765 mock=False connected=True server=ICMarketsAU-Demo
2026-09-22T20:04:10+10:00  start     EXECUTION ARMED demo_only=True max_lots=0.05
2026-09-22T20:04:23+10:00  order     CANCEL order=8849514
2026-09-22T20:04:23+10:00  order     CANCEL RESULT ok=True retcode=10009
2026-09-22T20:09:15+10:00  order     SEND stop sell USDJPY.a 0.01 lots @156.823 sl=157.01 tp=156.174 signal=USDJPY.a:3m:pattern_break:sell:1790071560000 account=23011660
2026-09-22T20:09:15+10:00  order     RESULT ok=True retcode=10009 ticket=8850340 price=0.0 comment='Request executed'
2026-09-22T20:12:07+10:00  order     CANCEL order=8850340
2026-09-22T20:12:07+10:00  order     CANCEL RESULT ok=True retcode=10009
2026-09-22T20:15:09+10:00  order     SEND limit sell XAUUSD.a 0.01 lots @4332.73 sl=4339.49 tp=4312.11 signal=XAUUSD.a:3m:sweep_reversal:sell:1790071740000 account=23011660
2026-09-22T20:15:09+10:00  order     RESULT ok=True retcode=10009 ticket=8850453 price=0.0 comment='Request executed'
2026-09-22T20:15:27+10:00  order     SEND market buy USDJPY.a 0.01 lots @157.043 sl=156.805 tp=157.462 signal=USDJPY.a:5m:breakout_retest:buy:1790071800000 account=23011660
2026-09-22T20:15:27+10:00  order     RESULT ok=True retcode=10009 ticket=8850456 price=157.043 comment='Request executed'
2026-09-22T20:17:22+10:00  order     SEND market buy XAUUSD.a 0.01 lots @4331.7 sl=4308.67 tp=4375.17 signal=XAUUSD.a:15m:sweep_reversal:buy:1790071200000 account=23011660
2026-09-22T20:17:22+10:00  order     RESULT ok=True retcode=10009 ticket=8850471 price=4331.73 comment='Request executed'
2026-09-22T20:19:06+10:00  order     SEND limit buy XAUUSD.a 0.01 lots @4322.35 sl=4310.22 tp=4348.17 signal=XAUUSD.a:5m:sweep_reversal:buy:1790070300000 account=23011660
2026-09-22T20:19:07+10:00  order     RESULT ok=True retcode=10009 ticket=8850490 price=0.0 comment='Request executed'
2026-09-22T20:19:57+10:00  order     CANCEL order=8850490
2026-09-22T20:19:58+10:00  order     CANCEL RESULT ok=True retcode=10009
2026-09-22T20:25:02+10:00  order     SEND market sell XAUUSD.a 0.01 lots @4329.04 sl=4339.23 tp=4312.11 signal=XAUUSD.a:5m:sweep_reversal:sell:1790072100000 account=23011660
2026-09-22T20:25:02+10:00  order     RESULT ok=True retcode=10009 ticket=8850558 price=4329.04 comment='Request executed'
2026-09-22T20:31:10+10:00  error     /health ConnectionAbortedError: [WinError 10053] An established connection was aborted by the software in your host machine
2026-09-22T20:31:14+10:00  error     /health ConnectionAbortedError: [WinError 10053] An established connection was aborted by the software in your host machine
2026-09-22T20:42:30+10:00  order     SEND stop buy XAUUSD.a 0.01 lots @4338.05 sl=4311.27 tp=4381.97 signal=XAUUSD.a:3m:flag_continuation:buy:1790073540000 account=23011660
2026-09-22T20:42:30+10:00  order     RESULT ok=True retcode=10009 ticket=8850747 price=0.0 comment='Request executed'
2026-09-22T20:44:58+10:00  order     SEND stop buy XAUUSD.a 0.01 lots @4338.05 sl=4310.98 tp=4381.97 signal=XAUUSD.a:5m:flag_continuation:buy:1790073600000 account=23011660
2026-09-22T20:44:58+10:00  order     RESULT ok=True retcode=10009 ticket=8850795 price=0.0 comment='Request executed'
2026-09-22T20:45:11+10:00  order     SEND market sell XAUUSD.a 0.01 lots @4330.93 sl=4341.67 tp=4309.96 signal=XAUUSD.a:15m:sweep_reversal:sell:1790073000000 account=23011660
2026-09-22T20:45:11+10:00  order     RESULT ok=True retcode=10009 ticket=8850796 price=4330.91 comment='Request executed'
2026-09-22T21:09:37+10:00  order     SEND stop sell USDJPY.a 0.01 lots @156.963 sl=157.142 tp=156.604 signal=USDJPY.a:15m:false_break_fade:sell:1790073000000 account=23011660
2026-09-22T21:09:37+10:00  order     RESULT ok=True retcode=10009 ticket=8851433 price=0.0 comment='Request executed'
2026-09-22T21:09:40+10:00  order     CANCEL order=8850747
2026-09-22T21:09:40+10:00  order     CANCEL RESULT ok=True retcode=10009
2026-09-22T21:09:43+10:00  order     CANCEL order=8850795
2026-09-22T21:09:43+10:00  order     CANCEL RESULT ok=True retcode=10009
2026-09-22T21:09:59+10:00  order     SEND market sell XAUUSD.a 0.01 lots @4311.35 sl=4330.15 tp=4270.72 signal=XAUUSD.a:5m:sweep_reversal:sell:1790075100000 account=23011660
2026-09-22T21:09:59+10:00  order     RESULT ok=True retcode=10009 ticket=8851460 price=4311.38 comment='Request executed'
2026-09-22T21:10:19+10:00  order     CANCEL order=8851433
2026-09-22T21:10:19+10:00  order     CANCEL RESULT ok=True retcode=10009
2026-09-22T21:17:02+10:00  order     SEND limit buy USDJPY.a 0.01 lots @157.051 sl=156.814 tp=157.525 signal=USDJPY.a:3m:pattern_break:buy:1790074800000 account=23011660
2026-09-22T21:17:02+10:00  order     RESULT ok=True retcode=10009 ticket=8851652 price=0.0 comment='Request executed'
2026-09-22T21:19:43+10:00  order     SEND limit sell XAUUSD.a 0.01 lots @4315.12 sl=4341.28 tp=4262.8 signal=XAUUSD.a:15m:sweep_reversal:sell:1790074800000 account=23011660
2026-09-22T21:19:43+10:00  order     RESULT ok=True retcode=10009 ticket=8851685 price=0.0 comment='Request executed'
2026-09-22T21:32:15+10:00  order     CANCEL order=8847987
2026-09-22T21:32:16+10:00  order     CANCEL RESULT ok=True retcode=10009
2026-09-22T21:32:19+10:00  order     SEND market sell XAUUSD.a 0.01 lots @4318.73 sl=4342.16 tp=4268.98 signal=XAUUSD.a:30m:false_break_fade:sell:1790074800000 account=23011660
2026-09-22T21:32:20+10:00  order     RESULT ok=True retcode=10009 ticket=8851874 price=4318.66 comment='Request executed'
2026-09-22T21:34:45+10:00  order     SEND stop sell USDJPY.a 0.01 lots @157.128 sl=157.265 tp=156.854 signal=USDJPY.a:15m:false_break_fade:sell:1790075700000 account=23011660
2026-09-22T21:34:45+10:00  order     RESULT ok=True retcode=10009 ticket=8851911 price=0.0 comment='Request executed'
2026-09-22T21:51:25+10:00  order     CANCEL order=8851652
2026-09-22T21:51:25+10:00  order     CANCEL RESULT ok=True retcode=10009
2026-09-22T21:51:33+10:00  order     SEND stop buy XAUUSD.a 0.01 lots @4320.28 sl=4312.14 tp=4333.56 signal=XAUUSD.a:5m:sweep_reversal:buy:1790077500000 account=23011660
2026-09-22T21:51:34+10:00  order     RESULT ok=True retcode=10009 ticket=8852154 price=0.0 comment='Request executed'
2026-09-22T22:30:00+10:00  order     SEND market sell XAUUSD.a 0.01 lots @4335.51 sl=4351.69 tp=4307.59 signal=XAUUSD.a:30m:false_break_fade:sell:1790078400000 account=23011660
2026-09-22T22:30:00+10:00  order     RESULT ok=True retcode=10009 ticket=8852999 price=4335.48 comment='Request executed'
2026-09-22T22:31:16+10:00  order     SEND stop sell USDJPY.a 0.01 lots @157.078 sl=157.246 tp=156.741 signal=USDJPY.a:5m:pattern_break:sell:1790079900000 account=23011660
2026-09-22T22:31:16+10:00  order     RESULT ok=True retcode=10009 ticket=8853013 price=0.0 comment='Request executed'
2026-09-22T22:44:26+10:00  order     CANCEL order=8853013
2026-09-22T22:44:26+10:00  order     CANCEL RESULT ok=True retcode=10009
2026-09-22T22:49:14+10:00  order     SEND market sell XAUUSD.a 0.01 lots @4333.59 sl=4342.96 tp=4314.41 signal=XAUUSD.a:3m:breakout_retest:sell:1790081100000 account=23011660
2026-09-22T22:49:14+10:00  order     RESULT ok=True retcode=10009 ticket=8853308 price=4333.41 comment='Request executed'
2026-09-22T22:50:07+10:00  order     SEND stop sell USDJPY.a 0.01 lots @157.027 sl=157.844 tp=155.392 signal=USDJPY.a:1h:sweep_reversal:sell:1790071200000 account=23011660
2026-09-22T22:50:07+10:00  order     RESULT ok=True retcode=10009 ticket=8853324 price=0.0 comment='Request executed'
2026-09-22T23:29:59+10:00  order     SEND stop sell XAUUSD.a 0.01 lots @4330.57 sl=4344.62 tp=4309.14 signal=XAUUSD.a:5m:sweep_reversal:sell:1790083500000 account=23011660
2026-09-22T23:29:59+10:00  order     RESULT ok=True retcode=10009 ticket=8853936 price=0.0 comment='Request executed'
2026-09-22T23:30:12+10:00  order     SEND stop sell XAUUSD.a 0.01 lots @4324.95 sl=4347.8 tp=4285.56 signal=XAUUSD.a:15m:pattern_break:sell:1790082900000 account=23011660
2026-09-22T23:30:12+10:00  order     RESULT ok=True retcode=10009 ticket=8853948 price=0.0 comment='Request executed'
2026-09-22T23:30:13+10:00  order     REFUSED an order was sent moments ago - throttled. Nothing was sent.
2026-09-22T23:30:44+10:00  order     SEND market buy XAUUSD.a 0.01 lots @4330.37 sl=4316.09 tp=4359.53 signal=XAUUSD.a:30m:sweep_reversal:buy:1790082000000 account=23011660
2026-09-22T23:30:45+10:00  order     RESULT ok=True retcode=10009 ticket=8853978 price=4330.47 comment='Request executed'
2026-09-22T23:46:43+10:00  error     /account RuntimeError: no account
2026-09-22T23:47:08+10:00  clock     server offset +10800000 ms (UTC+3.00h) confidence=measured from 5 tick(s)
2026-09-22T23:47:08+10:00  start     bridge on 127.0.0.1:8765 mock=False connected=True server=Pepperstone-MT5-Live01
2026-09-22T23:47:08+10:00  start     EXECUTION ARMED demo_only=True max_lots=0.05
