2026-09-26T00:14:58+10:00  order     SEND stop buy XAUUSD.a 0.01 lots @4275.5 sl=4248.23 tp=4330.01 signal=XAUUSD.a:3m:pattern_break:buy:1790345520000 account=23011660
2026-09-26T00:14:58+10:00  order     RESULT ok=True retcode=10009 ticket=8947626 price=0.0 comment='Request executed'
2026-09-26T00:21:05+10:00  order     CANCEL order=8947626
2026-09-26T00:21:05+10:00  order     CANCEL RESULT ok=True retcode=10009
2026-09-26T00:37:19+10:00  clock     server offset +10800000 ms (UTC+3.00h) confidence=measured from 5 tick(s)
2026-09-26T00:37:19+10:00  start     bridge on 127.0.0.1:8765 mock=False connected=True server=Pepperstone-MT5-Live01
2026-09-26T00:37:19+10:00  start     EXECUTION ARMED demo_only=True max_lots=0.05
2026-09-26T00:38:09+10:00  clock     server offset +10800000 ms (UTC+3.00h) confidence=measured from 5 tick(s)
2026-09-26T00:38:09+10:00  start     bridge on 127.0.0.1:8765 mock=False connected=True server=ICMarketsAU-Demo
2026-09-26T00:38:09+10:00  start     EXECUTION ARMED demo_only=True max_lots=0.05
2026-09-26T00:41:58+10:00  order     SEND stop buy XAUUSD.a 0.01 lots @4272.24 sl=4261.0 tp=4315.83 signal=XAUUSD.a:3m:false_break_fade:buy:1790346960000 account=23011660
2026-09-26T00:41:59+10:00  order     RESULT ok=True retcode=10009 ticket=8947960 price=0.0 comment='Request executed'
2026-09-26T01:10:32+10:00  order     SEND stop buy XAUUSD.a 0.01 lots @4279.18 sl=4260.66 tp=4315.83 signal=XAUUSD.a:5m:false_break_fade:buy:1790348100000 account=23011660
2026-09-26T01:10:32+10:00  order     RESULT ok=True retcode=10009 ticket=8948666 price=0.0 comment='Request executed'
2026-09-26T01:30:08+10:00  order     MODIFY position=8947960 sl 4261.0 -> 4277.86
2026-09-26T01:30:08+10:00  order     MODIFY RESULT ok=True retcode=10009
2026-09-26T01:32:53+10:00  order     MODIFY position=8947960 sl 4277.86 -> 4280.19
2026-09-26T01:32:53+10:00  order     MODIFY RESULT ok=True retcode=10009
2026-09-26T01:35:55+10:00  order     MODIFY position=8947960 sl 4280.19 -> 4280.39
2026-09-26T01:35:55+10:00  order     MODIFY RESULT ok=True retcode=10009
2026-09-26T01:44:59+10:00  order     SEND stop buy XAUUSD.a 0.01 lots @4277.18 sl=4269.88 tp=4289.05 signal=XAUUSD.a:3m:pattern_break:buy:1790350560000 account=23011660
2026-09-26T01:44:59+10:00  order     RESULT ok=True retcode=10009 ticket=8949196 price=0.0 comment='Request executed'
2026-09-26T01:48:00+10:00  order     CANCEL order=8949196
2026-09-26T01:48:00+10:00  order     CANCEL RESULT ok=True retcode=10009
2026-09-26T02:03:41+10:00  order     MODIFY position=8948666 sl 4260.66 -> 4288.46
2026-09-26T02:03:41+10:00  order     MODIFY RESULT ok=True retcode=10009
2026-09-26T02:04:55+10:00  order     MODIFY position=8948666 sl 4288.46 -> 4292.68
2026-09-26T02:04:55+10:00  order     MODIFY RESULT ok=True retcode=10009
2026-09-26T02:10:44+10:00  clock     server offset +10800000 ms (UTC+3.00h) confidence=measured from 5 tick(s)
2026-09-26T02:10:44+10:00  start     bridge on 127.0.0.1:8765 mock=False connected=True server=ICMarketsAU-Demo
2026-09-26T02:10:44+10:00  start     EXECUTION ARMED demo_only=True max_lots=0.05
2026-09-26T02:12:43+10:00  clock     server offset +10800000 ms (UTC+3.00h) confidence=measured from 5 tick(s)
2026-09-26T02:12:43+10:00  start     bridge on 127.0.0.1:8765 mock=False connected=True server=ICMarketsAU-Demo
2026-09-26T02:12:43+10:00  start     EXECUTION ARMED demo_only=True max_lots=0.05
2026-09-26T09:34:50+10:00  clock     server offset +10800000 ms (UTC+3.00h) confidence=measured from 5 tick(s)
2026-09-26T09:34:50+10:00  start     bridge on 127.0.0.1:8765 mock=False connected=True server=Pepperstone-MT5-Live01
2026-09-26T09:34:50+10:00  start     EXECUTION ARMED demo_only=True max_lots=0.05
2026-09-26T09:39:02+10:00  clock     server offset +10800000 ms (UTC+3.00h) confidence=measured from 5 tick(s)
2026-09-26T09:39:02+10:00  start     bridge on 127.0.0.1:8765 mock=False connected=True server=ICMarketsAU-Demo
2026-09-26T09:39:02+10:00  start     EXECUTION ARMED demo_only=True max_lots=0.05
2026-09-26T09:39:15+10:00  order     SEND limit sell XAUUSD.a 0.01 lots @4298.19 sl=4390.17 tp=4114.24 signal=XAUUSD.a:4h:pattern_break:sell:1790326800000 account=23011660
2026-09-26T09:39:15+10:00  order     RESULT ok=False retcode=10018 ticket=0 price=0.0 comment='Market closed'
2026-09-26T09:39:45+10:00  order     SEND limit sell XAUUSD.a 0.01 lots @4298.19 sl=4390.17 tp=4114.24 signal=XAUUSD.a:4h:pattern_break:sell:1790326800000 account=23011660
2026-09-26T09:39:45+10:00  order     RESULT ok=False retcode=10018 ticket=0 price=0.0 comment='Market closed'
2026-09-26T09:40:16+10:00  order     SEND limit sell XAUUSD.a 0.01 lots @4298.19 sl=4390.17 tp=4114.24 signal=XAUUSD.a:4h:pattern_break:sell:1790326800000 account=23011660
2026-09-26T09:40:16+10:00  order     RESULT ok=False retcode=10018 ticket=0 price=0.0 comment='Market closed'
2026-09-26T09:40:38+10:00  download  start symbols=XAUUSD.a tfs=1m,3m,5m,15m,30m,1h,2h,4h,1d,1w years=20 days=0
2026-09-26T09:40:45+10:00  download  finished rows=53093 phase=done error=None reindex=reindex failed (ImportError: cannot import name 'reindex_runs' from 'tools' (C:\workspace-ml-ausloans\Forex\DiaNurFxScalpingWorkstation\tools\__init__.py)) -- run tools/reindex_runs.py
2026-09-26T09:40:45+10:00  error     /bars ConnectionAbortedError: [WinError 10053] An established connection was aborted by the software in your host machine
2026-09-26T09:40:45+10:00  error     /quotes ConnectionAbortedError: [WinError 10053] An established connection was aborted by the software in your host machine
2026-09-26T09:40:45+10:00  error     /health ConnectionAbortedError: [WinError 10053] An established connection was aborted by the software in your host machine
2026-09-26T09:40:45+10:00  error     /positions ConnectionAbortedError: [WinError 10053] An established connection was aborted by the software in your host machine
2026-09-26T09:40:45+10:00  error     /account ConnectionAbortedError: [WinError 10053] An established connection was aborted by the software in your host machine
2026-09-26T09:40:45+10:00  error     /health ConnectionAbortedError: [WinError 10053] An established connection was aborted by the software in your host machine
2026-09-26T09:40:45+10:00  error     /health ConnectionAbortedError: [WinError 10053] An established connection was aborted by the software in your host machine
2026-09-26T09:40:45+10:00  error     /health ConnectionAbortedError: [WinError 10053] An established connection was aborted by the software in your host machine
2026-09-26T09:40:47+10:00  order     SEND limit sell XAUUSD.a 0.01 lots @4298.19 sl=4390.17 tp=4114.24 signal=XAUUSD.a:4h:pattern_break:sell:1790326800000 account=23011660
2026-09-26T09:40:48+10:00  order     RESULT ok=False retcode=10018 ticket=0 price=0.0 comment='Market closed'
2026-09-26T09:41:19+10:00  order     SEND limit sell XAUUSD.a 0.01 lots @4298.19 sl=4390.17 tp=4114.24 signal=XAUUSD.a:4h:pattern_break:sell:1790326800000 account=23011660
2026-09-26T09:41:19+10:00  order     RESULT ok=False retcode=10018 ticket=0 price=0.0 comment='Market closed'
2026-09-26T09:41:51+10:00  order     SEND limit sell XAUUSD.a 0.01 lots @4298.19 sl=4390.17 tp=4114.24 signal=XAUUSD.a:4h:pattern_break:sell:1790326800000 account=23011660
2026-09-26T09:41:51+10:00  order     RESULT ok=False retcode=10018 ticket=0 price=0.0 comment='Market closed'
2026-09-26T09:42:22+10:00  order     SEND limit sell XAUUSD.a 0.01 lots @4298.19 sl=4390.17 tp=4114.24 signal=XAUUSD.a:4h:pattern_break:sell:1790326800000 account=23011660
2026-09-26T09:42:23+10:00  order     RESULT ok=False retcode=10018 ticket=0 price=0.0 comment='Market closed'
2026-09-26T09:42:54+10:00  order     SEND limit sell XAUUSD.a 0.01 lots @4298.19 sl=4390.17 tp=4114.24 signal=XAUUSD.a:4h:pattern_break:sell:1790326800000 account=23011660
2026-09-26T09:42:54+10:00  order     RESULT ok=False retcode=10018 ticket=0 price=0.0 comment='Market closed'
2026-09-26T09:43:26+10:00  order     SEND limit sell XAUUSD.a 0.01 lots @4298.19 sl=4390.17 tp=4114.24 signal=XAUUSD.a:4h:pattern_break:sell:1790326800000 account=23011660
2026-09-26T09:43:26+10:00  order     RESULT ok=False retcode=10018 ticket=0 price=0.0 comment='Market closed'
2026-09-26T09:43:56+10:00  order     SEND limit sell XAUUSD.a 0.01 lots @4298.19 sl=4390.17 tp=4114.24 signal=XAUUSD.a:4h:pattern_break:sell:1790326800000 account=23011660
2026-09-26T09:43:56+10:00  order     RESULT ok=False retcode=10018 ticket=0 price=0.0 comment='Market closed'
2026-09-26T09:44:28+10:00  order     SEND limit sell XAUUSD.a 0.01 lots @4298.19 sl=4390.17 tp=4114.24 signal=XAUUSD.a:4h:pattern_break:sell:1790326800000 account=23011660
2026-09-26T09:44:28+10:00  order     RESULT ok=False retcode=10018 ticket=0 price=0.0 comment='Market closed'
2026-09-26T09:45:00+10:00  order     SEND limit sell XAUUSD.a 0.01 lots @4298.19 sl=4390.17 tp=4114.24 signal=XAUUSD.a:4h:pattern_break:sell:1790326800000 account=23011660
2026-09-26T09:45:00+10:00  order     RESULT ok=False retcode=10018 ticket=0 price=0.0 comment='Market closed'
2026-09-26T09:45:30+10:00  order     SEND limit sell XAUUSD.a 0.01 lots @4298.19 sl=4390.17 tp=4114.24 signal=XAUUSD.a:4h:pattern_break:sell:1790326800000 account=23011660
2026-09-26T09:45:30+10:00  order     RESULT ok=False retcode=10018 ticket=0 price=0.0 comment='Market closed'
2026-09-26T09:46:01+10:00  order     SEND limit sell XAUUSD.a 0.01 lots @4298.19 sl=4390.17 tp=4114.24 signal=XAUUSD.a:4h:pattern_break:sell:1790326800000 account=23011660
2026-09-26T09:46:02+10:00  order     RESULT ok=False retcode=10018 ticket=0 price=0.0 comment='Market closed'
2026-09-26T09:46:33+10:00  order     SEND limit sell XAUUSD.a 0.01 lots @4298.19 sl=4390.17 tp=4114.24 signal=XAUUSD.a:4h:pattern_break:sell:1790326800000 account=23011660
2026-09-26T09:46:33+10:00  order     RESULT ok=False retcode=10018 ticket=0 price=0.0 comment='Market closed'
2026-09-26T09:47:05+10:00  order     SEND limit sell XAUUSD.a 0.01 lots @4298.19 sl=4390.17 tp=4114.24 signal=XAUUSD.a:4h:pattern_break:sell:1790326800000 account=23011660
2026-09-26T09:47:05+10:00  order     RESULT ok=False retcode=10018 ticket=0 price=0.0 comment='Market closed'
2026-09-26T09:47:37+10:00  order     SEND limit sell XAUUSD.a 0.01 lots @4298.19 sl=4390.17 tp=4114.24 signal=XAUUSD.a:4h:pattern_break:sell:1790326800000 account=23011660
2026-09-26T09:47:37+10:00  order     RESULT ok=False retcode=10018 ticket=0 price=0.0 comment='Market closed'
2026-09-26T09:48:09+10:00  order     SEND limit sell XAUUSD.a 0.01 lots @4298.19 sl=4390.17 tp=4114.24 signal=XAUUSD.a:4h:pattern_break:sell:1790326800000 account=23011660
2026-09-26T09:48:09+10:00  order     RESULT ok=False retcode=10018 ticket=0 price=0.0 comment='Market closed'
2026-09-26T09:48:40+10:00  order     SEND limit sell XAUUSD.a 0.01 lots @4298.19 sl=4390.17 tp=4114.24 signal=XAUUSD.a:4h:pattern_break:sell:1790326800000 account=23011660
2026-09-26T09:48:41+10:00  order     RESULT ok=False retcode=10018 ticket=0 price=0.0 comment='Market closed'
2026-09-26T09:49:11+10:00  order     SEND limit sell XAUUSD.a 0.01 lots @4298.19 sl=4390.17 tp=4114.24 signal=XAUUSD.a:4h:pattern_break:sell:1790326800000 account=23011660
2026-09-26T09:49:11+10:00  order     RESULT ok=False retcode=10018 ticket=0 price=0.0 comment='Market closed'
2026-09-26T09:49:43+10:00  order     SEND limit sell XAUUSD.a 0.01 lots @4298.19 sl=4390.17 tp=4114.24 signal=XAUUSD.a:4h:pattern_break:sell:1790326800000 account=23011660
2026-09-26T09:49:43+10:00  order     RESULT ok=False retcode=10018 ticket=0 price=0.0 comment='Market closed'
2026-09-26T09:50:15+10:00  order     SEND limit sell XAUUSD.a 0.01 lots @4298.19 sl=4390.17 tp=4114.24 signal=XAUUSD.a:4h:pattern_break:sell:1790326800000 account=23011660
2026-09-26T09:50:15+10:00  order     RESULT ok=False retcode=10018 ticket=0 price=0.0 comment='Market closed'
2026-09-26T09:50:47+10:00  order     SEND limit sell XAUUSD.a 0.01 lots @4298.19 sl=4390.17 tp=4114.24 signal=XAUUSD.a:4h:pattern_break:sell:1790326800000 account=23011660
2026-09-26T09:50:47+10:00  order     RESULT ok=False retcode=10018 ticket=0 price=0.0 comment='Market closed'
2026-09-26T09:51:19+10:00  order     SEND limit sell XAUUSD.a 0.01 lots @4298.19 sl=4390.17 tp=4114.24 signal=XAUUSD.a:4h:pattern_break:sell:1790326800000 account=23011660
2026-09-26T09:51:19+10:00  order     RESULT ok=False retcode=10018 ticket=0 price=0.0 comment='Market closed'
2026-09-26T09:51:49+10:00  order     SEND limit sell XAUUSD.a 0.01 lots @4298.19 sl=4390.17 tp=4114.24 signal=XAUUSD.a:4h:pattern_break:sell:1790326800000 account=23011660
2026-09-26T09:51:49+10:00  order     RESULT ok=False retcode=10018 ticket=0 price=0.0 comment='Market closed'
2026-09-26T09:52:19+10:00  order     SEND limit sell XAUUSD.a 0.01 lots @4298.19 sl=4390.17 tp=4114.24 signal=XAUUSD.a:4h:pattern_break:sell:1790326800000 account=23011660
2026-09-26T09:52:19+10:00  order     RESULT ok=False retcode=10018 ticket=0 price=0.0 comment='Market closed'
2026-09-26T09:52:49+10:00  order     SEND limit sell XAUUSD.a 0.01 lots @4298.19 sl=4390.17 tp=4114.24 signal=XAUUSD.a:4h:pattern_break:sell:1790326800000 account=23011660
2026-09-26T09:52:49+10:00  order     RESULT ok=False retcode=10018 ticket=0 price=0.0 comment='Market closed'
2026-09-26T09:53:21+10:00  order     SEND limit sell XAUUSD.a 0.01 lots @4298.19 sl=4390.17 tp=4114.24 signal=XAUUSD.a:4h:pattern_break:sell:1790326800000 account=23011660
2026-09-26T09:53:21+10:00  order     RESULT ok=False retcode=10018 ticket=0 price=0.0 comment='Market closed'
2026-09-26T09:53:51+10:00  order     SEND limit sell XAUUSD.a 0.01 lots @4298.19 sl=4390.17 tp=4114.24 signal=XAUUSD.a:4h:pattern_break:sell:1790326800000 account=23011660
2026-09-26T09:53:51+10:00  order     RESULT ok=False retcode=10018 ticket=0 price=0.0 comment='Market closed'
2026-09-26T09:54:23+10:00  order     SEND limit sell XAUUSD.a 0.01 lots @4298.19 sl=4390.17 tp=4114.24 signal=XAUUSD.a:4h:pattern_break:sell:1790326800000 account=23011660
2026-09-26T09:54:23+10:00  order     RESULT ok=False retcode=10018 ticket=0 price=0.0 comment='Market closed'
2026-09-26T09:54:53+10:00  order     SEND limit sell XAUUSD.a 0.01 lots @4298.19 sl=4390.17 tp=4114.24 signal=XAUUSD.a:4h:pattern_break:sell:1790326800000 account=23011660
2026-09-26T09:54:53+10:00  order     RESULT ok=False retcode=10018 ticket=0 price=0.0 comment='Market closed'
2026-09-26T09:55:23+10:00  order     SEND limit sell XAUUSD.a 0.01 lots @4298.19 sl=4390.17 tp=4114.24 signal=XAUUSD.a:4h:pattern_break:sell:1790326800000 account=23011660
2026-09-26T09:55:23+10:00  order     RESULT ok=False retcode=10018 ticket=0 price=0.0 comment='Market closed'
2026-09-26T09:55:53+10:00  order     SEND limit sell XAUUSD.a 0.01 lots @4298.19 sl=4390.17 tp=4114.24 signal=XAUUSD.a:4h:pattern_break:sell:1790326800000 account=23011660
2026-09-26T09:55:53+10:00  order     RESULT ok=False retcode=10018 ticket=0 price=0.0 comment='Market closed'
2026-09-26T09:56:24+10:00  order     SEND limit sell XAUUSD.a 0.01 lots @4298.19 sl=4390.17 tp=4114.24 signal=XAUUSD.a:4h:pattern_break:sell:1790326800000 account=23011660
2026-09-26T09:56:24+10:00  order     RESULT ok=False retcode=10018 ticket=0 price=0.0 comment='Market closed'
2026-09-26T09:56:54+10:00  order     SEND limit sell XAUUSD.a 0.01 lots @4298.19 sl=4390.17 tp=4114.24 signal=XAUUSD.a:4h:pattern_break:sell:1790326800000 account=23011660
2026-09-26T09:56:54+10:00  order     RESULT ok=False retcode=10018 ticket=0 price=0.0 comment='Market closed'
2026-09-26T09:57:24+10:00  order     SEND limit sell XAUUSD.a 0.01 lots @4298.19 sl=4390.17 tp=4114.24 signal=XAUUSD.a:4h:pattern_break:sell:1790326800000 account=23011660
2026-09-26T09:57:25+10:00  order     RESULT ok=False retcode=10018 ticket=0 price=0.0 comment='Market closed'
2026-09-26T09:57:55+10:00  order     SEND limit sell XAUUSD.a 0.01 lots @4298.19 sl=4390.17 tp=4114.24 signal=XAUUSD.a:4h:pattern_break:sell:1790326800000 account=23011660
2026-09-26T09:57:55+10:00  order     RESULT ok=False retcode=10018 ticket=0 price=0.0 comment='Market closed'
2026-09-26T09:58:25+10:00  order     SEND limit sell XAUUSD.a 0.01 lots @4298.19 sl=4390.17 tp=4114.24 signal=XAUUSD.a:4h:pattern_break:sell:1790326800000 account=23011660
2026-09-26T09:58:25+10:00  order     RESULT ok=False retcode=10018 ticket=0 price=0.0 comment='Market closed'
2026-09-26T09:58:56+10:00  order     SEND limit sell XAUUSD.a 0.01 lots @4298.19 sl=4390.17 tp=4114.24 signal=XAUUSD.a:4h:pattern_break:sell:1790326800000 account=23011660
2026-09-26T09:58:56+10:00  order     RESULT ok=False retcode=10018 ticket=0 price=0.0 comment='Market closed'
2026-09-26T09:59:26+10:00  order     SEND limit sell XAUUSD.a 0.01 lots @4298.19 sl=4390.17 tp=4114.24 signal=XAUUSD.a:4h:pattern_break:sell:1790326800000 account=23011660
2026-09-26T09:59:26+10:00  order     RESULT ok=False retcode=10018 ticket=0 price=0.0 comment='Market closed'
2026-09-26T09:59:58+10:00  order     SEND limit sell XAUUSD.a 0.01 lots @4298.19 sl=4390.17 tp=4114.24 signal=XAUUSD.a:4h:pattern_break:sell:1790326800000 account=23011660
2026-09-26T09:59:58+10:00  order     RESULT ok=False retcode=10018 ticket=0 price=0.0 comment='Market closed'
2026-09-26T10:00:30+10:00  order     SEND limit sell XAUUSD.a 0.01 lots @4298.19 sl=4390.17 tp=4114.24 signal=XAUUSD.a:4h:pattern_break:sell:1790326800000 account=23011660
2026-09-26T10:00:30+10:00  order     RESULT ok=False retcode=10018 ticket=0 price=0.0 comment='Market closed'
2026-09-26T10:01:01+10:00  order     SEND limit sell XAUUSD.a 0.01 lots @4298.19 sl=4390.17 tp=4114.24 signal=XAUUSD.a:4h:pattern_break:sell:1790326800000 account=23011660
2026-09-26T10:01:01+10:00  order     RESULT ok=False retcode=10018 ticket=0 price=0.0 comment='Market closed'
2026-09-26T10:01:32+10:00  order     SEND limit sell XAUUSD.a 0.01 lots @4298.19 sl=4390.17 tp=4114.24 signal=XAUUSD.a:4h:pattern_break:sell:1790326800000 account=23011660
2026-09-26T10:01:32+10:00  order     RESULT ok=False retcode=10018 ticket=0 price=0.0 comment='Market closed'
2026-09-26T10:01:59+10:00  download  start symbols=XAUUSD.a tfs=1m,3m,5m,15m,30m,1h,2h,4h,1d,1w years=20 days=0
2026-09-26T10:02:00+10:00  download  finished rows=0 phase=done error=None reindex=reindex failed (ImportError: cannot import name 'reindex_runs' from 'tools' (C:\workspace-ml-ausloans\Forex\DiaNurFxScalpingWorkstation\tools\__init__.py)) -- run tools/reindex_runs.py
2026-09-26T10:02:03+10:00  order     SEND limit sell XAUUSD.a 0.01 lots @4298.19 sl=4390.17 tp=4114.24 signal=XAUUSD.a:4h:pattern_break:sell:1790326800000 account=23011660
2026-09-26T10:02:03+10:00  order     RESULT ok=False retcode=10018 ticket=0 price=0.0 comment='Market closed'
2026-09-26T10:02:35+10:00  order     SEND limit sell XAUUSD.a 0.01 lots @4298.19 sl=4390.17 tp=4114.24 signal=XAUUSD.a:4h:pattern_break:sell:1790326800000 account=23011660
2026-09-26T10:02:36+10:00  order     RESULT ok=False retcode=10018 ticket=0 price=0.0 comment='Market closed'
2026-09-26T10:03:06+10:00  order     SEND limit sell XAUUSD.a 0.01 lots @4298.19 sl=4390.17 tp=4114.24 signal=XAUUSD.a:4h:pattern_break:sell:1790326800000 account=23011660
2026-09-26T10:03:06+10:00  order     RESULT ok=False retcode=10018 ticket=0 price=0.0 comment='Market closed'
2026-09-26T10:03:37+10:00  order     SEND limit sell XAUUSD.a 0.01 lots @4298.19 sl=4390.17 tp=4114.24 signal=XAUUSD.a:4h:pattern_break:sell:1790326800000 account=23011660
2026-09-26T10:03:37+10:00  order     RESULT ok=False retcode=10018 ticket=0 price=0.0 comment='Market closed'
2026-09-26T10:04:08+10:00  order     SEND limit sell XAUUSD.a 0.01 lots @4298.19 sl=4390.17 tp=4114.24 signal=XAUUSD.a:4h:pattern_break:sell:1790326800000 account=23011660
2026-09-26T10:04:08+10:00  order     RESULT ok=False retcode=10018 ticket=0 price=0.0 comment='Market closed'
2026-09-26T10:04:39+10:00  order     SEND limit sell XAUUSD.a 0.01 lots @4298.19 sl=4390.17 tp=4114.24 signal=XAUUSD.a:4h:pattern_break:sell:1790326800000 account=23011660
2026-09-26T10:04:39+10:00  order     RESULT ok=False retcode=10018 ticket=0 price=0.0 comment='Market closed'
2026-09-26T10:05:09+10:00  order     SEND limit sell XAUUSD.a 0.01 lots @4298.19 sl=4390.17 tp=4114.24 signal=XAUUSD.a:4h:pattern_break:sell:1790326800000 account=23011660
2026-09-26T10:05:09+10:00  order     RESULT ok=False retcode=10018 ticket=0 price=0.0 comment='Market closed'
2026-09-26T10:05:39+10:00  order     SEND limit sell XAUUSD.a 0.01 lots @4298.19 sl=4390.17 tp=4114.24 signal=XAUUSD.a:4h:pattern_break:sell:1790326800000 account=23011660
2026-09-26T10:05:39+10:00  order     RESULT ok=False retcode=10018 ticket=0 price=0.0 comment='Market closed'
2026-09-26T10:06:10+10:00  order     SEND limit sell XAUUSD.a 0.01 lots @4298.19 sl=4390.17 tp=4114.24 signal=XAUUSD.a:4h:pattern_break:sell:1790326800000 account=23011660
2026-09-26T10:06:10+10:00  order     RESULT ok=False retcode=10018 ticket=0 price=0.0 comment='Market closed'
2026-09-26T10:06:40+10:00  order     SEND limit sell XAUUSD.a 0.01 lots @4298.19 sl=4390.17 tp=4114.24 signal=XAUUSD.a:4h:pattern_break:sell:1790326800000 account=23011660
2026-09-26T10:06:41+10:00  order     RESULT ok=False retcode=10018 ticket=0 price=0.0 comment='Market closed'
2026-09-26T10:07:11+10:00  order     SEND limit sell XAUUSD.a 0.01 lots @4298.19 sl=4390.17 tp=4114.24 signal=XAUUSD.a:4h:pattern_break:sell:1790326800000 account=23011660
2026-09-26T10:07:12+10:00  order     RESULT ok=False retcode=10018 ticket=0 price=0.0 comment='Market closed'
2026-09-26T10:07:42+10:00  order     SEND limit sell XAUUSD.a 0.01 lots @4298.19 sl=4390.17 tp=4114.24 signal=XAUUSD.a:4h:pattern_break:sell:1790326800000 account=23011660
2026-09-26T10:07:43+10:00  order     RESULT ok=False retcode=10018 ticket=0 price=0.0 comment='Market closed'
2026-09-26T10:08:14+10:00  order     SEND limit sell XAUUSD.a 0.01 lots @4298.19 sl=4390.17 tp=4114.24 signal=XAUUSD.a:4h:pattern_break:sell:1790326800000 account=23011660
2026-09-26T10:08:14+10:00  order     RESULT ok=False retcode=10018 ticket=0 price=0.0 comment='Market closed'
2026-09-26T10:08:44+10:00  order     SEND limit sell XAUUSD.a 0.01 lots @4298.19 sl=4390.17 tp=4114.24 signal=XAUUSD.a:4h:pattern_break:sell:1790326800000 account=23011660
2026-09-26T10:08:45+10:00  order     RESULT ok=False retcode=10018 ticket=0 price=0.0 comment='Market closed'
2026-09-26T10:09:15+10:00  order     SEND limit sell XAUUSD.a 0.01 lots @4298.19 sl=4390.17 tp=4114.24 signal=XAUUSD.a:4h:pattern_break:sell:1790326800000 account=23011660
2026-09-26T10:09:15+10:00  order     RESULT ok=False retcode=10018 ticket=0 price=0.0 comment='Market closed'
2026-09-26T10:09:46+10:00  order     SEND limit sell XAUUSD.a 0.01 lots @4298.19 sl=4390.17 tp=4114.24 signal=XAUUSD.a:4h:pattern_break:sell:1790326800000 account=23011660
2026-09-26T10:09:46+10:00  order     RESULT ok=False retcode=10018 ticket=0 price=0.0 comment='Market closed'
2026-09-26T10:10:16+10:00  order     SEND limit sell XAUUSD.a 0.01 lots @4298.19 sl=4390.17 tp=4114.24 signal=XAUUSD.a:4h:pattern_break:sell:1790326800000 account=23011660
2026-09-26T10:10:16+10:00  order     RESULT ok=False retcode=10018 ticket=0 price=0.0 comment='Market closed'
2026-09-26T10:10:47+10:00  order     SEND limit sell XAUUSD.a 0.01 lots @4298.19 sl=4390.17 tp=4114.24 signal=XAUUSD.a:4h:pattern_break:sell:1790326800000 account=23011660
2026-09-26T10:10:47+10:00  order     RESULT ok=False retcode=10018 ticket=0 price=0.0 comment='Market closed'
2026-09-26T10:11:18+10:00  order     SEND limit sell XAUUSD.a 0.01 lots @4298.19 sl=4390.17 tp=4114.24 signal=XAUUSD.a:4h:pattern_break:sell:1790326800000 account=23011660
2026-09-26T10:11:18+10:00  order     RESULT ok=False retcode=10018 ticket=0 price=0.0 comment='Market closed'
2026-09-26T10:11:49+10:00  order     SEND limit sell XAUUSD.a 0.01 lots @4298.19 sl=4390.17 tp=4114.24 signal=XAUUSD.a:4h:pattern_break:sell:1790326800000 account=23011660
2026-09-26T10:11:49+10:00  order     RESULT ok=False retcode=10018 ticket=0 price=0.0 comment='Market closed'
2026-09-26T10:12:20+10:00  order     SEND limit sell XAUUSD.a 0.01 lots @4298.19 sl=4390.17 tp=4114.24 signal=XAUUSD.a:4h:pattern_break:sell:1790326800000 account=23011660
2026-09-26T10:12:21+10:00  order     RESULT ok=False retcode=10018 ticket=0 price=0.0 comment='Market closed'
2026-09-26T10:12:52+10:00  order     SEND limit sell XAUUSD.a 0.01 lots @4298.19 sl=4390.17 tp=4114.24 signal=XAUUSD.a:4h:pattern_break:sell:1790326800000 account=23011660
2026-09-26T10:12:52+10:00  order     RESULT ok=False retcode=10018 ticket=0 price=0.0 comment='Market closed'
2026-09-26T10:13:24+10:00  order     SEND limit sell XAUUSD.a 0.01 lots @4298.19 sl=4390.17 tp=4114.24 signal=XAUUSD.a:4h:pattern_break:sell:1790326800000 account=23011660
2026-09-26T10:13:24+10:00  order     RESULT ok=False retcode=10018 ticket=0 price=0.0 comment='Market closed'
2026-09-26T10:13:55+10:00  order     SEND limit sell XAUUSD.a 0.01 lots @4298.19 sl=4390.17 tp=4114.24 signal=XAUUSD.a:4h:pattern_break:sell:1790326800000 account=23011660
2026-09-26T10:13:55+10:00  order     RESULT ok=False retcode=10018 ticket=0 price=0.0 comment='Market closed'
2026-09-26T10:14:26+10:00  order     SEND limit sell XAUUSD.a 0.01 lots @4298.19 sl=4390.17 tp=4114.24 signal=XAUUSD.a:4h:pattern_break:sell:1790326800000 account=23011660
2026-09-26T10:14:27+10:00  order     RESULT ok=False retcode=10018 ticket=0 price=0.0 comment='Market closed'
2026-09-26T10:14:58+10:00  order     SEND limit sell XAUUSD.a 0.01 lots @4298.19 sl=4390.17 tp=4114.24 signal=XAUUSD.a:4h:pattern_break:sell:1790326800000 account=23011660
2026-09-26T10:14:58+10:00  order     RESULT ok=False retcode=10018 ticket=0 price=0.0 comment='Market closed'
2026-09-26T10:15:29+10:00  order     SEND limit sell XAUUSD.a 0.01 lots @4298.19 sl=4390.17 tp=4114.24 signal=XAUUSD.a:4h:pattern_break:sell:1790326800000 account=23011660
2026-09-26T10:15:30+10:00  order     RESULT ok=False retcode=10018 ticket=0 price=0.0 comment='Market closed'
2026-09-26T10:19:13+10:00  download  start symbols=XAUUSD.a tfs=1m,3m,5m,15m,30m,1h,2h,4h,1d,1w years=20 days=0
2026-09-26T10:19:14+10:00  download  finished rows=0 phase=done error=None reindex=reindex failed (ImportError: cannot import name 'reindex_runs' from 'tools' (C:\workspace-ml-ausloans\Forex\DiaNurFxScalpingWorkstation\tools\__init__.py)) -- run tools/reindex_runs.py
2026-09-26T10:24:52+10:00  download  start symbols=XAUUSD.a tfs=1m,3m,5m,15m,30m,1h,2h,4h,1d,1w years=20 days=0
2026-09-26T10:24:54+10:00  download  finished rows=0 phase=done error=None reindex=reindex failed (ImportError: cannot import name 'reindex_runs' from 'tools' (C:\workspace-ml-ausloans\Forex\DiaNurFxScalpingWorkstation\tools\__init__.py)) -- run tools/reindex_runs.py
2026-09-26T10:34:33+10:00  error     /account RuntimeError: no account
2026-09-26T10:35:09+10:00  clock     server offset +10800000 ms (UTC+3.00h) confidence=measured from 5 tick(s)
2026-09-26T10:35:09+10:00  start     bridge on 127.0.0.1:8765 mock=False connected=True server=ICMarketsAU-Demo
2026-09-26T10:35:10+10:00  start     EXECUTION ARMED demo_only=True max_lots=0.05
2026-09-26T10:35:16+10:00  order     SEND stop sell XAUUSD.a 0.01 lots @4285.27 sl=4297.81 tp=4260.19 signal=XAUUSD.a:5m:pattern_break:sell:1790379900000 account=23011660
2026-09-26T10:35:17+10:00  order     RESULT ok=False retcode=10018 ticket=0 price=0.0 comment='Market closed'
2026-09-26T10:35:25+10:00  order     SEND limit sell XAUUSD.a 0.01 lots @4298.19 sl=4390.17 tp=4114.24 signal=XAUUSD.a:4h:pattern_break:sell:1790326800000 account=23011660
2026-09-26T10:35:25+10:00  order     RESULT ok=False retcode=10018 ticket=0 price=0.0 comment='Market closed'
2026-09-26T10:35:35+10:00  error     /account RuntimeError: no account
2026-09-26T10:35:52+10:00  clock     server offset +10800000 ms (UTC+3.00h) confidence=measured from 5 tick(s)
2026-09-26T10:35:52+10:00  start     bridge on 127.0.0.1:8765 mock=False connected=True server=Pepperstone-MT5-Live01
2026-09-26T10:35:52+10:00  start     EXECUTION ARMED demo_only=True max_lots=0.05
2026-09-26T10:40:10+10:00  clock     server offset +10800000 ms (UTC+3.00h) confidence=measured from 5 tick(s)
2026-09-26T10:40:10+10:00  start     bridge on 127.0.0.1:8765 mock=False connected=True server=Pepperstone-MT5-Live01
2026-09-26T10:40:10+10:00  start     EXECUTION ARMED demo_only=True max_lots=0.05
2026-09-26T11:25:38+10:00  download  start symbols=USDJPY.a tfs=1m,3m,5m,15m,30m,1h,2h,4h,1d,1w years=10 days=0
2026-09-26T11:27:17+10:00  download  finished rows=1979272 phase=cancelled error=None reindex=reindex failed (ImportError: cannot import name 'reindex_runs' from 'tools' (C:\workspace-ml-ausloans\Forex\DiaNurFxScalpingWorkstation\tools\__init__.py)) -- run tools/reindex_runs.py
2026-09-26T11:27:17+10:00  error     /positions ConnectionAbortedError: [WinError 10053] An established connection was aborted by the software in your host machine
2026-09-26T11:27:17+10:00  error     /health ConnectionAbortedError: [WinError 10053] An established connection was aborted by the software in your host machine
2026-09-26T11:27:17+10:00  error     /account ConnectionAbortedError: [WinError 10053] An established connection was aborted by the software in your host machine
2026-09-26T11:27:17+10:00  error     /positions ConnectionAbortedError: [WinError 10053] An established connection was aborted by the software in your host machine
2026-09-26T11:27:17+10:00  error     /orders ConnectionAbortedError: [WinError 10053] An established connection was aborted by the software in your host machine
2026-09-26T11:27:17+10:00  error     /bars ConnectionAbortedError: [WinError 10053] An established connection was aborted by the software in your host machine
2026-09-26T11:27:17+10:00  error     /quotes ConnectionAbortedError: [WinError 10053] An established connection was aborted by the software in your host machine
2026-09-26T11:27:17+10:00  error     /health ConnectionAbortedError: [WinError 10053] An established connection was aborted by the software in your host machine
2026-09-26T11:27:17+10:00  error     /health ConnectionAbortedError: [WinError 10053] An established connection was aborted by the software in your host machine
2026-09-26T11:27:17+10:00  error     /bars ConnectionAbortedError: [WinError 10053] An established connection was aborted by the software in your host machine
2026-09-26T11:27:17+10:00  error     /health ConnectionAbortedError: [WinError 10053] An established connection was aborted by the software in your host machine
2026-09-26T11:27:17+10:00  error     /account ConnectionAbortedError: [WinError 10053] An established connection was aborted by the software in your host machine
2026-09-26T11:27:17+10:00  error     /positions ConnectionAbortedError: [WinError 10053] An established connection was aborted by the software in your host machine
2026-09-26T11:27:17+10:00  error     /bars ConnectionAbortedError: [WinError 10053] An established connection was aborted by the software in your host machine
2026-09-26T11:27:17+10:00  error     /health ConnectionAbortedError: [WinError 10053] An established connection was aborted by the software in your host machine
2026-09-26T11:27:17+10:00  error     /health ConnectionAbortedError: [WinError 10053] An established connection was aborted by the software in your host machine
2026-09-26T11:27:17+10:00  error     /health ConnectionAbortedError: [WinError 10053] An established connection was aborted by the software in your host machine
2026-09-26T11:27:17+10:00  error     /health ConnectionAbortedError: [WinError 10053] An established connection was aborted by the software in your host machine
2026-09-26T11:27:17+10:00  error     /health ConnectionAbortedError: [WinError 10053] An established connection was aborted by the software in your host machine
2026-09-26T11:27:17+10:00  error     /quotes ConnectionAbortedError: [WinError 10053] An established connection was aborted by the software in your host machine
2026-09-26T11:27:17+10:00  error     /quotes ConnectionAbortedError: [WinError 10053] An established connection was aborted by the software in your host machine
2026-09-26T11:27:17+10:00  error     /health ConnectionAbortedError: [WinError 10053] An established connection was aborted by the software in your host machine
2026-09-26T11:27:17+10:00  error     /quotes ConnectionAbortedError: [WinError 10053] An established connection was aborted by the software in your host machine
2026-09-26T11:27:17+10:00  error     /health ConnectionAbortedError: [WinError 10053] An established connection was aborted by the software in your host machine
2026-09-26T11:27:17+10:00  error     /account ConnectionAbortedError: [WinError 10053] An established connection was aborted by the software in your host machine
2026-09-26T11:27:17+10:00  error     /health ConnectionAbortedError: [WinError 10053] An established connection was aborted by the software in your host machine
2026-09-26T11:27:17+10:00  error     /quotes ConnectionAbortedError: [WinError 10053] An established connection was aborted by the software in your host machine
2026-09-26T11:27:17+10:00  error     /deals ConnectionAbortedError: [WinError 10053] An established connection was aborted by the software in your host machine
2026-09-26T11:27:17+10:00  error     /health ConnectionAbortedError: [WinError 10053] An established connection was aborted by the software in your host machine
2026-09-26T11:27:17+10:00  error     /health ConnectionAbortedError: [WinError 10053] An established connection was aborted by the software in your host machine
2026-09-26T11:27:17+10:00  error     /bars ConnectionAbortedError: [WinError 10053] An established connection was aborted by the software in your host machine
2026-09-26T11:27:17+10:00  error     /health ConnectionAbortedError: [WinError 10053] An established connection was aborted by the software in your host machine
2026-09-26T11:27:17+10:00  error     /orders ConnectionAbortedError: [WinError 10053] An established connection was aborted by the software in your host machine
2026-09-26T11:27:17+10:00  error     /positions ConnectionAbortedError: [WinError 10053] An established connection was aborted by the software in your host machine
2026-09-26T11:27:17+10:00  error     /health ConnectionAbortedError: [WinError 10053] An established connection was aborted by the software in your host machine
2026-09-26T11:27:17+10:00  error     /health ConnectionAbortedError: [WinError 10053] An established connection was aborted by the software in your host machine
2026-09-26T11:27:17+10:00  error     /health ConnectionAbortedError: [WinError 10053] An established connection was aborted by the software in your host machine
2026-09-26T11:27:17+10:00  error     /health ConnectionAbortedError: [WinError 10053] An established connection was aborted by the software in your host machine
2026-09-26T11:27:17+10:00  error     /positions ConnectionAbortedError: [WinError 10053] An established connection was aborted by the software in your host machine
2026-09-26T11:27:17+10:00  error     /health ConnectionAbortedError: [WinError 10053] An established connection was aborted by the software in your host machine
2026-09-26T11:27:17+10:00  error     /health ConnectionAbortedError: [WinError 10053] An established connection was aborted by the software in your host machine
2026-09-26T11:27:17+10:00  error     /quotes ConnectionAbortedError: [WinError 10053] An established connection was aborted by the software in your host machine
2026-09-26T11:27:17+10:00  error     /quotes ConnectionAbortedError: [WinError 10053] An established connection was aborted by the software in your host machine
2026-09-26T11:27:17+10:00  error     /health ConnectionAbortedError: [WinError 10053] An established connection was aborted by the software in your host machine
2026-09-26T11:27:17+10:00  error     /health ConnectionAbortedError: [WinError 10053] An established connection was aborted by the software in your host machine
2026-09-26T11:27:17+10:00  error     /bars ConnectionAbortedError: [WinError 10053] An established connection was aborted by the software in your host machine
2026-09-26T11:27:17+10:00  error     /quotes ConnectionAbortedError: [WinError 10053] An established connection was aborted by the software in your host machine
2026-09-26T11:27:17+10:00  error     /health ConnectionAbortedError: [WinError 10053] An established connection was aborted by the software in your host machine
2026-09-26T11:27:17+10:00  error     /health ConnectionAbortedError: [WinError 10053] An established connection was aborted by the software in your host machine
2026-09-26T11:27:17+10:00  error     /bars ConnectionAbortedError: [WinError 10053] An established connection was aborted by the software in your host machine
2026-09-26T11:27:17+10:00  error     /health ConnectionAbortedError: [WinError 10053] An established connection was aborted by the software in your host machine
2026-09-26T11:27:17+10:00  error     /bars ConnectionAbortedError: [WinError 10053] An established connection was aborted by the software in your host machine
2026-09-26T11:27:17+10:00  error     /health ConnectionAbortedError: [WinError 10053] An established connection was aborted by the software in your host machine
2026-09-26T11:27:17+10:00  error     /bars ConnectionAbortedError: [WinError 10053] An established connection was aborted by the software in your host machine
2026-09-26T11:27:17+10:00  error     /health ConnectionAbortedError: [WinError 10053] An established connection was aborted by the software in your host machine
2026-09-26T11:27:17+10:00  error     /health ConnectionAbortedError: [WinError 10053] An established connection was aborted by the software in your host machine
2026-09-26T11:27:17+10:00  error     /health ConnectionAbortedError: [WinError 10053] An established connection was aborted by the software in your host machine
2026-09-26T11:27:17+10:00  error     /quotes ConnectionAbortedError: [WinError 10053] An established connection was aborted by the software in your host machine
2026-09-26T11:27:17+10:00  error     /quotes ConnectionAbortedError: [WinError 10053] An established connection was aborted by the software in your host machine
2026-09-26T11:27:17+10:00  error     /bars ConnectionAbortedError: [WinError 10053] An established connection was aborted by the software in your host machine
2026-09-26T11:27:17+10:00  error     /quotes ConnectionAbortedError: [WinError 10053] An established connection was aborted by the software in your host machine
2026-09-26T11:27:17+10:00  error     /quotes ConnectionAbortedError: [WinError 10053] An established connection was aborted by the software in your host machine
2026-09-26T11:27:17+10:00  error     /health ConnectionAbortedError: [WinError 10053] An established connection was aborted by the software in your host machine
2026-09-26T11:27:17+10:00  error     /health ConnectionAbortedError: [WinError 10053] An established connection was aborted by the software in your host machine
2026-09-26T11:27:17+10:00  error     /health ConnectionAbortedError: [WinError 10053] An established connection was aborted by the software in your host machine
2026-09-26T11:27:17+10:00  error     /health ConnectionAbortedError: [WinError 10053] An established connection was aborted by the software in your host machine
2026-09-26T11:27:17+10:00  error     /health ConnectionAbortedError: [WinError 10053] An established connection was aborted by the software in your host machine
2026-09-26T11:27:17+10:00  error     /positions ConnectionAbortedError: [WinError 10053] An established connection was aborted by the software in your host machine
2026-09-26T11:27:17+10:00  error     /bars ConnectionAbortedError: [WinError 10053] An established connection was aborted by the software in your host machine
2026-09-26T11:27:17+10:00  error     /bars ConnectionAbortedError: [WinError 10053] An established connection was aborted by the software in your host machine
2026-09-26T11:27:17+10:00  error     /bars ConnectionAbortedError: [WinError 10053] An established connection was aborted by the software in your host machine
2026-09-26T11:27:17+10:00  error     /health ConnectionAbortedError: [WinError 10053] An established connection was aborted by the software in your host machine
2026-09-26T11:27:17+10:00  error     /health ConnectionAbortedError: [WinError 10053] An established connection was aborted by the software in your host machine
2026-09-26T11:27:20+10:00  error     /quotes ConnectionAbortedError: [WinError 10053] An established connection was aborted by the software in your host machine
2026-09-26T11:27:17+10:00  error     /quotes ConnectionAbortedError: [WinError 10053] An established connection was aborted by the software in your host machine
2026-09-26T11:27:17+10:00  error     /bars ConnectionAbortedError: [WinError 10053] An established connection was aborted by the software in your host machine
2026-09-26T11:27:20+10:00  error     /quotes ConnectionAbortedError: [WinError 10053] An established connection was aborted by the software in your host machine
2026-09-26T11:27:18+10:00  error     /account ConnectionAbortedError: [WinError 10053] An established connection was aborted by the software in your host machine
2026-09-26T11:27:18+10:00  error     /health ConnectionAbortedError: [WinError 10053] An established connection was aborted by the software in your host machine
2026-09-26T11:27:20+10:00  error     /spec ConnectionAbortedError: [WinError 10053] An established connection was aborted by the software in your host machine
2026-09-26T11:27:18+10:00  error     /quotes ConnectionAbortedError: [WinError 10053] An established connection was aborted by the software in your host machine
2026-09-26T11:27:18+10:00  error     /health ConnectionAbortedError: [WinError 10053] An established connection was aborted by the software in your host machine
2026-09-26T11:27:18+10:00  error     /health ConnectionAbortedError: [WinError 10053] An established connection was aborted by the software in your host machine
2026-09-26T11:27:18+10:00  error     /quotes ConnectionAbortedError: [WinError 10053] An established connection was aborted by the software in your host machine
2026-09-26T11:27:18+10:00  error     /bars ConnectionAbortedError: [WinError 10053] An established connection was aborted by the software in your host machine
2026-09-26T11:27:18+10:00  error     /health ConnectionAbortedError: [WinError 10053] An established connection was aborted by the software in your host machine
2026-09-26T11:27:18+10:00  error     /account ConnectionAbortedError: [WinError 10053] An established connection was aborted by the software in your host machine
2026-09-26T11:27:18+10:00  error     /health ConnectionAbortedError: [WinError 10053] An established connection was aborted by the software in your host machine
2026-09-26T11:27:18+10:00  error     /health ConnectionAbortedError: [WinError 10053] An established connection was aborted by the software in your host machine
2026-09-26T11:27:18+10:00  error     /bars ConnectionAbortedError: [WinError 10053] An established connection was aborted by the software in your host machine
2026-09-26T11:27:18+10:00  error     /orders ConnectionAbortedError: [WinError 10053] An established connection was aborted by the software in your host machine
2026-09-26T11:27:18+10:00  error     /bars ConnectionAbortedError: [WinError 10053] An established connection was aborted by the software in your host machine
2026-09-26T11:27:18+10:00  error     /health ConnectionAbortedError: [WinError 10053] An established connection was aborted by the software in your host machine
2026-09-26T11:27:18+10:00  error     /health ConnectionAbortedError: [WinError 10053] An established connection was aborted by the software in your host machine
2026-09-26T11:27:18+10:00  error     /health ConnectionAbortedError: [WinError 10053] An established connection was aborted by the software in your host machine
2026-09-26T11:27:18+10:00  error     /bars ConnectionAbortedError: [WinError 10053] An established connection was aborted by the software in your host machine
2026-09-26T11:27:18+10:00  error     /health ConnectionAbortedError: [WinError 10053] An established connection was aborted by the software in your host machine
2026-09-26T11:27:18+10:00  error     /bars ConnectionAbortedError: [WinError 10053] An established connection was aborted by the software in your host machine
2026-09-26T11:27:18+10:00  error     /health ConnectionAbortedError: [WinError 10053] An established connection was aborted by the software in your host machine
2026-09-26T11:27:18+10:00  error     /positions ConnectionAbortedError: [WinError 10053] An established connection was aborted by the software in your host machine
2026-09-26T11:27:18+10:00  error     /health ConnectionAbortedError: [WinError 10053] An established connection was aborted by the software in your host machine
2026-09-26T11:27:18+10:00  error     /health ConnectionAbortedError: [WinError 10053] An established connection was aborted by the software in your host machine
2026-09-26T11:27:18+10:00  error     /health ConnectionAbortedError: [WinError 10053] An established connection was aborted by the software in your host machine
2026-09-26T11:27:18+10:00  error     /bars ConnectionAbortedError: [WinError 10053] An established connection was aborted by the software in your host machine
2026-09-26T11:27:18+10:00  error     /bars ConnectionAbortedError: [WinError 10053] An established connection was aborted by the software in your host machine
2026-09-26T11:27:18+10:00  error     /quotes ConnectionAbortedError: [WinError 10053] An established connection was aborted by the software in your host machine
2026-09-26T11:27:18+10:00  error     /bars ConnectionAbortedError: [WinError 10053] An established connection was aborted by the software in your host machine
2026-09-26T11:27:18+10:00  error     /health ConnectionAbortedError: [WinError 10053] An established connection was aborted by the software in your host machine
2026-09-26T11:27:18+10:00  error     /quotes ConnectionAbortedError: [WinError 10053] An established connection was aborted by the software in your host machine
2026-09-26T11:27:18+10:00  error     /health ConnectionAbortedError: [WinError 10053] An established connection was aborted by the software in your host machine
2026-09-26T11:27:18+10:00  error     /health ConnectionAbortedError: [WinError 10053] An established connection was aborted by the software in your host machine
2026-09-26T11:27:18+10:00  error     /quotes ConnectionAbortedError: [WinError 10053] An established connection was aborted by the software in your host machine
2026-09-26T11:27:18+10:00  error     /quotes ConnectionAbortedError: [WinError 10053] An established connection was aborted by the software in your host machine
2026-09-26T11:27:18+10:00  error     /health ConnectionAbortedError: [WinError 10053] An established connection was aborted by the software in your host machine
2026-09-26T11:27:18+10:00  error     /quotes ConnectionAbortedError: [WinError 10053] An established connection was aborted by the software in your host machine
2026-09-26T11:27:18+10:00  error     /health ConnectionAbortedError: [WinError 10053] An established connection was aborted by the software in your host machine
2026-09-26T11:27:18+10:00  error     /quotes ConnectionAbortedError: [WinError 10053] An established connection was aborted by the software in your host machine
2026-09-26T11:27:18+10:00  error     /health ConnectionAbortedError: [WinError 10053] An established connection was aborted by the software in your host machine
2026-09-26T11:27:18+10:00  error     /bars ConnectionAbortedError: [WinError 10053] An established connection was aborted by the software in your host machine
2026-09-26T11:27:18+10:00  error     /bars ConnectionAbortedError: [WinError 10053] An established connection was aborted by the software in your host machine
2026-09-26T11:27:18+10:00  error     /quotes ConnectionAbortedError: [WinError 10053] An established connection was aborted by the software in your host machine
2026-09-26T11:27:18+10:00  error     /positions ConnectionAbortedError: [WinError 10053] An established connection was aborted by the software in your host machine
2026-09-26T11:27:18+10:00  error     /health ConnectionAbortedError: [WinError 10053] An established connection was aborted by the software in your host machine
2026-09-26T11:27:18+10:00  error     /health ConnectionAbortedError: [WinError 10053] An established connection was aborted by the software in your host machine
2026-09-26T11:27:18+10:00  error     /quotes ConnectionAbortedError: [WinError 10053] An established connection was aborted by the software in your host machine
2026-09-26T11:27:18+10:00  error     /bars ConnectionAbortedError: [WinError 10053] An established connection was aborted by the software in your host machine
2026-09-26T11:27:18+10:00  error     /quotes ConnectionAbortedError: [WinError 10053] An established connection was aborted by the software in your host machine
2026-09-26T11:27:18+10:00  error     /health ConnectionAbortedError: [WinError 10053] An established connection was aborted by the software in your host machine
2026-09-26T11:27:18+10:00  error     /bars ConnectionAbortedError: [WinError 10053] An established connection was aborted by the software in your host machine
2026-09-26T11:27:18+10:00  error     /health ConnectionAbortedError: [WinError 10053] An established connection was aborted by the software in your host machine
2026-09-26T11:27:18+10:00  error     /quotes ConnectionAbortedError: [WinError 10053] An established connection was aborted by the software in your host machine
2026-09-26T11:27:18+10:00  error     /quotes ConnectionAbortedError: [WinError 10053] An established connection was aborted by the software in your host machine
2026-09-26T11:27:18+10:00  error     /health ConnectionAbortedError: [WinError 10053] An established connection was aborted by the software in your host machine
2026-09-26T11:27:18+10:00  error     /health ConnectionAbortedError: [WinError 10053] An established connection was aborted by the software in your host machine
2026-09-26T11:27:18+10:00  error     /health ConnectionAbortedError: [WinError 10053] An established connection was aborted by the software in your host machine
2026-09-26T11:27:18+10:00  error     /health ConnectionAbortedError: [WinError 10053] An established connection was aborted by the software in your host machine
2026-09-26T11:27:18+10:00  error     /health ConnectionAbortedError: [WinError 10053] An established connection was aborted by the software in your host machine
2026-09-26T11:27:18+10:00  error     /bars ConnectionAbortedError: [WinError 10053] An established connection was aborted by the software in your host machine
2026-09-26T11:27:18+10:00  error     /bars ConnectionAbortedError: [WinError 10053] An established connection was aborted by the software in your host machine
2026-09-26T11:27:18+10:00  error     /orders ConnectionAbortedError: [WinError 10053] An established connection was aborted by the software in your host machine
2026-09-26T11:27:18+10:00  error     /account ConnectionAbortedError: [WinError 10053] An established connection was aborted by the software in your host machine
2026-09-26T11:27:18+10:00  error     /health ConnectionAbortedError: [WinError 10053] An established connection was aborted by the software in your host machine
2026-09-26T11:27:18+10:00  error     /quotes ConnectionAbortedError: [WinError 10053] An established connection was aborted by the software in your host machine
2026-09-26T11:27:18+10:00  error     /health ConnectionAbortedError: [WinError 10053] An established connection was aborted by the software in your host machine
2026-09-26T11:27:18+10:00  error     /positions ConnectionAbortedError: [WinError 10053] An established connection was aborted by the software in your host machine
2026-09-26T11:27:18+10:00  error     /orders ConnectionAbortedError: [WinError 10053] An established connection was aborted by the software in your host machine
2026-09-26T11:27:18+10:00  error     /spec ConnectionAbortedError: [WinError 10053] An established connection was aborted by the software in your host machine
2026-09-26T11:27:18+10:00  error     /health ConnectionAbortedError: [WinError 10053] An established connection was aborted by the software in your host machine
2026-09-26T11:27:18+10:00  error     /quotes ConnectionAbortedError: [WinError 10053] An established connection was aborted by the software in your host machine
2026-09-26T11:27:18+10:00  error     /health ConnectionAbortedError: [WinError 10053] An established connection was aborted by the software in your host machine
2026-09-26T11:27:18+10:00  error     /quotes ConnectionAbortedError: [WinError 10053] An established connection was aborted by the software in your host machine
2026-09-26T11:27:18+10:00  error     /health ConnectionAbortedError: [WinError 10053] An established connection was aborted by the software in your host machine
2026-09-26T11:27:18+10:00  error     /quotes ConnectionAbortedError: [WinError 10053] An established connection was aborted by the software in your host machine
2026-09-26T11:27:18+10:00  error     /bars ConnectionAbortedError: [WinError 10053] An established connection was aborted by the software in your host machine
2026-09-26T11:27:18+10:00  error     /bars ConnectionAbortedError: [WinError 10053] An established connection was aborted by the software in your host machine
2026-09-26T11:27:18+10:00  error     /quotes ConnectionAbortedError: [WinError 10053] An established connection was aborted by the software in your host machine
2026-09-26T11:27:18+10:00  error     /health ConnectionAbortedError: [WinError 10053] An established connection was aborted by the software in your host machine
2026-09-26T11:27:18+10:00  error     /health ConnectionAbortedError: [WinError 10053] An established connection was aborted by the software in your host machine
2026-09-26T11:27:18+10:00  error     /health ConnectionAbortedError: [WinError 10053] An established connection was aborted by the software in your host machine
2026-09-26T11:27:18+10:00  error     /health ConnectionAbortedError: [WinError 10053] An established connection was aborted by the software in your host machine
2026-09-26T11:27:18+10:00  error     /health ConnectionAbortedError: [WinError 10053] An established connection was aborted by the software in your host machine
2026-09-26T11:27:18+10:00  error     /bars ConnectionAbortedError: [WinError 10053] An established connection was aborted by the software in your host machine
2026-09-26T11:27:18+10:00  error     /health ConnectionAbortedError: [WinError 10053] An established connection was aborted by the software in your host machine
2026-09-26T11:27:18+10:00  error     /bars ConnectionAbortedError: [WinError 10053] An established connection was aborted by the software in your host machine
2026-09-26T11:27:18+10:00  error     /bars ConnectionAbortedError: [WinError 10053] An established connection was aborted by the software in your host machine
2026-09-26T11:27:18+10:00  error     /health ConnectionAbortedError: [WinError 10053] An established connection was aborted by the software in your host machine
2026-09-26T11:27:18+10:00  error     /health ConnectionAbortedError: [WinError 10053] An established connection was aborted by the software in your host machine
2026-09-26T11:27:18+10:00  error     /health ConnectionAbortedError: [WinError 10053] An established connection was aborted by the software in your host machine
2026-09-26T11:27:18+10:00  error     /health ConnectionAbortedError: [WinError 10053] An established connection was aborted by the software in your host machine
2026-09-26T11:27:18+10:00  error     /health ConnectionAbortedError: [WinError 10053] An established connection was aborted by the software in your host machine
2026-09-26T11:27:18+10:00  error     /bars ConnectionAbortedError: [WinError 10053] An established connection was aborted by the software in your host machine
2026-09-26T11:27:18+10:00  error     /health ConnectionAbortedError: [WinError 10053] An established connection was aborted by the software in your host machine
2026-09-26T11:27:18+10:00  error     /bars ConnectionAbortedError: [WinError 10053] An established connection was aborted by the software in your host machine
2026-09-26T11:27:18+10:00  error     /health ConnectionAbortedError: [WinError 10053] An established connection was aborted by the software in your host machine
2026-09-26T11:27:18+10:00  error     /health ConnectionAbortedError: [WinError 10053] An established connection was aborted by the software in your host machine
2026-09-26T11:27:18+10:00  error     /quotes ConnectionAbortedError: [WinError 10053] An established connection was aborted by the software in your host machine
2026-09-26T11:27:18+10:00  error     /quotes ConnectionAbortedError: [WinError 10053] An established connection was aborted by the software in your host machine
2026-09-26T11:27:18+10:00  error     /quotes ConnectionAbortedError: [WinError 10053] An established connection was aborted by the software in your host machine
2026-09-26T11:27:18+10:00  error     /health ConnectionAbortedError: [WinError 10053] An established connection was aborted by the software in your host machine
2026-09-26T11:27:18+10:00  error     /bars ConnectionAbortedError: [WinError 10053] An established connection was aborted by the software in your host machine
2026-09-26T11:27:18+10:00  error     /quotes ConnectionAbortedError: [WinError 10053] An established connection was aborted by the software in your host machine
2026-09-26T11:27:18+10:00  error     /health ConnectionAbortedError: [WinError 10053] An established connection was aborted by the software in your host machine
2026-09-26T11:27:18+10:00  error     /health ConnectionAbortedError: [WinError 10053] An established connection was aborted by the software in your host machine
2026-09-26T11:27:18+10:00  error     /bars ConnectionAbortedError: [WinError 10053] An established connection was aborted by the software in your host machine
2026-09-26T11:27:18+10:00  error     /positions ConnectionAbortedError: [WinError 10053] An established connection was aborted by the software in your host machine
2026-09-26T11:27:18+10:00  error     /bars ConnectionAbortedError: [WinError 10053] An established connection was aborted by the software in your host machine
2026-09-26T11:27:18+10:00  error     /bars ConnectionAbortedError: [WinError 10053] An established connection was aborted by the software in your host machine
2026-09-26T11:27:18+10:00  error     /quotes ConnectionAbortedError: [WinError 10053] An established connection was aborted by the software in your host machine
2026-09-26T11:27:18+10:00  error     /quotes ConnectionAbortedError: [WinError 10053] An established connection was aborted by the software in your host machine
2026-09-26T11:27:18+10:00  error     /health ConnectionAbortedError: [WinError 10053] An established connection was aborted by the software in your host machine
2026-09-26T11:27:18+10:00  error     /health ConnectionAbortedError: [WinError 10053] An established connection was aborted by the software in your host machine
2026-09-26T11:27:18+10:00  error     /health ConnectionAbortedError: [WinError 10053] An established connection was aborted by the software in your host machine
2026-09-26T11:27:18+10:00  error     /health ConnectionAbortedError: [WinError 10053] An established connection was aborted by the software in your host machine
2026-09-26T11:27:18+10:00  error     /account ConnectionAbortedError: [WinError 10053] An established connection was aborted by the software in your host machine
2026-09-26T11:27:18+10:00  error     /health ConnectionAbortedError: [WinError 10053] An established connection was aborted by the software in your host machine
2026-09-26T11:27:18+10:00  error     /bars ConnectionAbortedError: [WinError 10053] An established connection was aborted by the software in your host machine
2026-09-26T11:27:18+10:00  error     /health ConnectionAbortedError: [WinError 10053] An established connection was aborted by the software in your host machine
2026-09-26T11:27:18+10:00  error     /health ConnectionAbortedError: [WinError 10053] An established connection was aborted by the software in your host machine
2026-09-26T11:27:18+10:00  error     /account ConnectionAbortedError: [WinError 10053] An established connection was aborted by the software in your host machine
2026-09-26T11:27:18+10:00  error     /quotes ConnectionAbortedError: [WinError 10053] An established connection was aborted by the software in your host machine
2026-09-26T11:27:18+10:00  error     /quotes ConnectionAbortedError: [WinError 10053] An established connection was aborted by the software in your host machine
2026-09-26T11:27:18+10:00  error     /quotes ConnectionAbortedError: [WinError 10053] An established connection was aborted by the software in your host machine
2026-09-26T11:27:18+10:00  error     /spec ConnectionAbortedError: [WinError 10053] An established connection was aborted by the software in your host machine
2026-09-26T11:27:18+10:00  error     /quotes ConnectionAbortedError: [WinError 10053] An established connection was aborted by the software in your host machine
2026-09-26T11:27:18+10:00  error     /health ConnectionAbortedError: [WinError 10053] An established connection was aborted by the software in your host machine
2026-09-26T11:27:18+10:00  error     /health ConnectionAbortedError: [WinError 10053] An established connection was aborted by the software in your host machine
2026-09-26T11:27:18+10:00  error     /health ConnectionAbortedError: [WinError 10053] An established connection was aborted by the software in your host machine
2026-09-26T11:27:18+10:00  error     /orders ConnectionAbortedError: [WinError 10053] An established connection was aborted by the software in your host machine
2026-09-26T11:27:18+10:00  error     /bars ConnectionAbortedError: [WinError 10053] An established connection was aborted by the software in your host machine
2026-09-26T11:27:18+10:00  error     /bars ConnectionAbortedError: [WinError 10053] An established connection was aborted by the software in your host machine
2026-09-26T11:27:18+10:00  error     /health ConnectionAbortedError: [WinError 10053] An established connection was aborted by the software in your host machine
2026-09-26T11:27:18+10:00  error     /health ConnectionAbortedError: [WinError 10053] An established connection was aborted by the software in your host machine
2026-09-26T11:27:18+10:00  error     /health ConnectionAbortedError: [WinError 10053] An established connection was aborted by the software in your host machine
2026-09-26T11:27:19+10:00  error     /health ConnectionAbortedError: [WinError 10053] An established connection was aborted by the software in your host machine
2026-09-26T11:27:19+10:00  error     /positions ConnectionAbortedError: [WinError 10053] An established connection was aborted by the software in your host machine
2026-09-26T11:27:19+10:00  error     /bars ConnectionAbortedError: [WinError 10053] An established connection was aborted by the software in your host machine
2026-09-26T11:27:19+10:00  error     /health ConnectionAbortedError: [WinError 10053] An established connection was aborted by the software in your host machine
2026-09-26T11:27:19+10:00  error     /positions ConnectionAbortedError: [WinError 10053] An established connection was aborted by the software in your host machine
2026-09-26T11:27:19+10:00  error     /quotes ConnectionAbortedError: [WinError 10053] An established connection was aborted by the software in your host machine
2026-09-26T11:27:19+10:00  error     /health ConnectionAbortedError: [WinError 10053] An established connection was aborted by the software in your host machine
2026-09-26T11:27:19+10:00  error     /quotes ConnectionAbortedError: [WinError 10053] An established connection was aborted by the software in your host machine
2026-09-26T11:27:19+10:00  error     /quotes ConnectionAbortedError: [WinError 10053] An established connection was aborted by the software in your host machine
2026-09-26T11:27:19+10:00  error     /quotes ConnectionAbortedError: [WinError 10053] An established connection was aborted by the software in your host machine
2026-09-26T11:27:19+10:00  error     /bars ConnectionAbortedError: [WinError 10053] An established connection was aborted by the software in your host machine
2026-09-26T11:27:19+10:00  error     /health ConnectionAbortedError: [WinError 10053] An established connection was aborted by the software in your host machine
2026-09-26T11:27:19+10:00  error     /health ConnectionAbortedError: [WinError 10053] An established connection was aborted by the software in your host machine
2026-09-26T11:27:19+10:00  error     /health ConnectionAbortedError: [WinError 10053] An established connection was aborted by the software in your host machine
2026-09-26T11:27:19+10:00  error     /health ConnectionAbortedError: [WinError 10053] An established connection was aborted by the software in your host machine
2026-09-26T11:27:19+10:00  error     /health ConnectionAbortedError: [WinError 10053] An established connection was aborted by the software in your host machine
2026-09-26T11:27:19+10:00  error     /health ConnectionAbortedError: [WinError 10053] An established connection was aborted by the software in your host machine
2026-09-26T11:27:19+10:00  error     /quotes ConnectionAbortedError: [WinError 10053] An established connection was aborted by the software in your host machine
2026-09-26T11:27:19+10:00  error     /positions ConnectionAbortedError: [WinError 10053] An established connection was aborted by the software in your host machine
2026-09-26T11:27:19+10:00  error     /deals ConnectionAbortedError: [WinError 10053] An established connection was aborted by the software in your host machine
2026-09-26T11:27:19+10:00  error     /health ConnectionAbortedError: [WinError 10053] An established connection was aborted by the software in your host machine
2026-09-26T11:27:19+10:00  error     /quotes ConnectionAbortedError: [WinError 10053] An established connection was aborted by the software in your host machine
2026-09-26T11:27:19+10:00  error     /health ConnectionAbortedError: [WinError 10053] An established connection was aborted by the software in your host machine
2026-09-26T11:27:19+10:00  error     /quotes ConnectionAbortedError: [WinError 10053] An established connection was aborted by the software in your host machine
2026-09-26T11:27:19+10:00  error     /health ConnectionAbortedError: [WinError 10053] An established connection was aborted by the software in your host machine
2026-09-26T11:27:19+10:00  error     /quotes ConnectionAbortedError: [WinError 10053] An established connection was aborted by the software in your host machine
2026-09-26T11:27:19+10:00  error     /quotes ConnectionAbortedError: [WinError 10053] An established connection was aborted by the software in your host machine
2026-09-26T11:27:19+10:00  error     /quotes ConnectionAbortedError: [WinError 10053] An established connection was aborted by the software in your host machine
2026-09-26T11:27:19+10:00  error     /bars ConnectionAbortedError: [WinError 10053] An established connection was aborted by the software in your host machine
2026-09-26T11:27:19+10:00  error     /bars ConnectionAbortedError: [WinError 10053] An established connection was aborted by the software in your host machine
2026-09-26T11:27:19+10:00  error     /health ConnectionAbortedError: [WinError 10053] An established connection was aborted by the software in your host machine
2026-09-26T11:27:19+10:00  error     /account ConnectionAbortedError: [WinError 10053] An established connection was aborted by the software in your host machine
2026-09-26T11:27:19+10:00  error     /health ConnectionAbortedError: [WinError 10053] An established connection was aborted by the software in your host machine
2026-09-26T11:27:19+10:00  error     /bars ConnectionAbortedError: [WinError 10053] An established connection was aborted by the software in your host machine
2026-09-26T11:27:19+10:00  error     /health ConnectionAbortedError: [WinError 10053] An established connection was aborted by the software in your host machine
2026-09-26T11:27:19+10:00  error     /health ConnectionAbortedError: [WinError 10053] An established connection was aborted by the software in your host machine
2026-09-26T11:27:19+10:00  error     /health ConnectionAbortedError: [WinError 10053] An established connection was aborted by the software in your host machine
2026-09-26T11:27:19+10:00  error     /health ConnectionAbortedError: [WinError 10053] An established connection was aborted by the software in your host machine
2026-09-26T11:27:19+10:00  error     /quotes ConnectionAbortedError: [WinError 10053] An established connection was aborted by the software in your host machine
2026-09-26T11:27:19+10:00  error     /account ConnectionAbortedError: [WinError 10053] An established connection was aborted by the software in your host machine
2026-09-26T11:27:19+10:00  error     /orders ConnectionAbortedError: [WinError 10053] An established connection was aborted by the software in your host machine
2026-09-26T11:27:19+10:00  error     /positions ConnectionAbortedError: [WinError 10053] An established connection was aborted by the software in your host machine
2026-09-26T11:27:19+10:00  error     /health ConnectionAbortedError: [WinError 10053] An established connection was aborted by the software in your host machine
2026-09-26T11:27:19+10:00  error     /quotes ConnectionAbortedError: [WinError 10053] An established connection was aborted by the software in your host machine
2026-09-26T11:27:19+10:00  error     /orders ConnectionAbortedError: [WinError 10053] An established connection was aborted by the software in your host machine
2026-09-26T11:27:19+10:00  error     /account ConnectionAbortedError: [WinError 10053] An established connection was aborted by the software in your host machine
2026-09-26T11:27:19+10:00  error     /quotes ConnectionAbortedError: [WinError 10053] An established connection was aborted by the software in your host machine
2026-09-26T11:27:19+10:00  error     /positions ConnectionAbortedError: [WinError 10053] An established connection was aborted by the software in your host machine
2026-09-26T11:27:19+10:00  error     /orders ConnectionAbortedError: [WinError 10053] An established connection was aborted by the software in your host machine
2026-09-26T11:27:19+10:00  error     /health ConnectionAbortedError: [WinError 10053] An established connection was aborted by the software in your host machine
2026-09-26T11:27:19+10:00  error     /health ConnectionAbortedError: [WinError 10053] An established connection was aborted by the software in your host machine
2026-09-26T11:27:19+10:00  error     /quotes ConnectionAbortedError: [WinError 10053] An established connection was aborted by the software in your host machine
2026-09-26T11:27:19+10:00  error     /health ConnectionAbortedError: [WinError 10053] An established connection was aborted by the software in your host machine
2026-09-26T11:27:19+10:00  error     /account ConnectionAbortedError: [WinError 10053] An established connection was aborted by the software in your host machine
2026-09-26T11:27:19+10:00  error     /quotes ConnectionAbortedError: [WinError 10053] An established connection was aborted by the software in your host machine
2026-09-26T11:27:19+10:00  error     /positions ConnectionAbortedError: [WinError 10053] An established connection was aborted by the software in your host machine
2026-09-26T11:27:19+10:00  error     /health ConnectionAbortedError: [WinError 10053] An established connection was aborted by the software in your host machine
2026-09-26T11:27:19+10:00  error     /health ConnectionAbortedError: [WinError 10053] An established connection was aborted by the software in your host machine
2026-09-26T11:27:19+10:00  error     /health ConnectionAbortedError: [WinError 10053] An established connection was aborted by the software in your host machine
2026-09-26T11:27:19+10:00  error     /quotes ConnectionAbortedError: [WinError 10053] An established connection was aborted by the software in your host machine
2026-09-26T11:27:19+10:00  error     /health ConnectionAbortedError: [WinError 10053] An established connection was aborted by the software in your host machine
2026-09-26T11:27:19+10:00  error     /health ConnectionAbortedError: [WinError 10053] An established connection was aborted by the software in your host machine
2026-09-26T11:27:19+10:00  error     /health ConnectionAbortedError: [WinError 10053] An established connection was aborted by the software in your host machine
2026-09-26T11:27:19+10:00  error     /health ConnectionAbortedError: [WinError 10053] An established connection was aborted by the software in your host machine
2026-09-26T11:27:19+10:00  error     /health ConnectionAbortedError: [WinError 10053] An established connection was aborted by the software in your host machine
2026-09-26T11:27:19+10:00  error     /symbols ConnectionAbortedError: [WinError 10053] An established connection was aborted by the software in your host machine
2026-09-26T11:27:19+10:00  error     /health ConnectionAbortedError: [WinError 10053] An established connection was aborted by the software in your host machine
2026-09-26T11:27:19+10:00  error     /account ConnectionAbortedError: [WinError 10053] An established connection was aborted by the software in your host machine
2026-09-26T11:27:19+10:00  error     /quotes ConnectionAbortedError: [WinError 10053] An established connection was aborted by the software in your host machine
2026-09-26T11:27:19+10:00  error     /positions ConnectionAbortedError: [WinError 10053] An established connection was aborted by the software in your host machine
2026-09-26T11:27:19+10:00  error     /health ConnectionAbortedError: [WinError 10053] An established connection was aborted by the software in your host machine
2026-09-26T11:27:19+10:00  error     /health ConnectionAbortedError: [WinError 10053] An established connection was aborted by the software in your host machine
2026-09-26T11:27:19+10:00  error     /health ConnectionAbortedError: [WinError 10053] An established connection was aborted by the software in your host machine
2026-09-26T11:27:19+10:00  error     /positions ConnectionAbortedError: [WinError 10053] An established connection was aborted by the software in your host machine
2026-09-26T11:27:19+10:00  error     /health ConnectionAbortedError: [WinError 10053] An established connection was aborted by the software in your host machine
2026-09-26T11:27:19+10:00  error     /positions ConnectionAbortedError: [WinError 10053] An established connection was aborted by the software in your host machine
2026-09-26T11:27:19+10:00  error     /health ConnectionAbortedError: [WinError 10053] An established connection was aborted by the software in your host machine
2026-09-26T11:27:19+10:00  error     /health ConnectionAbortedError: [WinError 10053] An established connection was aborted by the software in your host machine
2026-09-26T11:27:19+10:00  error     /account ConnectionAbortedError: [WinError 10053] An established connection was aborted by the software in your host machine
2026-09-26T11:27:19+10:00  error     /quotes ConnectionAbortedError: [WinError 10053] An established connection was aborted by the software in your host machine
2026-09-26T11:27:19+10:00  error     /health ConnectionAbortedError: [WinError 10053] An established connection was aborted by the software in your host machine
2026-09-26T11:27:19+10:00  error     /quotes ConnectionAbortedError: [WinError 10053] An established connection was aborted by the software in your host machine
2026-09-26T11:27:19+10:00  error     /health ConnectionAbortedError: [WinError 10053] An established connection was aborted by the software in your host machine
2026-09-26T11:27:19+10:00  error     /positions ConnectionAbortedError: [WinError 10053] An established connection was aborted by the software in your host machine
2026-09-26T11:27:19+10:00  error     /quotes ConnectionAbortedError: [WinError 10053] An established connection was aborted by the software in your host machine
2026-09-26T11:27:19+10:00  error     /orders ConnectionAbortedError: [WinError 10053] An established connection was aborted by the software in your host machine
2026-09-26T11:27:19+10:00  error     /account ConnectionAbortedError: [WinError 10053] An established connection was aborted by the software in your host machine
2026-09-26T11:27:19+10:00  error     /health ConnectionAbortedError: [WinError 10053] An established connection was aborted by the software in your host machine
2026-09-26T11:27:19+10:00  error     /positions ConnectionAbortedError: [WinError 10053] An established connection was aborted by the software in your host machine
2026-09-26T11:27:19+10:00  error     /quotes ConnectionAbortedError: [WinError 10053] An established connection was aborted by the software in your host machine
2026-09-26T11:27:19+10:00  error     /orders ConnectionAbortedError: [WinError 10053] An established connection was aborted by the software in your host machine
2026-09-26T11:27:19+10:00  error     /bars ConnectionAbortedError: [WinError 10053] An established connection was aborted by the software in your host machine
2026-09-26T11:27:19+10:00  error     /health ConnectionAbortedError: [WinError 10053] An established connection was aborted by the software in your host machine
2026-09-26T11:27:19+10:00  error     /quotes ConnectionAbortedError: [WinError 10053] An established connection was aborted by the software in your host machine
2026-09-26T11:27:19+10:00  error     /health ConnectionAbortedError: [WinError 10053] An established connection was aborted by the software in your host machine
2026-09-26T11:27:19+10:00  error     /health ConnectionAbortedError: [WinError 10053] An established connection was aborted by the software in your host machine
2026-09-26T11:27:19+10:00  error     /quotes ConnectionAbortedError: [WinError 10053] An established connection was aborted by the software in your host machine
2026-09-26T11:27:19+10:00  error     /quotes ConnectionAbortedError: [WinError 10053] An established connection was aborted by the software in your host machine
2026-09-26T11:27:19+10:00  error     /health ConnectionAbortedError: [WinError 10053] An established connection was aborted by the software in your host machine
2026-09-26T11:27:19+10:00  error     /health ConnectionAbortedError: [WinError 10053] An established connection was aborted by the software in your host machine
2026-09-26T11:27:19+10:00  error     /health ConnectionAbortedError: [WinError 10053] An established connection was aborted by the software in your host machine
2026-09-26T11:27:19+10:00  error     /quotes ConnectionAbortedError: [WinError 10053] An established connection was aborted by the software in your host machine
2026-09-26T11:27:19+10:00  error     /quotes ConnectionAbortedError: [WinError 10053] An established connection was aborted by the software in your host machine
2026-09-26T11:27:19+10:00  error     /quotes ConnectionAbortedError: [WinError 10053] An established connection was aborted by the software in your host machine
2026-09-26T11:27:19+10:00  error     /health ConnectionAbortedError: [WinError 10053] An established connection was aborted by the software in your host machine
2026-09-26T11:27:19+10:00  error     /health ConnectionAbortedError: [WinError 10053] An established connection was aborted by the software in your host machine
2026-09-26T11:27:19+10:00  error     /health ConnectionAbortedError: [WinError 10053] An established connection was aborted by the software in your host machine
2026-09-26T11:27:19+10:00  error     /quotes ConnectionAbortedError: [WinError 10053] An established connection was aborted by the software in your host machine
2026-09-26T11:27:19+10:00  error     /positions ConnectionAbortedError: [WinError 10053] An established connection was aborted by the software in your host machine
2026-09-26T11:27:19+10:00  error     /account ConnectionAbortedError: [WinError 10053] An established connection was aborted by the software in your host machine
2026-09-26T11:27:19+10:00  error     /orders ConnectionAbortedError: [WinError 10053] An established connection was aborted by the software in your host machine
2026-09-26T11:27:19+10:00  error     /health ConnectionAbortedError: [WinError 10053] An established connection was aborted by the software in your host machine
2026-09-26T11:27:19+10:00  error     /quotes ConnectionAbortedError: [WinError 10053] An established connection was aborted by the software in your host machine
2026-09-26T11:27:19+10:00  error     /health ConnectionAbortedError: [WinError 10053] An established connection was aborted by the software in your host machine
2026-09-26T11:27:19+10:00  error     /health ConnectionAbortedError: [WinError 10053] An established connection was aborted by the software in your host machine
2026-09-26T11:27:19+10:00  error     /quotes ConnectionAbortedError: [WinError 10053] An established connection was aborted by the software in your host machine
2026-09-26T11:27:19+10:00  error     /health ConnectionAbortedError: [WinError 10053] An established connection was aborted by the software in your host machine
2026-09-26T11:27:19+10:00  error     /quotes ConnectionAbortedError: [WinError 10053] An established connection was aborted by the software in your host machine
2026-09-26T11:27:19+10:00  error     /health ConnectionAbortedError: [WinError 10053] An established connection was aborted by the software in your host machine
2026-09-26T11:27:19+10:00  error     /bars ConnectionAbortedError: [WinError 10053] An established connection was aborted by the software in your host machine
2026-09-26T11:27:19+10:00  error     /health ConnectionAbortedError: [WinError 10053] An established connection was aborted by the software in your host machine
2026-09-26T11:27:19+10:00  error     /bars ConnectionAbortedError: [WinError 10053] An established connection was aborted by the software in your host machine
2026-09-26T11:27:19+10:00  error     /health ConnectionAbortedError: [WinError 10053] An established connection was aborted by the software in your host machine
2026-09-26T11:27:19+10:00  error     /health ConnectionAbortedError: [WinError 10053] An established connection was aborted by the software in your host machine
2026-09-26T11:27:19+10:00  error     /spec ConnectionAbortedError: [WinError 10053] An established connection was aborted by the software in your host machine
2026-09-26T11:27:19+10:00  error     /health ConnectionAbortedError: [WinError 10053] An established connection was aborted by the software in your host machine
2026-09-26T11:27:19+10:00  error     /quotes ConnectionAbortedError: [WinError 10053] An established connection was aborted by the software in your host machine
2026-09-26T11:27:19+10:00  error     /quotes ConnectionAbortedError: [WinError 10053] An established connection was aborted by the software in your host machine
2026-09-26T11:27:19+10:00  error     /quotes ConnectionAbortedError: [WinError 10053] An established connection was aborted by the software in your host machine
2026-09-26T11:27:19+10:00  error     /health ConnectionAbortedError: [WinError 10053] An established connection was aborted by the software in your host machine
2026-09-26T11:27:19+10:00  error     /health ConnectionAbortedError: [WinError 10053] An established connection was aborted by the software in your host machine
2026-09-26T11:27:19+10:00  error     /health ConnectionAbortedError: [WinError 10053] An established connection was aborted by the software in your host machine
2026-09-26T11:27:19+10:00  error     /symbols ConnectionAbortedError: [WinError 10053] An established connection was aborted by the software in your host machine
2026-09-26T11:27:19+10:00  error     /quotes ConnectionAbortedError: [WinError 10053] An established connection was aborted by the software in your host machine
2026-09-26T11:27:19+10:00  error     /health ConnectionAbortedError: [WinError 10053] An established connection was aborted by the software in your host machine
2026-09-26T11:27:19+10:00  error     /health ConnectionAbortedError: [WinError 10053] An established connection was aborted by the software in your host machine
2026-09-26T11:27:19+10:00  error     /health ConnectionAbortedError: [WinError 10053] An established connection was aborted by the software in your host machine
2026-09-26T11:27:19+10:00  error     /quotes ConnectionAbortedError: [WinError 10053] An established connection was aborted by the software in your host machine
2026-09-26T11:27:19+10:00  error     /quotes ConnectionAbortedError: [WinError 10053] An established connection was aborted by the software in your host machine
2026-09-26T11:27:19+10:00  error     /health ConnectionAbortedError: [WinError 10053] An established connection was aborted by the software in your host machine
2026-09-26T11:27:19+10:00  error     /health ConnectionAbortedError: [WinError 10053] An established connection was aborted by the software in your host machine
2026-09-26T11:27:19+10:00  error     /health ConnectionAbortedError: [WinError 10053] An established connection was aborted by the software in your host machine
2026-09-26T11:27:19+10:00  error     /health ConnectionAbortedError: [WinError 10053] An established connection was aborted by the software in your host machine
2026-09-26T11:27:19+10:00  error     /positions ConnectionAbortedError: [WinError 10053] An established connection was aborted by the software in your host machine
2026-09-26T11:27:19+10:00  error     /health ConnectionAbortedError: [WinError 10053] An established connection was aborted by the software in your host machine
2026-09-26T11:27:19+10:00  error     /health ConnectionAbortedError: [WinError 10053] An established connection was aborted by the software in your host machine
2026-09-26T11:27:19+10:00  error     /spec ConnectionAbortedError: [WinError 10053] An established connection was aborted by the software in your host machine
2026-09-26T11:27:19+10:00  error     /spec ConnectionAbortedError: [WinError 10053] An established connection was aborted by the software in your host machine
2026-09-26T11:27:19+10:00  error     /health ConnectionAbortedError: [WinError 10053] An established connection was aborted by the software in your host machine
2026-09-26T11:27:19+10:00  error     /bars ConnectionAbortedError: [WinError 10053] An established connection was aborted by the software in your host machine
2026-09-26T11:27:19+10:00  error     /health ConnectionAbortedError: [WinError 10053] An established connection was aborted by the software in your host machine
2026-09-26T11:27:19+10:00  error     /health ConnectionAbortedError: [WinError 10053] An established connection was aborted by the software in your host machine
2026-09-26T11:27:20+10:00  error     /orders ConnectionAbortedError: [WinError 10053] An established connection was aborted by the software in your host machine
2026-09-26T11:27:20+10:00  error     /bars ConnectionAbortedError: [WinError 10053] An established connection was aborted by the software in your host machine
2026-09-26T11:27:20+10:00  error     /health ConnectionAbortedError: [WinError 10053] An established connection was aborted by the software in your host machine
2026-09-26T11:27:20+10:00  error     /health ConnectionAbortedError: [WinError 10053] An established connection was aborted by the software in your host machine
2026-09-26T11:27:20+10:00  error     /health ConnectionAbortedError: [WinError 10053] An established connection was aborted by the software in your host machine
2026-09-26T11:27:20+10:00  error     /bars ConnectionAbortedError: [WinError 10053] An established connection was aborted by the software in your host machine
2026-09-26T11:27:20+10:00  error     /bars ConnectionAbortedError: [WinError 10053] An established connection was aborted by the software in your host machine
2026-09-26T11:27:20+10:00  error     /health ConnectionAbortedError: [WinError 10053] An established connection was aborted by the software in your host machine
2026-09-26T11:27:20+10:00  error     /bars ConnectionAbortedError: [WinError 10053] An established connection was aborted by the software in your host machine
2026-09-26T11:27:20+10:00  error     /health ConnectionAbortedError: [WinError 10053] An established connection was aborted by the software in your host machine
2026-09-26T11:27:20+10:00  error     /health ConnectionAbortedError: [WinError 10053] An established connection was aborted by the software in your host machine
2026-09-26T11:27:20+10:00  error     /bars ConnectionAbortedError: [WinError 10053] An established connection was aborted by the software in your host machine
2026-09-26T11:27:20+10:00  error     /health ConnectionAbortedError: [WinError 10053] An established connection was aborted by the software in your host machine
2026-09-26T11:27:17+10:00  error     /health ConnectionAbortedError: [WinError 10053] An established connection was aborted by the software in your host machine
2026-09-26T11:27:20+10:00  error     /quotes ConnectionAbortedError: [WinError 10053] An established connection was aborted by the software in your host machine
2026-09-26T11:27:20+10:00  error     /quotes ConnectionAbortedError: [WinError 10053] An established connection was aborted by the software in your host machine
2026-09-26T11:27:20+10:00  error     /health ConnectionAbortedError: [WinError 10053] An established connection was aborted by the software in your host machine
2026-09-26T11:27:20+10:00  error     /quotes ConnectionAbortedError: [WinError 10053] An established connection was aborted by the software in your host machine
2026-09-26T11:27:20+10:00  error     /account ConnectionAbortedError: [WinError 10053] An established connection was aborted by the software in your host machine
2026-09-26T11:27:20+10:00  error     /quotes ConnectionAbortedError: [WinError 10053] An established connection was aborted by the software in your host machine
2026-09-26T11:27:20+10:00  error     /quotes ConnectionAbortedError: [WinError 10053] An established connection was aborted by the software in your host machine
2026-09-26T11:27:17+10:00  error     /orders ConnectionAbortedError: [WinError 10053] An established connection was aborted by the software in your host machine
2026-09-26T11:27:20+10:00  error     /health ConnectionAbortedError: [WinError 10053] An established connection was aborted by the software in your host machine
2026-09-26T11:27:20+10:00  error     /health ConnectionAbortedError: [WinError 10053] An established connection was aborted by the software in your host machine
2026-09-26T11:27:20+10:00  error     /health ConnectionAbortedError: [WinError 10053] An established connection was aborted by the software in your host machine
2026-09-26T11:27:20+10:00  error     /health ConnectionAbortedError: [WinError 10053] An established connection was aborted by the software in your host machine
2026-09-26T11:27:20+10:00  error     /health ConnectionAbortedError: [WinError 10053] An established connection was aborted by the software in your host machine
2026-09-26T11:27:20+10:00  error     /bars ConnectionAbortedError: [WinError 10053] An established connection was aborted by the software in your host machine
2026-09-26T11:27:20+10:00  error     /bars ConnectionAbortedError: [WinError 10053] An established connection was aborted by the software in your host machine
2026-09-26T11:27:20+10:00  error     /bars ConnectionAbortedError: [WinError 10053] An established connection was aborted by the software in your host machine
2026-09-26T11:27:20+10:00  error     /bars ConnectionAbortedError: [WinError 10053] An established connection was aborted by the software in your host machine
2026-09-26T11:27:20+10:00  error     /quotes ConnectionAbortedError: [WinError 10053] An established connection was aborted by the software in your host machine
2026-09-26T11:27:18+10:00  error     /positions ConnectionAbortedError: [WinError 10053] An established connection was aborted by the software in your host machine
2026-09-26T11:27:20+10:00  error     /health ConnectionAbortedError: [WinError 10053] An established connection was aborted by the software in your host machine
2026-09-26T11:27:20+10:00  error     /health ConnectionAbortedError: [WinError 10053] An established connection was aborted by the software in your host machine
2026-09-26T11:27:20+10:00  error     /health ConnectionAbortedError: [WinError 10053] An established connection was aborted by the software in your host machine
2026-09-26T11:27:20+10:00  error     /positions ConnectionAbortedError: [WinError 10053] An established connection was aborted by the software in your host machine
2026-09-26T11:27:20+10:00  error     /health ConnectionAbortedError: [WinError 10053] An established connection was aborted by the software in your host machine
2026-09-26T11:27:20+10:00  error     /positions ConnectionAbortedError: [WinError 10053] An established connection was aborted by the software in your host machine
2026-09-26T11:27:20+10:00  error     /health ConnectionAbortedError: [WinError 10053] An established connection was aborted by the software in your host machine
2026-09-26T11:27:20+10:00  error     /health ConnectionAbortedError: [WinError 10053] An established connection was aborted by the software in your host machine
2026-09-26T11:27:20+10:00  error     /health ConnectionAbortedError: [WinError 10053] An established connection was aborted by the software in your host machine
2026-09-26T11:27:20+10:00  error     /health ConnectionAbortedError: [WinError 10053] An established connection was aborted by the software in your host machine
2026-09-26T11:27:20+10:00  error     /spec ConnectionAbortedError: [WinError 10053] An established connection was aborted by the software in your host machine
2026-09-26T11:27:20+10:00  error     /quotes ConnectionAbortedError: [WinError 10053] An established connection was aborted by the software in your host machine
2026-09-26T11:27:20+10:00  error     /health ConnectionAbortedError: [WinError 10053] An established connection was aborted by the software in your host machine
2026-09-26T11:27:20+10:00  error     /health ConnectionAbortedError: [WinError 10053] An established connection was aborted by the software in your host machine
2026-09-26T11:27:20+10:00  error     /quotes ConnectionAbortedError: [WinError 10053] An established connection was aborted by the software in your host machine
2026-09-26T11:27:20+10:00  error     /quotes ConnectionAbortedError: [WinError 10053] An established connection was aborted by the software in your host machine
2026-09-26T11:27:20+10:00  error     /health ConnectionAbortedError: [WinError 10053] An established connection was aborted by the software in your host machine
2026-09-26T11:27:20+10:00  error     /health ConnectionAbortedError: [WinError 10053] An established connection was aborted by the software in your host machine
2026-09-26T11:27:20+10:00  error     /quotes ConnectionAbortedError: [WinError 10053] An established connection was aborted by the software in your host machine
2026-09-26T11:27:20+10:00  error     /quotes ConnectionAbortedError: [WinError 10053] An established connection was aborted by the software in your host machine
2026-09-26T11:27:20+10:00  error     /health ConnectionAbortedError: [WinError 10053] An established connection was aborted by the software in your host machine
2026-09-26T11:27:20+10:00  error     /health ConnectionAbortedError: [WinError 10053] An established connection was aborted by the software in your host machine
2026-09-26T11:27:20+10:00  error     /spec ConnectionAbortedError: [WinError 10053] An established connection was aborted by the software in your host machine
2026-09-26T11:27:20+10:00  error     /bars ConnectionAbortedError: [WinError 10053] An established connection was aborted by the software in your host machine
2026-09-26T11:27:20+10:00  error     /bars ConnectionAbortedError: [WinError 10053] An established connection was aborted by the software in your host machine
2026-09-26T11:27:20+10:00  error     /account ConnectionAbortedError: [WinError 10053] An established connection was aborted by the software in your host machine
2026-09-26T11:27:20+10:00  error     /bars ConnectionAbortedError: [WinError 10053] An established connection was aborted by the software in your host machine
2026-09-26T11:27:20+10:00  error     /health ConnectionAbortedError: [WinError 10053] An established connection was aborted by the software in your host machine
2026-09-26T11:27:20+10:00  error     /orders ConnectionAbortedError: [WinError 10053] An established connection was aborted by the software in your host machine
2026-09-26T11:27:20+10:00  error     /health ConnectionAbortedError: [WinError 10053] An established connection was aborted by the software in your host machine
2026-09-26T11:27:20+10:00  error     /health ConnectionAbortedError: [WinError 10053] An established connection was aborted by the software in your host machine
2026-09-26T11:27:21+10:00  error     /health ConnectionAbortedError: [WinError 10053] An established connection was aborted by the software in your host machine
2026-09-26T12:24:31+10:00  download  start symbols=USDJPY.a tfs=1m,3m,5m,15m,30m,1h,2h,4h,1d,1w years=30 days=0
2026-09-26T12:26:09+10:00  error     /calendar ConnectionAbortedError: [WinError 10053] An established connection was aborted by the software in your host machine
2026-09-26T12:29:50+10:00  error     /health ConnectionAbortedError: [WinError 10053] An established connection was aborted by the software in your host machine
2026-09-26T12:29:50+10:00  error     /account ConnectionAbortedError: [WinError 10053] An established connection was aborted by the software in your host machine
2026-09-26T12:29:50+10:00  error     /bars ConnectionAbortedError: [WinError 10053] An established connection was aborted by the software in your host machine
2026-09-26T12:29:50+10:00  download  finished rows=8553062 phase=done error=None reindex=reindex failed (ImportError: cannot import name 'reindex_runs' from 'tools' (C:\workspace-ml-ausloans\Forex\DiaNurFxScalpingWorkstation\tools\__init__.py)) -- run tools/reindex_runs.py
2026-09-26T12:29:50+10:00  error     /quotes ConnectionAbortedError: [WinError 10053] An established connection was aborted by the software in your host machine
2026-09-26T12:29:50+10:00  error     /spec ConnectionAbortedError: [WinError 10053] An established connection was aborted by the software in your host machine
2026-09-26T12:29:50+10:00  error     /quotes ConnectionAbortedError: [WinError 10053] An established connection was aborted by the software in your host machine
2026-09-26T12:29:50+10:00  error     /positions ConnectionAbortedError: [WinError 10053] An established connection was aborted by the software in your host machine
2026-09-26T12:29:50+10:00  error     /account ConnectionAbortedError: [WinError 10053] An established connection was aborted by the software in your host machine
2026-09-26T12:29:50+10:00  error     /health ConnectionAbortedError: [WinError 10053] An established connection was aborted by the software in your host machine
2026-09-26T12:29:50+10:00  error     /health ConnectionAbortedError: [WinError 10053] An established connection was aborted by the software in your host machine
2026-09-26T12:29:50+10:00  error     /health ConnectionAbortedError: [WinError 10053] An established connection was aborted by the software in your host machine
2026-09-26T12:29:50+10:00  error     /health ConnectionAbortedError: [WinError 10053] An established connection was aborted by the software in your host machine
2026-09-26T12:29:50+10:00  error     /account ConnectionAbortedError: [WinError 10053] An established connection was aborted by the software in your host machine
2026-09-26T12:29:50+10:00  error     /positions ConnectionAbortedError: [WinError 10053] An established connection was aborted by the software in your host machine
2026-09-26T12:29:50+10:00  error     /health ConnectionAbortedError: [WinError 10053] An established connection was aborted by the software in your host machine
2026-09-26T12:29:50+10:00  error     /account ConnectionAbortedError: [WinError 10053] An established connection was aborted by the software in your host machine
2026-09-26T12:29:50+10:00  error     /quotes ConnectionAbortedError: [WinError 10053] An established connection was aborted by the software in your host machine
2026-09-26T12:29:50+10:00  error     /quotes ConnectionAbortedError: [WinError 10053] An established connection was aborted by the software in your host machine
2026-09-26T12:29:50+10:00  error     /orders ConnectionAbortedError: [WinError 10053] An established connection was aborted by the software in your host machine
2026-09-26T12:29:50+10:00  error     /positions ConnectionAbortedError: [WinError 10053] An established connection was aborted by the software in your host machine
2026-09-26T12:29:50+10:00  error     /bars ConnectionAbortedError: [WinError 10053] An established connection was aborted by the software in your host machine
2026-09-26T12:29:50+10:00  error     /health ConnectionAbortedError: [WinError 10053] An established connection was aborted by the software in your host machine
2026-09-26T12:29:50+10:00  error     /health ConnectionAbortedError: [WinError 10053] An established connection was aborted by the software in your host machine
2026-09-26T12:29:50+10:00  error     /health ConnectionAbortedError: [WinError 10053] An established connection was aborted by the software in your host machine
2026-09-26T12:29:50+10:00  error     /health ConnectionAbortedError: [WinError 10053] An established connection was aborted by the software in your host machine
2026-09-26T12:29:51+10:00  error     /quotes ConnectionAbortedError: [WinError 10053] An established connection was aborted by the software in your host machine
2026-09-26T12:29:50+10:00  error     /health ConnectionAbortedError: [WinError 10053] An established connection was aborted by the software in your host machine
2026-09-26T12:29:50+10:00  error     /quotes ConnectionAbortedError: [WinError 10053] An established connection was aborted by the software in your host machine
2026-09-26T12:29:50+10:00  error     /positions ConnectionAbortedError: [WinError 10053] An established connection was aborted by the software in your host machine
2026-09-26T12:29:50+10:00  error     /health ConnectionAbortedError: [WinError 10053] An established connection was aborted by the software in your host machine
2026-09-26T12:29:50+10:00  error     /deals ConnectionAbortedError: [WinError 10053] An established connection was aborted by the software in your host machine
2026-09-26T12:29:50+10:00  error     /quotes ConnectionAbortedError: [WinError 10053] An established connection was aborted by the software in your host machine
2026-09-26T12:29:50+10:00  error     /positions ConnectionAbortedError: [WinError 10053] An established connection was aborted by the software in your host machine
2026-09-26T12:29:50+10:00  error     /quotes ConnectionAbortedError: [WinError 10053] An established connection was aborted by the software in your host machine
2026-09-26T12:29:50+10:00  error     /quotes ConnectionAbortedError: [WinError 10053] An established connection was aborted by the software in your host machine
2026-09-26T12:29:50+10:00  error     /health ConnectionAbortedError: [WinError 10053] An established connection was aborted by the software in your host machine
2026-09-26T12:29:50+10:00  error     /health ConnectionAbortedError: [WinError 10053] An established connection was aborted by the software in your host machine
2026-09-26T12:29:50+10:00  error     /health ConnectionAbortedError: [WinError 10053] An established connection was aborted by the software in your host machine
2026-09-26T12:29:50+10:00  error     /health ConnectionAbortedError: [WinError 10053] An established connection was aborted by the software in your host machine
2026-09-26T12:29:50+10:00  error     /bars ConnectionAbortedError: [WinError 10053] An established connection was aborted by the software in your host machine
2026-09-26T12:29:50+10:00  error     /health ConnectionAbortedError: [WinError 10053] An established connection was aborted by the software in your host machine
2026-09-26T12:29:50+10:00  error     /positions ConnectionAbortedError: [WinError 10053] An established connection was aborted by the software in your host machine
2026-09-26T12:29:50+10:00  error     /health ConnectionAbortedError: [WinError 10053] An established connection was aborted by the software in your host machine
2026-09-26T12:29:50+10:00  error     /health ConnectionAbortedError: [WinError 10053] An established connection was aborted by the software in your host machine
2026-09-26T12:29:50+10:00  error     /quotes ConnectionAbortedError: [WinError 10053] An established connection was aborted by the software in your host machine
2026-09-26T12:29:50+10:00  error     /orders ConnectionAbortedError: [WinError 10053] An established connection was aborted by the software in your host machine
2026-09-26T12:29:50+10:00  error     /health ConnectionAbortedError: [WinError 10053] An established connection was aborted by the software in your host machine
2026-09-26T12:29:50+10:00  error     /positions ConnectionAbortedError: [WinError 10053] An established connection was aborted by the software in your host machine
2026-09-26T12:29:50+10:00  error     /account ConnectionAbortedError: [WinError 10053] An established connection was aborted by the software in your host machine
2026-09-26T12:29:50+10:00  error     /quotes ConnectionAbortedError: [WinError 10053] An established connection was aborted by the software in your host machine
2026-09-26T12:29:50+10:00  error     /health ConnectionAbortedError: [WinError 10053] An established connection was aborted by the software in your host machine
2026-09-26T12:29:50+10:00  error     /quotes ConnectionAbortedError: [WinError 10053] An established connection was aborted by the software in your host machine
2026-09-26T12:29:50+10:00  error     /quotes ConnectionAbortedError: [WinError 10053] An established connection was aborted by the software in your host machine
2026-09-26T12:29:50+10:00  error     /quotes ConnectionAbortedError: [WinError 10053] An established connection was aborted by the software in your host machine
2026-09-26T12:29:50+10:00  error     /bars ConnectionAbortedError: [WinError 10053] An established connection was aborted by the software in your host machine
2026-09-26T12:29:50+10:00  error     /health ConnectionAbortedError: [WinError 10053] An established connection was aborted by the software in your host machine
2026-09-26T12:29:50+10:00  error     /health ConnectionAbortedError: [WinError 10053] An established connection was aborted by the software in your host machine
2026-09-26T12:29:50+10:00  error     /health ConnectionAbortedError: [WinError 10053] An established connection was aborted by the software in your host machine
2026-09-26T12:29:50+10:00  error     /health ConnectionAbortedError: [WinError 10053] An established connection was aborted by the software in your host machine
2026-09-26T12:29:50+10:00  error     /health ConnectionAbortedError: [WinError 10053] An established connection was aborted by the software in your host machine
2026-09-26T12:29:50+10:00  error     /orders ConnectionAbortedError: [WinError 10053] An established connection was aborted by the software in your host machine
2026-09-26T12:29:50+10:00  error     /health ConnectionAbortedError: [WinError 10053] An established connection was aborted by the software in your host machine
2026-09-26T12:29:50+10:00  error     /health ConnectionAbortedError: [WinError 10053] An established connection was aborted by the software in your host machine
2026-09-26T12:29:50+10:00  error     /bars ConnectionAbortedError: [WinError 10053] An established connection was aborted by the software in your host machine
2026-09-26T12:29:50+10:00  error     /account ConnectionAbortedError: [WinError 10053] An established connection was aborted by the software in your host machine
2026-09-26T12:29:50+10:00  error     /health ConnectionAbortedError: [WinError 10053] An established connection was aborted by the software in your host machine
2026-09-26T12:29:50+10:00  error     /positions ConnectionAbortedError: [WinError 10053] An established connection was aborted by the software in your host machine
2026-09-26T12:29:50+10:00  error     /bars ConnectionAbortedError: [WinError 10053] An established connection was aborted by the software in your host machine
2026-09-26T12:29:50+10:00  error     /quotes ConnectionAbortedError: [WinError 10053] An established connection was aborted by the software in your host machine
2026-09-26T12:29:50+10:00  error     /quotes ConnectionAbortedError: [WinError 10053] An established connection was aborted by the software in your host machine
2026-09-26T12:29:50+10:00  error     /orders ConnectionAbortedError: [WinError 10053] An established connection was aborted by the software in your host machine
2026-09-26T12:29:50+10:00  error     /health ConnectionAbortedError: [WinError 10053] An established connection was aborted by the software in your host machine
2026-09-26T12:29:50+10:00  error     /quotes ConnectionAbortedError: [WinError 10053] An established connection was aborted by the software in your host machine
2026-09-26T12:29:50+10:00  error     /health ConnectionAbortedError: [WinError 10053] An established connection was aborted by the software in your host machine
2026-09-26T12:29:50+10:00  error     /health ConnectionAbortedError: [WinError 10053] An established connection was aborted by the software in your host machine
2026-09-26T12:29:50+10:00  error     /health ConnectionAbortedError: [WinError 10053] An established connection was aborted by the software in your host machine
2026-09-26T12:29:50+10:00  error     /health ConnectionAbortedError: [WinError 10053] An established connection was aborted by the software in your host machine
2026-09-26T12:29:50+10:00  error     /health ConnectionAbortedError: [WinError 10053] An established connection was aborted by the software in your host machine
2026-09-26T12:29:50+10:00  error     /health ConnectionAbortedError: [WinError 10053] An established connection was aborted by the software in your host machine
2026-09-26T12:29:50+10:00  error     /health ConnectionAbortedError: [WinError 10053] An established connection was aborted by the software in your host machine
2026-09-26T12:29:50+10:00  error     /health ConnectionAbortedError: [WinError 10053] An established connection was aborted by the software in your host machine
2026-09-26T12:29:50+10:00  error     /bars ConnectionAbortedError: [WinError 10053] An established connection was aborted by the software in your host machine
2026-09-26T12:29:50+10:00  error     /quotes ConnectionAbortedError: [WinError 10053] An established connection was aborted by the software in your host machine
2026-09-26T12:29:50+10:00  error     /health ConnectionAbortedError: [WinError 10053] An established connection was aborted by the software in your host machine
2026-09-26T12:29:50+10:00  error     /spec ConnectionAbortedError: [WinError 10053] An established connection was aborted by the software in your host machine
2026-09-26T12:29:50+10:00  error     /bars ConnectionAbortedError: [WinError 10053] An established connection was aborted by the software in your host machine
2026-09-26T12:29:50+10:00  error     /health ConnectionAbortedError: [WinError 10053] An established connection was aborted by the software in your host machine
2026-09-26T12:29:50+10:00  error     /health ConnectionAbortedError: [WinError 10053] An established connection was aborted by the software in your host machine
2026-09-26T12:29:50+10:00  error     /health ConnectionAbortedError: [WinError 10053] An established connection was aborted by the software in your host machine
2026-09-26T12:29:50+10:00  error     /health ConnectionAbortedError: [WinError 10053] An established connection was aborted by the software in your host machine
2026-09-26T12:29:50+10:00  error     /positions ConnectionAbortedError: [WinError 10053] An established connection was aborted by the software in your host machine
2026-09-26T12:29:50+10:00  error     /health ConnectionAbortedError: [WinError 10053] An established connection was aborted by the software in your host machine
2026-09-26T12:29:50+10:00  error     /bars ConnectionAbortedError: [WinError 10053] An established connection was aborted by the software in your host machine
2026-09-26T12:29:50+10:00  error     /health ConnectionAbortedError: [WinError 10053] An established connection was aborted by the software in your host machine
2026-09-26T12:29:50+10:00  error     /bars ConnectionAbortedError: [WinError 10053] An established connection was aborted by the software in your host machine
2026-09-26T12:29:50+10:00  error     /account ConnectionAbortedError: [WinError 10053] An established connection was aborted by the software in your host machine
2026-09-26T12:29:50+10:00  error     /health ConnectionAbortedError: [WinError 10053] An established connection was aborted by the software in your host machine
2026-09-26T12:29:50+10:00  error     /orders ConnectionAbortedError: [WinError 10053] An established connection was aborted by the software in your host machine
2026-09-26T12:29:50+10:00  error     /bars ConnectionAbortedError: [WinError 10053] An established connection was aborted by the software in your host machine
2026-09-26T12:29:50+10:00  error     /quotes ConnectionAbortedError: [WinError 10053] An established connection was aborted by the software in your host machine
2026-09-26T12:29:50+10:00  error     /health ConnectionAbortedError: [WinError 10053] An established connection was aborted by the software in your host machine
2026-09-26T12:29:50+10:00  error     /health ConnectionAbortedError: [WinError 10053] An established connection was aborted by the software in your host machine
2026-09-26T12:29:50+10:00  error     /health ConnectionAbortedError: [WinError 10053] An established connection was aborted by the software in your host machine
2026-09-26T12:29:50+10:00  error     /quotes ConnectionAbortedError: [WinError 10053] An established connection was aborted by the software in your host machine
2026-09-26T12:29:50+10:00  error     /health ConnectionAbortedError: [WinError 10053] An established connection was aborted by the software in your host machine
2026-09-26T12:29:51+10:00  error     /health ConnectionAbortedError: [WinError 10053] An established connection was aborted by the software in your host machine
2026-09-26T12:29:51+10:00  error     /health ConnectionAbortedError: [WinError 10053] An established connection was aborted by the software in your host machine
2026-09-26T12:29:51+10:00  error     /health ConnectionAbortedError: [WinError 10053] An established connection was aborted by the software in your host machine
2026-09-26T12:29:51+10:00  error     /bars ConnectionAbortedError: [WinError 10053] An established connection was aborted by the software in your host machine
2026-09-26T12:29:51+10:00  error     /health ConnectionAbortedError: [WinError 10053] An established connection was aborted by the software in your host machine
2026-09-26T12:29:51+10:00  error     /positions ConnectionAbortedError: [WinError 10053] An established connection was aborted by the software in your host machine
2026-09-26T12:29:51+10:00  error     /bars ConnectionAbortedError: [WinError 10053] An established connection was aborted by the software in your host machine
2026-09-26T12:29:51+10:00  error     /health ConnectionAbortedError: [WinError 10053] An established connection was aborted by the software in your host machine
2026-09-26T12:29:51+10:00  error     /health ConnectionAbortedError: [WinError 10053] An established connection was aborted by the software in your host machine
2026-09-26T12:29:51+10:00  error     /health ConnectionAbortedError: [WinError 10053] An established connection was aborted by the software in your host machine
2026-09-26T12:29:51+10:00  error     /health ConnectionAbortedError: [WinError 10053] An established connection was aborted by the software in your host machine
2026-09-26T12:29:51+10:00  error     /bars ConnectionAbortedError: [WinError 10053] An established connection was aborted by the software in your host machine
2026-09-26T12:29:51+10:00  error     /quotes ConnectionAbortedError: [WinError 10053] An established connection was aborted by the software in your host machine
2026-09-26T12:29:50+10:00  error     /health ConnectionAbortedError: [WinError 10053] An established connection was aborted by the software in your host machine
2026-09-26T12:29:51+10:00  error     /health ConnectionAbortedError: [WinError 10053] An established connection was aborted by the software in your host machine
2026-09-26T12:29:51+10:00  error     /bars ConnectionAbortedError: [WinError 10053] An established connection was aborted by the software in your host machine
2026-09-26T12:29:51+10:00  error     /health ConnectionAbortedError: [WinError 10053] An established connection was aborted by the software in your host machine
2026-09-26T12:29:51+10:00  error     /health ConnectionAbortedError: [WinError 10053] An established connection was aborted by the software in your host machine
2026-09-26T12:29:51+10:00  error     /health ConnectionAbortedError: [WinError 10053] An established connection was aborted by the software in your host machine
2026-09-26T12:29:51+10:00  error     /health ConnectionAbortedError: [WinError 10053] An established connection was aborted by the software in your host machine
2026-09-26T12:29:51+10:00  error     /health ConnectionAbortedError: [WinError 10053] An established connection was aborted by the software in your host machine
2026-09-26T12:29:51+10:00  error     /bars ConnectionAbortedError: [WinError 10053] An established connection was aborted by the software in your host machine
2026-09-26T12:29:51+10:00  error     /health ConnectionAbortedError: [WinError 10053] An established connection was aborted by the software in your host machine
2026-09-26T12:29:51+10:00  error     /bars ConnectionAbortedError: [WinError 10053] An established connection was aborted by the software in your host machine
2026-09-26T12:29:51+10:00  error     /positions ConnectionAbortedError: [WinError 10053] An established connection was aborted by the software in your host machine
2026-09-26T12:29:51+10:00  error     /bars ConnectionAbortedError: [WinError 10053] An established connection was aborted by the software in your host machine
2026-09-26T12:29:51+10:00  error     /quotes ConnectionAbortedError: [WinError 10053] An established connection was aborted by the software in your host machine
2026-09-26T12:29:51+10:00  error     /quotes ConnectionAbortedError: [WinError 10053] An established connection was aborted by the software in your host machine
2026-09-26T12:29:51+10:00  error     /bars ConnectionAbortedError: [WinError 10053] An established connection was aborted by the software in your host machine
2026-09-26T12:29:51+10:00  error     /deals ConnectionAbortedError: [WinError 10053] An established connection was aborted by the software in your host machine
2026-09-26T12:29:51+10:00  error     /quotes ConnectionAbortedError: [WinError 10053] An established connection was aborted by the software in your host machine
2026-09-26T12:29:51+10:00  error     /health ConnectionAbortedError: [WinError 10053] An established connection was aborted by the software in your host machine
2026-09-26T12:29:51+10:00  error     /health ConnectionAbortedError: [WinError 10053] An established connection was aborted by the software in your host machine
2026-09-26T12:29:51+10:00  error     /health ConnectionAbortedError: [WinError 10053] An established connection was aborted by the software in your host machine
2026-09-26T12:29:51+10:00  error     /quotes ConnectionAbortedError: [WinError 10053] An established connection was aborted by the software in your host machine
2026-09-26T12:29:51+10:00  error     /bars ConnectionAbortedError: [WinError 10053] An established connection was aborted by the software in your host machine
2026-09-26T12:29:51+10:00  error     /quotes ConnectionAbortedError: [WinError 10053] An established connection was aborted by the software in your host machine
2026-09-26T12:29:51+10:00  error     /health ConnectionAbortedError: [WinError 10053] An established connection was aborted by the software in your host machine
2026-09-26T12:29:51+10:00  error     /health ConnectionAbortedError: [WinError 10053] An established connection was aborted by the software in your host machine
2026-09-26T12:29:51+10:00  error     /health ConnectionAbortedError: [WinError 10053] An established connection was aborted by the software in your host machine
2026-09-26T12:29:51+10:00  error     /health ConnectionAbortedError: [WinError 10053] An established connection was aborted by the software in your host machine
2026-09-26T12:29:51+10:00  error     /health ConnectionAbortedError: [WinError 10053] An established connection was aborted by the software in your host machine
2026-09-26T12:29:51+10:00  error     /bars ConnectionAbortedError: [WinError 10053] An established connection was aborted by the software in your host machine
2026-09-26T12:29:51+10:00  error     /orders ConnectionAbortedError: [WinError 10053] An established connection was aborted by the software in your host machine
2026-09-26T12:29:51+10:00  error     /positions ConnectionAbortedError: [WinError 10053] An established connection was aborted by the software in your host machine
2026-09-26T12:29:51+10:00  error     /health ConnectionAbortedError: [WinError 10053] An established connection was aborted by the software in your host machine
2026-09-26T12:29:56+10:00  error     /positions ConnectionAbortedError: [WinError 10053] An established connection was aborted by the software in your host machine
2026-09-26T12:29:51+10:00  error     /orders ConnectionAbortedError: [WinError 10053] An established connection was aborted by the software in your host machine
2026-09-26T12:29:51+10:00  error     /quotes ConnectionAbortedError: [WinError 10053] An established connection was aborted by the software in your host machine
2026-09-26T12:29:51+10:00  error     /quotes ConnectionAbortedError: [WinError 10053] An established connection was aborted by the software in your host machine
2026-09-26T12:29:51+10:00  error     /bars ConnectionAbortedError: [WinError 10053] An established connection was aborted by the software in your host machine
2026-09-26T12:29:51+10:00  error     /quotes ConnectionAbortedError: [WinError 10053] An established connection was aborted by the software in your host machine
2026-09-26T12:29:51+10:00  error     /bars ConnectionAbortedError: [WinError 10053] An established connection was aborted by the software in your host machine
2026-09-26T12:29:51+10:00  error     /health ConnectionAbortedError: [WinError 10053] An established connection was aborted by the software in your host machine
2026-09-26T12:29:51+10:00  error     /health ConnectionAbortedError: [WinError 10053] An established connection was aborted by the software in your host machine
2026-09-26T12:29:51+10:00  error     /health ConnectionAbortedError: [WinError 10053] An established connection was aborted by the software in your host machine
2026-09-26T12:29:51+10:00  error     /bars ConnectionAbortedError: [WinError 10053] An established connection was aborted by the software in your host machine
2026-09-26T12:29:51+10:00  error     /quotes ConnectionAbortedError: [WinError 10053] An established connection was aborted by the software in your host machine
2026-09-26T12:29:51+10:00  error     /quotes ConnectionAbortedError: [WinError 10053] An established connection was aborted by the software in your host machine
2026-09-26T12:29:51+10:00  error     /quotes ConnectionAbortedError: [WinError 10053] An established connection was aborted by the software in your host machine
2026-09-26T12:29:51+10:00  error     /health ConnectionAbortedError: [WinError 10053] An established connection was aborted by the software in your host machine
2026-09-26T12:29:51+10:00  error     /health ConnectionAbortedError: [WinError 10053] An established connection was aborted by the software in your host machine
2026-09-26T12:29:51+10:00  error     /health ConnectionAbortedError: [WinError 10053] An established connection was aborted by the software in your host machine
2026-09-26T12:29:51+10:00  error     /health ConnectionAbortedError: [WinError 10053] An established connection was aborted by the software in your host machine
2026-09-26T12:29:51+10:00  error     /health ConnectionAbortedError: [WinError 10053] An established connection was aborted by the software in your host machine
2026-09-26T12:29:51+10:00  error     /account ConnectionAbortedError: [WinError 10053] An established connection was aborted by the software in your host machine
2026-09-26T12:29:51+10:00  error     /bars ConnectionAbortedError: [WinError 10053] An established connection was aborted by the software in your host machine
2026-09-26T12:29:51+10:00  error     /health ConnectionAbortedError: [WinError 10053] An established connection was aborted by the software in your host machine
2026-09-26T12:29:51+10:00  error     /quotes ConnectionAbortedError: [WinError 10053] An established connection was aborted by the software in your host machine
2026-09-26T12:29:51+10:00  error     /health ConnectionAbortedError: [WinError 10053] An established connection was aborted by the software in your host machine
2026-09-26T12:29:51+10:00  error     /health ConnectionAbortedError: [WinError 10053] An established connection was aborted by the software in your host machine
2026-09-26T12:29:51+10:00  error     /positions ConnectionAbortedError: [WinError 10053] An established connection was aborted by the software in your host machine
2026-09-26T12:29:51+10:00  error     /bars ConnectionAbortedError: [WinError 10053] An established connection was aborted by the software in your host machine
2026-09-26T12:29:51+10:00  error     /health ConnectionAbortedError: [WinError 10053] An established connection was aborted by the software in your host machine
2026-09-26T12:29:51+10:00  error     /quotes ConnectionAbortedError: [WinError 10053] An established connection was aborted by the software in your host machine
2026-09-26T12:29:51+10:00  error     /quotes ConnectionAbortedError: [WinError 10053] An established connection was aborted by the software in your host machine
2026-09-26T12:29:51+10:00  error     /quotes ConnectionAbortedError: [WinError 10053] An established connection was aborted by the software in your host machine
2026-09-26T12:29:51+10:00  error     /health ConnectionAbortedError: [WinError 10053] An established connection was aborted by the software in your host machine
2026-09-26T12:29:51+10:00  error     /health ConnectionAbortedError: [WinError 10053] An established connection was aborted by the software in your host machine
2026-09-26T12:29:51+10:00  error     /health ConnectionAbortedError: [WinError 10053] An established connection was aborted by the software in your host machine
2026-09-26T12:29:51+10:00  error     /positions ConnectionAbortedError: [WinError 10053] An established connection was aborted by the software in your host machine
2026-09-26T12:29:51+10:00  error     /health ConnectionAbortedError: [WinError 10053] An established connection was aborted by the software in your host machine
2026-09-26T12:29:51+10:00  error     /health ConnectionAbortedError: [WinError 10053] An established connection was aborted by the software in your host machine
2026-09-26T12:29:51+10:00  error     /health ConnectionAbortedError: [WinError 10053] An established connection was aborted by the software in your host machine
2026-09-26T12:29:51+10:00  error     /bars ConnectionAbortedError: [WinError 10053] An established connection was aborted by the software in your host machine
2026-09-26T12:29:51+10:00  error     /bars ConnectionAbortedError: [WinError 10053] An established connection was aborted by the software in your host machine
2026-09-26T12:29:51+10:00  error     /orders ConnectionAbortedError: [WinError 10053] An established connection was aborted by the software in your host machine
2026-09-26T12:29:51+10:00  error     /health ConnectionAbortedError: [WinError 10053] An established connection was aborted by the software in your host machine
2026-09-26T12:29:51+10:00  error     /quotes ConnectionAbortedError: [WinError 10053] An established connection was aborted by the software in your host machine
2026-09-26T12:29:51+10:00  error     /account ConnectionAbortedError: [WinError 10053] An established connection was aborted by the software in your host machine
2026-09-26T12:29:51+10:00  error     /health ConnectionAbortedError: [WinError 10053] An established connection was aborted by the software in your host machine
2026-09-26T12:29:51+10:00  error     /health ConnectionAbortedError: [WinError 10053] An established connection was aborted by the software in your host machine
2026-09-26T12:29:51+10:00  error     /quotes ConnectionAbortedError: [WinError 10053] An established connection was aborted by the software in your host machine
2026-09-26T12:29:51+10:00  error     /health ConnectionAbortedError: [WinError 10053] An established connection was aborted by the software in your host machine
2026-09-26T12:29:51+10:00  error     /quotes ConnectionAbortedError: [WinError 10053] An established connection was aborted by the software in your host machine
2026-09-26T12:29:51+10:00  error     /quotes ConnectionAbortedError: [WinError 10053] An established connection was aborted by the software in your host machine
2026-09-26T12:29:51+10:00  error     /quotes ConnectionAbortedError: [WinError 10053] An established connection was aborted by the software in your host machine
2026-09-26T12:29:51+10:00  error     /health ConnectionAbortedError: [WinError 10053] An established connection was aborted by the software in your host machine
2026-09-26T12:29:51+10:00  error     /health ConnectionAbortedError: [WinError 10053] An established connection was aborted by the software in your host machine
2026-09-26T12:29:51+10:00  error     /health ConnectionAbortedError: [WinError 10053] An established connection was aborted by the software in your host machine
2026-09-26T12:29:51+10:00  error     /quotes ConnectionAbortedError: [WinError 10053] An established connection was aborted by the software in your host machine
2026-09-26T12:29:51+10:00  error     /bars ConnectionAbortedError: [WinError 10053] An established connection was aborted by the software in your host machine
2026-09-26T12:29:52+10:00  error     /bars ConnectionAbortedError: [WinError 10053] An established connection was aborted by the software in your host machine
2026-09-26T12:29:52+10:00  error     /health ConnectionAbortedError: [WinError 10053] An established connection was aborted by the software in your host machine
2026-09-26T12:29:52+10:00  error     /bars ConnectionAbortedError: [WinError 10053] An established connection was aborted by the software in your host machine
2026-09-26T12:29:52+10:00  error     /health ConnectionAbortedError: [WinError 10053] An established connection was aborted by the software in your host machine
2026-09-26T12:29:52+10:00  error     /positions ConnectionAbortedError: [WinError 10053] An established connection was aborted by the software in your host machine
2026-09-26T12:29:52+10:00  error     /quotes ConnectionAbortedError: [WinError 10053] An established connection was aborted by the software in your host machine
2026-09-26T12:29:52+10:00  error     /quotes ConnectionAbortedError: [WinError 10053] An established connection was aborted by the software in your host machine
2026-09-26T12:29:52+10:00  error     /account ConnectionAbortedError: [WinError 10053] An established connection was aborted by the software in your host machine
2026-09-26T12:29:52+10:00  error     /health ConnectionAbortedError: [WinError 10053] An established connection was aborted by the software in your host machine
2026-09-26T12:29:52+10:00  error     /positions ConnectionAbortedError: [WinError 10053] An established connection was aborted by the software in your host machine
2026-09-26T12:29:52+10:00  error     /health ConnectionAbortedError: [WinError 10053] An established connection was aborted by the software in your host machine
2026-09-26T12:29:52+10:00  error     /health ConnectionAbortedError: [WinError 10053] An established connection was aborted by the software in your host machine
2026-09-26T12:29:52+10:00  error     /quotes ConnectionAbortedError: [WinError 10053] An established connection was aborted by the software in your host machine
2026-09-26T12:29:52+10:00  error     /orders ConnectionAbortedError: [WinError 10053] An established connection was aborted by the software in your host machine
2026-09-26T12:29:52+10:00  error     /health ConnectionAbortedError: [WinError 10053] An established connection was aborted by the software in your host machine
2026-09-26T12:29:52+10:00  error     /health ConnectionAbortedError: [WinError 10053] An established connection was aborted by the software in your host machine
2026-09-26T12:29:52+10:00  error     /health ConnectionAbortedError: [WinError 10053] An established connection was aborted by the software in your host machine
2026-09-26T12:29:52+10:00  error     /positions ConnectionAbortedError: [WinError 10053] An established connection was aborted by the software in your host machine
2026-09-26T12:29:52+10:00  error     /quotes ConnectionAbortedError: [WinError 10053] An established connection was aborted by the software in your host machine
2026-09-26T12:29:52+10:00  error     /quotes ConnectionAbortedError: [WinError 10053] An established connection was aborted by the software in your host machine
2026-09-26T12:29:52+10:00  error     /health ConnectionAbortedError: [WinError 10053] An established connection was aborted by the software in your host machine
2026-09-26T12:29:52+10:00  error     /account ConnectionAbortedError: [WinError 10053] An established connection was aborted by the software in your host machine
2026-09-26T12:29:52+10:00  error     /health ConnectionAbortedError: [WinError 10053] An established connection was aborted by the software in your host machine
2026-09-26T12:29:52+10:00  error     /bars ConnectionAbortedError: [WinError 10053] An established connection was aborted by the software in your host machine
2026-09-26T12:29:52+10:00  error     /health ConnectionAbortedError: [WinError 10053] An established connection was aborted by the software in your host machine
2026-09-26T12:29:52+10:00  error     /health ConnectionAbortedError: [WinError 10053] An established connection was aborted by the software in your host machine
2026-09-26T12:29:52+10:00  error     /spec ConnectionAbortedError: [WinError 10053] An established connection was aborted by the software in your host machine
2026-09-26T12:29:52+10:00  error     /health ConnectionAbortedError: [WinError 10053] An established connection was aborted by the software in your host machine
2026-09-26T12:29:52+10:00  error     /quotes ConnectionAbortedError: [WinError 10053] An established connection was aborted by the software in your host machine
2026-09-26T12:29:52+10:00  error     /quotes ConnectionAbortedError: [WinError 10053] An established connection was aborted by the software in your host machine
2026-09-26T12:29:52+10:00  error     /health ConnectionAbortedError: [WinError 10053] An established connection was aborted by the software in your host machine
2026-09-26T12:29:52+10:00  error     /quotes ConnectionAbortedError: [WinError 10053] An established connection was aborted by the software in your host machine
2026-09-26T12:29:52+10:00  error     /health ConnectionAbortedError: [WinError 10053] An established connection was aborted by the software in your host machine
2026-09-26T12:29:52+10:00  error     /health ConnectionAbortedError: [WinError 10053] An established connection was aborted by the software in your host machine
2026-09-26T12:29:52+10:00  error     /health ConnectionAbortedError: [WinError 10053] An established connection was aborted by the software in your host machine
2026-09-26T12:29:52+10:00  error     /bars ConnectionAbortedError: [WinError 10053] An established connection was aborted by the software in your host machine
2026-09-26T12:29:52+10:00  error     /orders ConnectionAbortedError: [WinError 10053] An established connection was aborted by the software in your host machine
2026-09-26T12:29:52+10:00  error     /positions ConnectionAbortedError: [WinError 10053] An established connection was aborted by the software in your host machine
2026-09-26T12:29:52+10:00  error     /health ConnectionAbortedError: [WinError 10053] An established connection was aborted by the software in your host machine
2026-09-26T12:29:52+10:00  error     /health ConnectionAbortedError: [WinError 10053] An established connection was aborted by the software in your host machine
2026-09-26T12:29:52+10:00  error     /bars ConnectionAbortedError: [WinError 10053] An established connection was aborted by the software in your host machine
2026-09-26T12:29:52+10:00  error     /health ConnectionAbortedError: [WinError 10053] An established connection was aborted by the software in your host machine
2026-09-26T12:29:52+10:00  error     /health ConnectionAbortedError: [WinError 10053] An established connection was aborted by the software in your host machine
2026-09-26T12:29:52+10:00  error     /orders ConnectionAbortedError: [WinError 10053] An established connection was aborted by the software in your host machine
2026-09-26T12:29:52+10:00  error     /account ConnectionAbortedError: [WinError 10053] An established connection was aborted by the software in your host machine
2026-09-26T12:29:52+10:00  error     /positions ConnectionAbortedError: [WinError 10053] An established connection was aborted by the software in your host machine
2026-09-26T12:29:52+10:00  error     /quotes ConnectionAbortedError: [WinError 10053] An established connection was aborted by the software in your host machine
2026-09-26T12:29:52+10:00  error     /health ConnectionAbortedError: [WinError 10053] An established connection was aborted by the software in your host machine
2026-09-26T12:29:52+10:00  error     /quotes ConnectionAbortedError: [WinError 10053] An established connection was aborted by the software in your host machine
2026-09-26T12:29:52+10:00  error     /health ConnectionAbortedError: [WinError 10053] An established connection was aborted by the software in your host machine
2026-09-26T12:29:52+10:00  error     /health ConnectionAbortedError: [WinError 10053] An established connection was aborted by the software in your host machine
2026-09-26T12:29:52+10:00  error     /health ConnectionAbortedError: [WinError 10053] An established connection was aborted by the software in your host machine
2026-09-26T12:29:52+10:00  error     /quotes ConnectionAbortedError: [WinError 10053] An established connection was aborted by the software in your host machine
2026-09-26T12:29:52+10:00  error     /health ConnectionAbortedError: [WinError 10053] An established connection was aborted by the software in your host machine
2026-09-26T12:29:52+10:00  error     /quotes ConnectionAbortedError: [WinError 10053] An established connection was aborted by the software in your host machine
2026-09-26T12:29:52+10:00  error     /quotes ConnectionAbortedError: [WinError 10053] An established connection was aborted by the software in your host machine
2026-09-26T12:29:52+10:00  error     /health ConnectionAbortedError: [WinError 10053] An established connection was aborted by the software in your host machine
2026-09-26T12:29:52+10:00  error     /quotes ConnectionAbortedError: [WinError 10053] An established connection was aborted by the software in your host machine
2026-09-26T12:29:52+10:00  error     /health ConnectionAbortedError: [WinError 10053] An established connection was aborted by the software in your host machine
2026-09-26T12:29:52+10:00  error     /quotes ConnectionAbortedError: [WinError 10053] An established connection was aborted by the software in your host machine
2026-09-26T12:29:52+10:00  error     /health ConnectionAbortedError: [WinError 10053] An established connection was aborted by the software in your host machine
2026-09-26T12:29:52+10:00  error     /bars ConnectionAbortedError: [WinError 10053] An established connection was aborted by the software in your host machine
2026-09-26T12:30:00+10:00  error     /quotes ConnectionAbortedError: [WinError 10053] An established connection was aborted by the software in your host machine
2026-09-26T12:29:52+10:00  error     /deals ConnectionAbortedError: [WinError 10053] An established connection was aborted by the software in your host machine
2026-09-26T12:29:52+10:00  error     /health ConnectionAbortedError: [WinError 10053] An established connection was aborted by the software in your host machine
2026-09-26T12:29:52+10:00  error     /health ConnectionAbortedError: [WinError 10053] An established connection was aborted by the software in your host machine
2026-09-26T12:29:52+10:00  error     /account ConnectionAbortedError: [WinError 10053] An established connection was aborted by the software in your host machine
2026-09-26T12:29:52+10:00  error     /positions ConnectionAbortedError: [WinError 10053] An established connection was aborted by the software in your host machine
2026-09-26T12:29:52+10:00  error     /quotes ConnectionAbortedError: [WinError 10053] An established connection was aborted by the software in your host machine
2026-09-26T12:29:52+10:00  error     /bars ConnectionAbortedError: [WinError 10053] An established connection was aborted by the software in your host machine
2026-09-26T12:29:52+10:00  error     /health ConnectionAbortedError: [WinError 10053] An established connection was aborted by the software in your host machine
2026-09-26T12:29:52+10:00  error     /health ConnectionAbortedError: [WinError 10053] An established connection was aborted by the software in your host machine
2026-09-26T12:29:52+10:00  error     /health ConnectionAbortedError: [WinError 10053] An established connection was aborted by the software in your host machine
2026-09-26T12:29:52+10:00  error     /health ConnectionAbortedError: [WinError 10053] An established connection was aborted by the software in your host machine
2026-09-26T12:29:52+10:00  error     /quotes ConnectionAbortedError: [WinError 10053] An established connection was aborted by the software in your host machine
2026-09-26T12:29:52+10:00  error     /quotes ConnectionAbortedError: [WinError 10053] An established connection was aborted by the software in your host machine
2026-09-26T12:29:52+10:00  error     /health ConnectionAbortedError: [WinError 10053] An established connection was aborted by the software in your host machine
2026-09-26T12:29:52+10:00  error     /health ConnectionAbortedError: [WinError 10053] An established connection was aborted by the software in your host machine
2026-09-26T12:29:52+10:00  error     /health ConnectionAbortedError: [WinError 10053] An established connection was aborted by the software in your host machine
2026-09-26T12:29:52+10:00  error     /health ConnectionAbortedError: [WinError 10053] An established connection was aborted by the software in your host machine
2026-09-26T12:29:52+10:00  error     /spec ConnectionAbortedError: [WinError 10053] An established connection was aborted by the software in your host machine
2026-09-26T12:29:52+10:00  error     /positions ConnectionAbortedError: [WinError 10053] An established connection was aborted by the software in your host machine
2026-09-26T12:29:52+10:00  error     /health ConnectionAbortedError: [WinError 10053] An established connection was aborted by the software in your host machine
2026-09-26T12:29:52+10:00  error     /orders ConnectionAbortedError: [WinError 10053] An established connection was aborted by the software in your host machine
2026-09-26T12:29:52+10:00  error     /health ConnectionAbortedError: [WinError 10053] An established connection was aborted by the software in your host machine
2026-09-26T12:30:01+10:00  error     /health ConnectionAbortedError: [WinError 10053] An established connection was aborted by the software in your host machine
2026-09-26T12:29:52+10:00  error     /quotes ConnectionAbortedError: [WinError 10053] An established connection was aborted by the software in your host machine
2026-09-26T12:29:52+10:00  error     /bars ConnectionAbortedError: [WinError 10053] An established connection was aborted by the software in your host machine
2026-09-26T12:29:52+10:00  error     /health ConnectionAbortedError: [WinError 10053] An established connection was aborted by the software in your host machine
2026-09-26T12:29:52+10:00  error     /quotes ConnectionAbortedError: [WinError 10053] An established connection was aborted by the software in your host machine
2026-09-26T12:29:52+10:00  error     /health ConnectionAbortedError: [WinError 10053] An established connection was aborted by the software in your host machine
2026-09-26T12:29:52+10:00  error     /bars ConnectionAbortedError: [WinError 10053] An established connection was aborted by the software in your host machine
2026-09-26T12:30:02+10:00  error     /orders ConnectionAbortedError: [WinError 10053] An established connection was aborted by the software in your host machine
2026-09-26T12:29:52+10:00  error     /health ConnectionAbortedError: [WinError 10053] An established connection was aborted by the software in your host machine
2026-09-26T12:29:52+10:00  error     /quotes ConnectionAbortedError: [WinError 10053] An established connection was aborted by the software in your host machine
2026-09-26T12:29:52+10:00  error     /health ConnectionAbortedError: [WinError 10053] An established connection was aborted by the software in your host machine
2026-09-26T12:29:52+10:00  error     /bars ConnectionAbortedError: [WinError 10053] An established connection was aborted by the software in your host machine
2026-09-26T12:29:52+10:00  error     /quotes ConnectionAbortedError: [WinError 10053] An established connection was aborted by the software in your host machine
2026-09-26T12:29:52+10:00  error     /health ConnectionAbortedError: [WinError 10053] An established connection was aborted by the software in your host machine
2026-09-26T12:29:52+10:00  error     /bars ConnectionAbortedError: [WinError 10053] An established connection was aborted by the software in your host machine
2026-09-26T12:29:52+10:00  error     /health ConnectionAbortedError: [WinError 10053] An established connection was aborted by the software in your host machine
2026-09-26T12:29:52+10:00  error     /quotes ConnectionAbortedError: [WinError 10053] An established connection was aborted by the software in your host machine
2026-09-26T12:29:52+10:00  error     /health ConnectionAbortedError: [WinError 10053] An established connection was aborted by the software in your host machine
2026-09-26T12:29:52+10:00  error     /quotes ConnectionAbortedError: [WinError 10053] An established connection was aborted by the software in your host machine
2026-09-26T12:29:52+10:00  error     /quotes ConnectionAbortedError: [WinError 10053] An established connection was aborted by the software in your host machine
2026-09-26T12:29:52+10:00  error     /health ConnectionAbortedError: [WinError 10053] An established connection was aborted by the software in your host machine
2026-09-26T12:29:52+10:00  error     /health ConnectionAbortedError: [WinError 10053] An established connection was aborted by the software in your host machine
2026-09-26T12:29:52+10:00  error     /health ConnectionAbortedError: [WinError 10053] An established connection was aborted by the software in your host machine
2026-09-26T12:29:52+10:00  error     /bars ConnectionAbortedError: [WinError 10053] An established connection was aborted by the software in your host machine
2026-09-26T12:29:52+10:00  error     /quotes ConnectionAbortedError: [WinError 10053] An established connection was aborted by the software in your host machine
2026-09-26T12:29:52+10:00  error     /spec ConnectionAbortedError: [WinError 10053] An established connection was aborted by the software in your host machine
2026-09-26T12:29:52+10:00  error     /health ConnectionAbortedError: [WinError 10053] An established connection was aborted by the software in your host machine
2026-09-26T12:29:52+10:00  error     /health ConnectionAbortedError: [WinError 10053] An established connection was aborted by the software in your host machine
2026-09-26T12:29:52+10:00  error     /health ConnectionAbortedError: [WinError 10053] An established connection was aborted by the software in your host machine
2026-09-26T12:29:52+10:00  error     /health ConnectionAbortedError: [WinError 10053] An established connection was aborted by the software in your host machine
2026-09-26T12:29:52+10:00  error     /quotes ConnectionAbortedError: [WinError 10053] An established connection was aborted by the software in your host machine
2026-09-26T12:29:52+10:00  error     /bars ConnectionAbortedError: [WinError 10053] An established connection was aborted by the software in your host machine
2026-09-26T12:29:52+10:00  error     /positions ConnectionAbortedError: [WinError 10053] An established connection was aborted by the software in your host machine
2026-09-26T12:29:52+10:00  error     /health ConnectionAbortedError: [WinError 10053] An established connection was aborted by the software in your host machine
2026-09-26T12:29:52+10:00  error     /spec ConnectionAbortedError: [WinError 10053] An established connection was aborted by the software in your host machine
2026-09-26T12:29:52+10:00  error     /health ConnectionAbortedError: [WinError 10053] An established connection was aborted by the software in your host machine
2026-09-26T12:29:52+10:00  error     /health ConnectionAbortedError: [WinError 10053] An established connection was aborted by the software in your host machine
2026-09-26T12:29:52+10:00  error     /quotes ConnectionAbortedError: [WinError 10053] An established connection was aborted by the software in your host machine
2026-09-26T12:29:52+10:00  error     /bars ConnectionAbortedError: [WinError 10053] An established connection was aborted by the software in your host machine
2026-09-26T12:29:52+10:00  error     /quotes ConnectionAbortedError: [WinError 10053] An established connection was aborted by the software in your host machine
2026-09-26T12:29:52+10:00  error     /health ConnectionAbortedError: [WinError 10053] An established connection was aborted by the software in your host machine
2026-09-26T12:29:52+10:00  error     /health ConnectionAbortedError: [WinError 10053] An established connection was aborted by the software in your host machine
2026-09-26T12:29:52+10:00  error     /health ConnectionAbortedError: [WinError 10053] An established connection was aborted by the software in your host machine
2026-09-26T12:29:52+10:00  error     /health ConnectionAbortedError: [WinError 10053] An established connection was aborted by the software in your host machine
2026-09-26T12:29:53+10:00  error     /bars ConnectionAbortedError: [WinError 10053] An established connection was aborted by the software in your host machine
2026-09-26T12:29:53+10:00  error     /quotes ConnectionAbortedError: [WinError 10053] An established connection was aborted by the software in your host machine
2026-09-26T12:29:53+10:00  error     /health ConnectionAbortedError: [WinError 10053] An established connection was aborted by the software in your host machine
2026-09-26T12:29:53+10:00  error     /quotes ConnectionAbortedError: [WinError 10053] An established connection was aborted by the software in your host machine
2026-09-26T12:29:53+10:00  error     /account ConnectionAbortedError: [WinError 10053] An established connection was aborted by the software in your host machine
2026-09-26T12:29:53+10:00  error     /orders ConnectionAbortedError: [WinError 10053] An established connection was aborted by the software in your host machine
2026-09-26T12:29:53+10:00  error     /health ConnectionAbortedError: [WinError 10053] An established connection was aborted by the software in your host machine
2026-09-26T12:29:53+10:00  error     /bars ConnectionAbortedError: [WinError 10053] An established connection was aborted by the software in your host machine
2026-09-26T12:29:53+10:00  error     /health ConnectionAbortedError: [WinError 10053] An established connection was aborted by the software in your host machine
2026-09-26T12:29:53+10:00  error     /health ConnectionAbortedError: [WinError 10053] An established connection was aborted by the software in your host machine
2026-09-26T12:29:53+10:00  error     /health ConnectionAbortedError: [WinError 10053] An established connection was aborted by the software in your host machine
2026-09-26T12:29:53+10:00  error     /quotes ConnectionAbortedError: [WinError 10053] An established connection was aborted by the software in your host machine
2026-09-26T12:29:53+10:00  error     /bars ConnectionAbortedError: [WinError 10053] An established connection was aborted by the software in your host machine
2026-09-26T12:29:53+10:00  error     /health ConnectionAbortedError: [WinError 10053] An established connection was aborted by the software in your host machine
2026-09-26T12:29:53+10:00  error     /quotes ConnectionAbortedError: [WinError 10053] An established connection was aborted by the software in your host machine
2026-09-26T12:29:53+10:00  error     /spec ConnectionAbortedError: [WinError 10053] An established connection was aborted by the software in your host machine
2026-09-26T12:29:53+10:00  error     /quotes ConnectionAbortedError: [WinError 10053] An established connection was aborted by the software in your host machine
2026-09-26T12:29:53+10:00  error     /health ConnectionAbortedError: [WinError 10053] An established connection was aborted by the software in your host machine
2026-09-26T12:29:53+10:00  error     /health ConnectionAbortedError: [WinError 10053] An established connection was aborted by the software in your host machine
2026-09-26T12:29:53+10:00  error     /health ConnectionAbortedError: [WinError 10053] An established connection was aborted by the software in your host machine
2026-09-26T12:29:53+10:00  error     /bars ConnectionAbortedError: [WinError 10053] An established connection was aborted by the software in your host machine
2026-09-26T12:29:53+10:00  error     /quotes ConnectionAbortedError: [WinError 10053] An established connection was aborted by the software in your host machine
2026-09-26T12:29:53+10:00  error     /health ConnectionAbortedError: [WinError 10053] An established connection was aborted by the software in your host machine
2026-09-26T12:29:53+10:00  error     /bars ConnectionAbortedError: [WinError 10053] An established connection was aborted by the software in your host machine
2026-09-26T12:29:53+10:00  error     /health ConnectionAbortedError: [WinError 10053] An established connection was aborted by the software in your host machine
2026-09-26T12:29:53+10:00  error     /health ConnectionAbortedError: [WinError 10053] An established connection was aborted by the software in your host machine
2026-09-26T12:29:53+10:00  error     /quotes ConnectionAbortedError: [WinError 10053] An established connection was aborted by the software in your host machine
2026-09-26T12:29:53+10:00  error     /positions ConnectionAbortedError: [WinError 10053] An established connection was aborted by the software in your host machine
2026-09-26T12:29:53+10:00  error     /health ConnectionAbortedError: [WinError 10053] An established connection was aborted by the software in your host machine
2026-09-26T12:29:53+10:00  error     /bars ConnectionAbortedError: [WinError 10053] An established connection was aborted by the software in your host machine
2026-09-26T12:29:53+10:00  error     /health ConnectionAbortedError: [WinError 10053] An established connection was aborted by the software in your host machine
2026-09-26T12:29:53+10:00  error     /positions ConnectionAbortedError: [WinError 10053] An established connection was aborted by the software in your host machine
2026-09-26T12:29:53+10:00  error     /health ConnectionAbortedError: [WinError 10053] An established connection was aborted by the software in your host machine
2026-09-26T12:29:53+10:00  error     /quotes ConnectionAbortedError: [WinError 10053] An established connection was aborted by the software in your host machine
2026-09-26T12:29:53+10:00  error     /quotes ConnectionAbortedError: [WinError 10053] An established connection was aborted by the software in your host machine
2026-09-26T12:29:53+10:00  error     /health ConnectionAbortedError: [WinError 10053] An established connection was aborted by the software in your host machine
2026-09-26T12:29:53+10:00  error     /bars ConnectionAbortedError: [WinError 10053] An established connection was aborted by the software in your host machine
2026-09-26T12:29:53+10:00  error     /health ConnectionAbortedError: [WinError 10053] An established connection was aborted by the software in your host machine
2026-09-26T12:29:53+10:00  error     /health ConnectionAbortedError: [WinError 10053] An established connection was aborted by the software in your host machine
2026-09-26T12:29:53+10:00  error     /quotes ConnectionAbortedError: [WinError 10053] An established connection was aborted by the software in your host machine
2026-09-26T12:29:53+10:00  error     /health ConnectionAbortedError: [WinError 10053] An established connection was aborted by the software in your host machine
2026-09-26T12:29:53+10:00  error     /bars ConnectionAbortedError: [WinError 10053] An established connection was aborted by the software in your host machine
2026-09-26T12:29:53+10:00  error     /quotes ConnectionAbortedError: [WinError 10053] An established connection was aborted by the software in your host machine
2026-09-26T12:29:53+10:00  error     /quotes ConnectionAbortedError: [WinError 10053] An established connection was aborted by the software in your host machine
2026-09-26T12:29:53+10:00  error     /health ConnectionAbortedError: [WinError 10053] An established connection was aborted by the software in your host machine
2026-09-26T12:29:53+10:00  error     /account ConnectionAbortedError: [WinError 10053] An established connection was aborted by the software in your host machine
2026-09-26T12:29:53+10:00  error     /health ConnectionAbortedError: [WinError 10053] An established connection was aborted by the software in your host machine
2026-09-26T12:29:53+10:00  error     /bars ConnectionAbortedError: [WinError 10053] An established connection was aborted by the software in your host machine
2026-09-26T12:29:53+10:00  error     /health ConnectionAbortedError: [WinError 10053] An established connection was aborted by the software in your host machine
2026-09-26T12:29:53+10:00  error     /quotes ConnectionAbortedError: [WinError 10053] An established connection was aborted by the software in your host machine
2026-09-26T12:29:53+10:00  error     /health ConnectionAbortedError: [WinError 10053] An established connection was aborted by the software in your host machine
2026-09-26T12:29:53+10:00  error     /orders ConnectionAbortedError: [WinError 10053] An established connection was aborted by the software in your host machine
2026-09-26T12:29:53+10:00  error     /quotes ConnectionAbortedError: [WinError 10053] An established connection was aborted by the software in your host machine
2026-09-26T12:29:53+10:00  error     /bars ConnectionAbortedError: [WinError 10053] An established connection was aborted by the software in your host machine
2026-09-26T12:29:53+10:00  error     /health ConnectionAbortedError: [WinError 10053] An established connection was aborted by the software in your host machine
2026-09-26T12:29:53+10:00  error     /health ConnectionAbortedError: [WinError 10053] An established connection was aborted by the software in your host machine
2026-09-26T12:29:53+10:00  error     /health ConnectionAbortedError: [WinError 10053] An established connection was aborted by the software in your host machine
2026-09-26T12:29:53+10:00  error     /health ConnectionAbortedError: [WinError 10053] An established connection was aborted by the software in your host machine
2026-09-26T12:29:53+10:00  error     /quotes ConnectionAbortedError: [WinError 10053] An established connection was aborted by the software in your host machine
2026-09-26T12:29:53+10:00  error     /bars ConnectionAbortedError: [WinError 10053] An established connection was aborted by the software in your host machine
2026-09-26T12:29:53+10:00  error     /quotes ConnectionAbortedError: [WinError 10053] An established connection was aborted by the software in your host machine
2026-09-26T12:29:53+10:00  error     /health ConnectionAbortedError: [WinError 10053] An established connection was aborted by the software in your host machine
2026-09-26T12:29:53+10:00  error     /positions ConnectionAbortedError: [WinError 10053] An established connection was aborted by the software in your host machine
2026-09-26T12:29:53+10:00  error     /health ConnectionAbortedError: [WinError 10053] An established connection was aborted by the software in your host machine
2026-09-26T12:29:53+10:00  error     /quotes ConnectionAbortedError: [WinError 10053] An established connection was aborted by the software in your host machine
2026-09-26T12:29:53+10:00  error     /orders ConnectionAbortedError: [WinError 10053] An established connection was aborted by the software in your host machine
2026-09-26T12:29:53+10:00  error     /health ConnectionAbortedError: [WinError 10053] An established connection was aborted by the software in your host machine
2026-09-26T12:29:53+10:00  error     /bars ConnectionAbortedError: [WinError 10053] An established connection was aborted by the software in your host machine
2026-09-26T12:29:53+10:00  error     /account ConnectionAbortedError: [WinError 10053] An established connection was aborted by the software in your host machine
2026-09-26T12:29:53+10:00  error     /health ConnectionAbortedError: [WinError 10053] An established connection was aborted by the software in your host machine
2026-09-26T12:29:53+10:00  error     /positions ConnectionAbortedError: [WinError 10053] An established connection was aborted by the software in your host machine
2026-09-26T12:29:53+10:00  error     /health ConnectionAbortedError: [WinError 10053] An established connection was aborted by the software in your host machine
2026-09-26T12:29:53+10:00  error     /health ConnectionAbortedError: [WinError 10053] An established connection was aborted by the software in your host machine
2026-09-26T12:29:53+10:00  error     /health ConnectionAbortedError: [WinError 10053] An established connection was aborted by the software in your host machine
2026-09-26T12:29:53+10:00  error     /health ConnectionAbortedError: [WinError 10053] An established connection was aborted by the software in your host machine
2026-09-26T12:29:53+10:00  error     /positions ConnectionAbortedError: [WinError 10053] An established connection was aborted by the software in your host machine
2026-09-26T12:29:53+10:00  error     /health ConnectionAbortedError: [WinError 10053] An established connection was aborted by the software in your host machine
2026-09-26T12:29:53+10:00  error     /bars ConnectionAbortedError: [WinError 10053] An established connection was aborted by the software in your host machine
2026-09-26T12:29:53+10:00  error     /quotes ConnectionAbortedError: [WinError 10053] An established connection was aborted by the software in your host machine
2026-09-26T12:29:53+10:00  error     /health ConnectionAbortedError: [WinError 10053] An established connection was aborted by the software in your host machine
2026-09-26T12:29:53+10:00  error     /quotes ConnectionAbortedError: [WinError 10053] An established connection was aborted by the software in your host machine
2026-09-26T12:29:53+10:00  error     /positions ConnectionAbortedError: [WinError 10053] An established connection was aborted by the software in your host machine
2026-09-26T12:29:53+10:00  error     /bars ConnectionAbortedError: [WinError 10053] An established connection was aborted by the software in your host machine
2026-09-26T12:29:53+10:00  error     /bars ConnectionAbortedError: [WinError 10053] An established connection was aborted by the software in your host machine
2026-09-26T12:29:53+10:00  error     /positions ConnectionAbortedError: [WinError 10053] An established connection was aborted by the software in your host machine
2026-09-26T12:29:53+10:00  error     /quotes ConnectionAbortedError: [WinError 10053] An established connection was aborted by the software in your host machine
2026-09-26T12:29:53+10:00  error     /quotes ConnectionAbortedError: [WinError 10053] An established connection was aborted by the software in your host machine
2026-09-26T12:29:53+10:00  error     /quotes ConnectionAbortedError: [WinError 10053] An established connection was aborted by the software in your host machine
2026-09-26T12:29:53+10:00  error     /health ConnectionAbortedError: [WinError 10053] An established connection was aborted by the software in your host machine
2026-09-26T12:29:53+10:00  error     /health ConnectionAbortedError: [WinError 10053] An established connection was aborted by the software in your host machine
2026-09-26T12:29:53+10:00  error     /health ConnectionAbortedError: [WinError 10053] An established connection was aborted by the software in your host machine
2026-09-26T12:29:53+10:00  error     /account ConnectionAbortedError: [WinError 10053] An established connection was aborted by the software in your host machine
2026-09-26T12:29:53+10:00  error     /quotes ConnectionAbortedError: [WinError 10053] An established connection was aborted by the software in your host machine
2026-09-26T12:29:53+10:00  error     /health ConnectionAbortedError: [WinError 10053] An established connection was aborted by the software in your host machine
2026-09-26T12:29:53+10:00  error     /orders ConnectionAbortedError: [WinError 10053] An established connection was aborted by the software in your host machine
2026-09-26T12:29:53+10:00  error     /quotes ConnectionAbortedError: [WinError 10053] An established connection was aborted by the software in your host machine
2026-09-26T12:29:53+10:00  error     /health ConnectionAbortedError: [WinError 10053] An established connection was aborted by the software in your host machine
2026-09-26T12:29:53+10:00  error     /quotes ConnectionAbortedError: [WinError 10053] An established connection was aborted by the software in your host machine
2026-09-26T12:29:53+10:00  error     /quotes ConnectionAbortedError: [WinError 10053] An established connection was aborted by the software in your host machine
2026-09-26T12:29:53+10:00  error     /health ConnectionAbortedError: [WinError 10053] An established connection was aborted by the software in your host machine
2026-09-26T12:29:53+10:00  error     /health ConnectionAbortedError: [WinError 10053] An established connection was aborted by the software in your host machine
2026-09-26T12:29:53+10:00  error     /orders ConnectionAbortedError: [WinError 10053] An established connection was aborted by the software in your host machine
2026-09-26T12:29:53+10:00  error     /health ConnectionAbortedError: [WinError 10053] An established connection was aborted by the software in your host machine
2026-09-26T12:29:53+10:00  error     /health ConnectionAbortedError: [WinError 10053] An established connection was aborted by the software in your host machine
2026-09-26T12:29:53+10:00  error     /health ConnectionAbortedError: [WinError 10053] An established connection was aborted by the software in your host machine
2026-09-26T12:29:53+10:00  error     /quotes ConnectionAbortedError: [WinError 10053] An established connection was aborted by the software in your host machine
2026-09-26T12:29:53+10:00  error     /health ConnectionAbortedError: [WinError 10053] An established connection was aborted by the software in your host machine
2026-09-26T12:29:53+10:00  error     /bars ConnectionAbortedError: [WinError 10053] An established connection was aborted by the software in your host machine
2026-09-26T12:29:53+10:00  error     /quotes ConnectionAbortedError: [WinError 10053] An established connection was aborted by the software in your host machine
2026-09-26T12:29:53+10:00  error     /health ConnectionAbortedError: [WinError 10053] An established connection was aborted by the software in your host machine
2026-09-26T12:29:53+10:00  error     /health ConnectionAbortedError: [WinError 10053] An established connection was aborted by the software in your host machine
2026-09-26T12:29:53+10:00  error     /bars ConnectionAbortedError: [WinError 10053] An established connection was aborted by the software in your host machine
2026-09-26T12:29:53+10:00  error     /spec ConnectionAbortedError: [WinError 10053] An established connection was aborted by the software in your host machine
2026-09-26T12:29:53+10:00  error     /health ConnectionAbortedError: [WinError 10053] An established connection was aborted by the software in your host machine
2026-09-26T12:29:53+10:00  error     /health ConnectionAbortedError: [WinError 10053] An established connection was aborted by the software in your host machine
2026-09-26T12:29:53+10:00  error     /health ConnectionAbortedError: [WinError 10053] An established connection was aborted by the software in your host machine
2026-09-26T12:29:53+10:00  error     /quotes ConnectionAbortedError: [WinError 10053] An established connection was aborted by the software in your host machine
2026-09-26T12:29:53+10:00  error     /quotes ConnectionAbortedError: [WinError 10053] An established connection was aborted by the software in your host machine
2026-09-26T12:29:53+10:00  error     /quotes ConnectionAbortedError: [WinError 10053] An established connection was aborted by the software in your host machine
2026-09-26T12:29:53+10:00  error     /health ConnectionAbortedError: [WinError 10053] An established connection was aborted by the software in your host machine
2026-09-26T12:29:53+10:00  error     /quotes ConnectionAbortedError: [WinError 10053] An established connection was aborted by the software in your host machine
2026-09-26T12:29:53+10:00  error     /health ConnectionAbortedError: [WinError 10053] An established connection was aborted by the software in your host machine
2026-09-26T12:29:53+10:00  error     /quotes ConnectionAbortedError: [WinError 10053] An established connection was aborted by the software in your host machine
2026-09-26T12:29:53+10:00  error     /health ConnectionAbortedError: [WinError 10053] An established connection was aborted by the software in your host machine
2026-09-26T12:29:53+10:00  error     /health ConnectionAbortedError: [WinError 10053] An established connection was aborted by the software in your host machine
2026-09-26T12:29:53+10:00  error     /health ConnectionAbortedError: [WinError 10053] An established connection was aborted by the software in your host machine
2026-09-26T12:29:53+10:00  error     /health ConnectionAbortedError: [WinError 10053] An established connection was aborted by the software in your host machine
2026-09-26T12:29:53+10:00  error     /bars ConnectionAbortedError: [WinError 10053] An established connection was aborted by the software in your host machine
2026-09-26T12:29:53+10:00  error     /bars ConnectionAbortedError: [WinError 10053] An established connection was aborted by the software in your host machine
2026-09-26T12:29:53+10:00  error     /health ConnectionAbortedError: [WinError 10053] An established connection was aborted by the software in your host machine
2026-09-26T12:29:53+10:00  error     /orders ConnectionAbortedError: [WinError 10053] An established connection was aborted by the software in your host machine
2026-09-26T12:29:53+10:00  error     /quotes ConnectionAbortedError: [WinError 10053] An established connection was aborted by the software in your host machine
2026-09-26T12:29:53+10:00  error     /account ConnectionAbortedError: [WinError 10053] An established connection was aborted by the software in your host machine
2026-09-26T12:29:53+10:00  error     /positions ConnectionAbortedError: [WinError 10053] An established connection was aborted by the software in your host machine
2026-09-26T12:29:53+10:00  error     /quotes ConnectionAbortedError: [WinError 10053] An established connection was aborted by the software in your host machine
2026-09-26T12:29:53+10:00  error     /quotes ConnectionAbortedError: [WinError 10053] An established connection was aborted by the software in your host machine
2026-09-26T12:29:53+10:00  error     /health ConnectionAbortedError: [WinError 10053] An established connection was aborted by the software in your host machine
2026-09-26T12:29:53+10:00  error     /health ConnectionAbortedError: [WinError 10053] An established connection was aborted by the software in your host machine
2026-09-26T12:29:53+10:00  error     /account ConnectionAbortedError: [WinError 10053] An established connection was aborted by the software in your host machine
2026-09-26T12:29:53+10:00  error     /health ConnectionAbortedError: [WinError 10053] An established connection was aborted by the software in your host machine
2026-09-26T12:29:53+10:00  error     /health ConnectionAbortedError: [WinError 10053] An established connection was aborted by the software in your host machine
2026-09-26T12:29:53+10:00  error     /quotes ConnectionAbortedError: [WinError 10053] An established connection was aborted by the software in your host machine
2026-09-26T12:29:53+10:00  error     /health ConnectionAbortedError: [WinError 10053] An established connection was aborted by the software in your host machine
2026-09-26T12:29:53+10:00  error     /bars ConnectionAbortedError: [WinError 10053] An established connection was aborted by the software in your host machine
2026-09-26T12:29:53+10:00  error     /health ConnectionAbortedError: [WinError 10053] An established connection was aborted by the software in your host machine
2026-09-26T12:29:53+10:00  error     /quotes ConnectionAbortedError: [WinError 10053] An established connection was aborted by the software in your host machine
2026-09-26T12:29:53+10:00  error     /health ConnectionAbortedError: [WinError 10053] An established connection was aborted by the software in your host machine
2026-09-26T12:29:53+10:00  error     /health ConnectionAbortedError: [WinError 10053] An established connection was aborted by the software in your host machine
2026-09-26T12:29:53+10:00  error     /quotes ConnectionAbortedError: [WinError 10053] An established connection was aborted by the software in your host machine
2026-09-26T12:29:53+10:00  error     /positions ConnectionAbortedError: [WinError 10053] An established connection was aborted by the software in your host machine
2026-09-26T12:29:53+10:00  error     /quotes ConnectionAbortedError: [WinError 10053] An established connection was aborted by the software in your host machine
2026-09-26T12:29:53+10:00  error     /health ConnectionAbortedError: [WinError 10053] An established connection was aborted by the software in your host machine
2026-09-26T12:29:54+10:00  error     /bars ConnectionAbortedError: [WinError 10053] An established connection was aborted by the software in your host machine
2026-09-26T12:29:54+10:00  error     /bars ConnectionAbortedError: [WinError 10053] An established connection was aborted by the software in your host machine
2026-09-26T12:29:54+10:00  error     /health ConnectionAbortedError: [WinError 10053] An established connection was aborted by the software in your host machine
2026-09-26T12:29:54+10:00  error     /health ConnectionAbortedError: [WinError 10053] An established connection was aborted by the software in your host machine
2026-09-26T12:29:54+10:00  error     /quotes ConnectionAbortedError: [WinError 10053] An established connection was aborted by the software in your host machine
2026-09-26T12:29:54+10:00  error     /quotes ConnectionAbortedError: [WinError 10053] An established connection was aborted by the software in your host machine
2026-09-26T12:29:54+10:00  error     /health ConnectionAbortedError: [WinError 10053] An established connection was aborted by the software in your host machine
2026-09-26T12:29:54+10:00  error     /health ConnectionAbortedError: [WinError 10053] An established connection was aborted by the software in your host machine
2026-09-26T12:29:54+10:00  error     /positions ConnectionAbortedError: [WinError 10053] An established connection was aborted by the software in your host machine
2026-09-26T12:29:54+10:00  error     /health ConnectionAbortedError: [WinError 10053] An established connection was aborted by the software in your host machine
2026-09-26T12:29:54+10:00  error     /health ConnectionAbortedError: [WinError 10053] An established connection was aborted by the software in your host machine
2026-09-26T12:29:54+10:00  error     /spec ConnectionAbortedError: [WinError 10053] An established connection was aborted by the software in your host machine
2026-09-26T12:29:54+10:00  error     /health ConnectionAbortedError: [WinError 10053] An established connection was aborted by the software in your host machine
2026-09-26T12:29:54+10:00  error     /health ConnectionAbortedError: [WinError 10053] An established connection was aborted by the software in your host machine
2026-09-26T12:29:54+10:00  error     /account ConnectionAbortedError: [WinError 10053] An established connection was aborted by the software in your host machine
2026-09-26T12:29:54+10:00  error     /health ConnectionAbortedError: [WinError 10053] An established connection was aborted by the software in your host machine
2026-09-26T12:29:54+10:00  error     /health ConnectionAbortedError: [WinError 10053] An established connection was aborted by the software in your host machine
2026-09-26T12:29:54+10:00  error     /orders ConnectionAbortedError: [WinError 10053] An established connection was aborted by the software in your host machine
2026-09-26T12:29:54+10:00  error     /health ConnectionAbortedError: [WinError 10053] An established connection was aborted by the software in your host machine
2026-09-26T12:29:54+10:00  error     /quotes ConnectionAbortedError: [WinError 10053] An established connection was aborted by the software in your host machine
2026-09-26T12:29:54+10:00  error     /quotes ConnectionAbortedError: [WinError 10053] An established connection was aborted by the software in your host machine
2026-09-26T12:29:54+10:00  error     /health ConnectionAbortedError: [WinError 10053] An established connection was aborted by the software in your host machine
2026-09-26T12:29:54+10:00  error     /health ConnectionAbortedError: [WinError 10053] An established connection was aborted by the software in your host machine
2026-09-26T12:29:54+10:00  error     /account ConnectionAbortedError: [WinError 10053] An established connection was aborted by the software in your host machine
2026-09-26T12:29:54+10:00  error     /health ConnectionAbortedError: [WinError 10053] An established connection was aborted by the software in your host machine
2026-09-26T12:29:54+10:00  error     /quotes ConnectionAbortedError: [WinError 10053] An established connection was aborted by the software in your host machine
2026-09-26T12:29:54+10:00  error     /quotes ConnectionAbortedError: [WinError 10053] An established connection was aborted by the software in your host machine
2026-09-26T12:29:54+10:00  error     /quotes ConnectionAbortedError: [WinError 10053] An established connection was aborted by the software in your host machine
2026-09-26T12:29:54+10:00  error     /health ConnectionAbortedError: [WinError 10053] An established connection was aborted by the software in your host machine
2026-09-26T12:29:54+10:00  error     /health ConnectionAbortedError: [WinError 10053] An established connection was aborted by the software in your host machine
2026-09-26T12:29:54+10:00  error     /health ConnectionAbortedError: [WinError 10053] An established connection was aborted by the software in your host machine
2026-09-26T12:29:54+10:00  error     /bars ConnectionAbortedError: [WinError 10053] An established connection was aborted by the software in your host machine
2026-09-26T12:29:54+10:00  error     /bars ConnectionAbortedError: [WinError 10053] An established connection was aborted by the software in your host machine
2026-09-26T12:29:54+10:00  error     /health ConnectionAbortedError: [WinError 10053] An established connection was aborted by the software in your host machine
2026-09-26T12:29:54+10:00  error     /quotes ConnectionAbortedError: [WinError 10053] An established connection was aborted by the software in your host machine
2026-09-26T12:29:54+10:00  error     /quotes ConnectionAbortedError: [WinError 10053] An established connection was aborted by the software in your host machine
2026-09-26T12:29:54+10:00  error     /health ConnectionAbortedError: [WinError 10053] An established connection was aborted by the software in your host machine
2026-09-26T12:29:54+10:00  error     /positions ConnectionAbortedError: [WinError 10053] An established connection was aborted by the software in your host machine
2026-09-26T12:29:54+10:00  error     /health ConnectionAbortedError: [WinError 10053] An established connection was aborted by the software in your host machine
2026-09-26T12:29:54+10:00  error     /positions ConnectionAbortedError: [WinError 10053] An established connection was aborted by the software in your host machine
2026-09-26T12:29:54+10:00  error     /health ConnectionAbortedError: [WinError 10053] An established connection was aborted by the software in your host machine
2026-09-26T12:29:54+10:00  error     /quotes ConnectionAbortedError: [WinError 10053] An established connection was aborted by the software in your host machine
2026-09-26T12:29:54+10:00  error     /health ConnectionAbortedError: [WinError 10053] An established connection was aborted by the software in your host machine
2026-09-26T12:29:54+10:00  error     /quotes ConnectionAbortedError: [WinError 10053] An established connection was aborted by the software in your host machine
2026-09-26T12:29:54+10:00  error     /bars ConnectionAbortedError: [WinError 10053] An established connection was aborted by the software in your host machine
2026-09-26T12:29:54+10:00  error     /health ConnectionAbortedError: [WinError 10053] An established connection was aborted by the software in your host machine
2026-09-26T12:29:54+10:00  error     /positions ConnectionAbortedError: [WinError 10053] An established connection was aborted by the software in your host machine
2026-09-26T12:29:54+10:00  error     /bars ConnectionAbortedError: [WinError 10053] An established connection was aborted by the software in your host machine
2026-09-26T12:29:54+10:00  error     /health ConnectionAbortedError: [WinError 10053] An established connection was aborted by the software in your host machine
2026-09-26T12:29:54+10:00  error     /health ConnectionAbortedError: [WinError 10053] An established connection was aborted by the software in your host machine
2026-09-26T12:29:54+10:00  error     /quotes ConnectionAbortedError: [WinError 10053] An established connection was aborted by the software in your host machine
2026-09-26T12:29:54+10:00  error     /health ConnectionAbortedError: [WinError 10053] An established connection was aborted by the software in your host machine
2026-09-26T12:29:54+10:00  error     /health ConnectionAbortedError: [WinError 10053] An established connection was aborted by the software in your host machine
2026-09-26T12:29:54+10:00  error     /spec ConnectionAbortedError: [WinError 10053] An established connection was aborted by the software in your host machine
2026-09-26T12:29:54+10:00  error     /quotes ConnectionAbortedError: [WinError 10053] An established connection was aborted by the software in your host machine
2026-09-26T12:29:54+10:00  error     /health ConnectionAbortedError: [WinError 10053] An established connection was aborted by the software in your host machine
2026-09-26T12:29:54+10:00  error     /health ConnectionAbortedError: [WinError 10053] An established connection was aborted by the software in your host machine
2026-09-26T12:29:54+10:00  error     /health ConnectionAbortedError: [WinError 10053] An established connection was aborted by the software in your host machine
2026-09-26T12:29:54+10:00  error     /deals ConnectionAbortedError: [WinError 10053] An established connection was aborted by the software in your host machine
2026-09-26T12:29:54+10:00  error     /health ConnectionAbortedError: [WinError 10053] An established connection was aborted by the software in your host machine
2026-09-26T12:29:54+10:00  error     /orders ConnectionAbortedError: [WinError 10053] An established connection was aborted by the software in your host machine
2026-09-26T12:29:54+10:00  error     /quotes ConnectionAbortedError: [WinError 10053] An established connection was aborted by the software in your host machine
2026-09-26T12:29:54+10:00  error     /quotes ConnectionAbortedError: [WinError 10053] An established connection was aborted by the software in your host machine
2026-09-26T12:29:54+10:00  error     /spec ConnectionAbortedError: [WinError 10053] An established connection was aborted by the software in your host machine
2026-09-26T12:29:54+10:00  error     /quotes ConnectionAbortedError: [WinError 10053] An established connection was aborted by the software in your host machine
2026-09-26T12:29:54+10:00  error     /health ConnectionAbortedError: [WinError 10053] An established connection was aborted by the software in your host machine
2026-09-26T12:29:54+10:00  error     /quotes ConnectionAbortedError: [WinError 10053] An established connection was aborted by the software in your host machine
2026-09-26T12:29:54+10:00  error     /health ConnectionAbortedError: [WinError 10053] An established connection was aborted by the software in your host machine
2026-09-26T12:29:54+10:00  error     /account ConnectionAbortedError: [WinError 10053] An established connection was aborted by the software in your host machine
2026-09-26T12:29:54+10:00  error     /quotes ConnectionAbortedError: [WinError 10053] An established connection was aborted by the software in your host machine
2026-09-26T12:29:54+10:00  error     /health ConnectionAbortedError: [WinError 10053] An established connection was aborted by the software in your host machine
2026-09-26T12:29:54+10:00  error     /health ConnectionAbortedError: [WinError 10053] An established connection was aborted by the software in your host machine
2026-09-26T12:29:54+10:00  error     /health ConnectionAbortedError: [WinError 10053] An established connection was aborted by the software in your host machine
2026-09-26T12:29:54+10:00  error     /bars ConnectionAbortedError: [WinError 10053] An established connection was aborted by the software in your host machine
2026-09-26T12:29:54+10:00  error     /quotes ConnectionAbortedError: [WinError 10053] An established connection was aborted by the software in your host machine
2026-09-26T12:29:54+10:00  error     /health ConnectionAbortedError: [WinError 10053] An established connection was aborted by the software in your host machine
2026-09-26T12:29:54+10:00  error     /health ConnectionAbortedError: [WinError 10053] An established connection was aborted by the software in your host machine
2026-09-26T12:29:54+10:00  error     /account ConnectionAbortedError: [WinError 10053] An established connection was aborted by the software in your host machine
2026-09-26T12:29:54+10:00  error     /positions ConnectionAbortedError: [WinError 10053] An established connection was aborted by the software in your host machine
2026-09-26T12:29:54+10:00  error     /quotes ConnectionAbortedError: [WinError 10053] An established connection was aborted by the software in your host machine
2026-09-26T12:29:54+10:00  error     /health ConnectionAbortedError: [WinError 10053] An established connection was aborted by the software in your host machine
2026-09-26T12:29:54+10:00  error     /orders ConnectionAbortedError: [WinError 10053] An established connection was aborted by the software in your host machine
2026-09-26T12:29:54+10:00  error     /health ConnectionAbortedError: [WinError 10053] An established connection was aborted by the software in your host machine
2026-09-26T12:29:54+10:00  error     /health ConnectionAbortedError: [WinError 10053] An established connection was aborted by the software in your host machine
2026-09-26T12:29:54+10:00  error     /quotes ConnectionAbortedError: [WinError 10053] An established connection was aborted by the software in your host machine
2026-09-26T12:29:54+10:00  error     /quotes ConnectionAbortedError: [WinError 10053] An established connection was aborted by the software in your host machine
2026-09-26T12:29:54+10:00  error     /bars ConnectionAbortedError: [WinError 10053] An established connection was aborted by the software in your host machine
2026-09-26T12:29:54+10:00  error     /positions ConnectionAbortedError: [WinError 10053] An established connection was aborted by the software in your host machine
2026-09-26T12:29:54+10:00  error     /health ConnectionAbortedError: [WinError 10053] An established connection was aborted by the software in your host machine
2026-09-26T12:29:54+10:00  error     /health ConnectionAbortedError: [WinError 10053] An established connection was aborted by the software in your host machine
2026-09-26T12:29:54+10:00  error     /health ConnectionAbortedError: [WinError 10053] An established connection was aborted by the software in your host machine
2026-09-26T12:29:54+10:00  error     /quotes ConnectionAbortedError: [WinError 10053] An established connection was aborted by the software in your host machine
2026-09-26T12:29:54+10:00  error     /bars ConnectionAbortedError: [WinError 10053] An established connection was aborted by the software in your host machine
2026-09-26T12:29:54+10:00  error     /health ConnectionAbortedError: [WinError 10053] An established connection was aborted by the software in your host machine
2026-09-26T12:29:54+10:00  error     /health ConnectionAbortedError: [WinError 10053] An established connection was aborted by the software in your host machine
2026-09-26T12:29:54+10:00  error     /bars ConnectionAbortedError: [WinError 10053] An established connection was aborted by the software in your host machine
2026-09-26T12:29:54+10:00  error     /quotes ConnectionAbortedError: [WinError 10053] An established connection was aborted by the software in your host machine
2026-09-26T12:29:54+10:00  error     /health ConnectionAbortedError: [WinError 10053] An established connection was aborted by the software in your host machine
2026-09-26T12:29:54+10:00  error     /positions ConnectionAbortedError: [WinError 10053] An established connection was aborted by the software in your host machine
2026-09-26T12:29:54+10:00  error     /health ConnectionAbortedError: [WinError 10053] An established connection was aborted by the software in your host machine
2026-09-26T12:29:54+10:00  error     /health ConnectionAbortedError: [WinError 10053] An established connection was aborted by the software in your host machine
2026-09-26T12:29:54+10:00  error     /health ConnectionAbortedError: [WinError 10053] An established connection was aborted by the software in your host machine
2026-09-26T12:29:54+10:00  error     /spec ConnectionAbortedError: [WinError 10053] An established connection was aborted by the software in your host machine
2026-09-26T12:29:54+10:00  error     /bars ConnectionAbortedError: [WinError 10053] An established connection was aborted by the software in your host machine
2026-09-26T12:29:54+10:00  error     /health ConnectionAbortedError: [WinError 10053] An established connection was aborted by the software in your host machine
2026-09-26T12:29:54+10:00  error     /quotes ConnectionAbortedError: [WinError 10053] An established connection was aborted by the software in your host machine
2026-09-26T12:29:54+10:00  error     /health ConnectionAbortedError: [WinError 10053] An established connection was aborted by the software in your host machine
2026-09-26T12:29:54+10:00  error     /bars ConnectionAbortedError: [WinError 10053] An established connection was aborted by the software in your host machine
2026-09-26T12:29:54+10:00  error     /orders ConnectionAbortedError: [WinError 10053] An established connection was aborted by the software in your host machine
2026-09-26T12:29:54+10:00  error     /health ConnectionAbortedError: [WinError 10053] An established connection was aborted by the software in your host machine
2026-09-26T12:29:54+10:00  error     /health ConnectionAbortedError: [WinError 10053] An established connection was aborted by the software in your host machine
2026-09-26T12:29:54+10:00  error     /quotes ConnectionAbortedError: [WinError 10053] An established connection was aborted by the software in your host machine
2026-09-26T12:29:54+10:00  error     /health ConnectionAbortedError: [WinError 10053] An established connection was aborted by the software in your host machine
2026-09-26T12:29:54+10:00  error     /quotes ConnectionAbortedError: [WinError 10053] An established connection was aborted by the software in your host machine
2026-09-26T12:29:54+10:00  error     /health ConnectionAbortedError: [WinError 10053] An established connection was aborted by the software in your host machine
2026-09-26T12:29:54+10:00  error     /health ConnectionAbortedError: [WinError 10053] An established connection was aborted by the software in your host machine
2026-09-26T12:29:54+10:00  error     /quotes ConnectionAbortedError: [WinError 10053] An established connection was aborted by the software in your host machine
2026-09-26T12:29:54+10:00  error     /quotes ConnectionAbortedError: [WinError 10053] An established connection was aborted by the software in your host machine
2026-09-26T12:29:54+10:00  error     /health ConnectionAbortedError: [WinError 10053] An established connection was aborted by the software in your host machine
2026-09-26T12:29:54+10:00  error     /health ConnectionAbortedError: [WinError 10053] An established connection was aborted by the software in your host machine
2026-09-26T12:29:54+10:00  error     /health ConnectionAbortedError: [WinError 10053] An established connection was aborted by the software in your host machine
2026-09-26T12:29:54+10:00  error     /quotes ConnectionAbortedError: [WinError 10053] An established connection was aborted by the software in your host machine
2026-09-26T12:29:54+10:00  error     /bars ConnectionAbortedError: [WinError 10053] An established connection was aborted by the software in your host machine
2026-09-26T12:29:54+10:00  error     /quotes ConnectionAbortedError: [WinError 10053] An established connection was aborted by the software in your host machine
2026-09-26T12:29:54+10:00  error     /bars ConnectionAbortedError: [WinError 10053] An established connection was aborted by the software in your host machine
2026-09-26T12:29:54+10:00  error     /health ConnectionAbortedError: [WinError 10053] An established connection was aborted by the software in your host machine
2026-09-26T12:29:54+10:00  error     /account ConnectionAbortedError: [WinError 10053] An established connection was aborted by the software in your host machine
2026-09-26T12:29:54+10:00  error     /quotes ConnectionAbortedError: [WinError 10053] An established connection was aborted by the software in your host machine
2026-09-26T12:29:54+10:00  error     /bars ConnectionAbortedError: [WinError 10053] An established connection was aborted by the software in your host machine
2026-09-26T12:29:54+10:00  error     /health ConnectionAbortedError: [WinError 10053] An established connection was aborted by the software in your host machine
2026-09-26T12:29:54+10:00  error     /positions ConnectionAbortedError: [WinError 10053] An established connection was aborted by the software in your host machine
2026-09-26T12:29:54+10:00  error     /orders ConnectionAbortedError: [WinError 10053] An established connection was aborted by the software in your host machine
2026-09-26T12:29:54+10:00  error     /health ConnectionAbortedError: [WinError 10053] An established connection was aborted by the software in your host machine
2026-09-26T12:29:54+10:00  error     /bars ConnectionAbortedError: [WinError 10053] An established connection was aborted by the software in your host machine
2026-09-26T12:29:54+10:00  error     /health ConnectionAbortedError: [WinError 10053] An established connection was aborted by the software in your host machine
2026-09-26T12:29:54+10:00  error     /quotes ConnectionAbortedError: [WinError 10053] An established connection was aborted by the software in your host machine
2026-09-26T12:29:54+10:00  error     /health ConnectionAbortedError: [WinError 10053] An established connection was aborted by the software in your host machine
2026-09-26T12:29:54+10:00  error     /health ConnectionAbortedError: [WinError 10053] An established connection was aborted by the software in your host machine
2026-09-26T12:29:54+10:00  error     /health ConnectionAbortedError: [WinError 10053] An established connection was aborted by the software in your host machine
2026-09-26T12:29:54+10:00  error     /health ConnectionAbortedError: [WinError 10053] An established connection was aborted by the software in your host machine
2026-09-26T12:29:54+10:00  error     /quotes ConnectionAbortedError: [WinError 10053] An established connection was aborted by the software in your host machine
2026-09-26T12:29:54+10:00  error     /quotes ConnectionAbortedError: [WinError 10053] An established connection was aborted by the software in your host machine
2026-09-26T12:29:54+10:00  error     /positions ConnectionAbortedError: [WinError 10053] An established connection was aborted by the software in your host machine
2026-09-26T12:29:54+10:00  error     /health ConnectionAbortedError: [WinError 10053] An established connection was aborted by the software in your host machine
2026-09-26T12:29:54+10:00  error     /health ConnectionAbortedError: [WinError 10053] An established connection was aborted by the software in your host machine
2026-09-26T12:29:54+10:00  error     /quotes ConnectionAbortedError: [WinError 10053] An established connection was aborted by the software in your host machine
2026-09-26T12:29:54+10:00  error     /quotes ConnectionAbortedError: [WinError 10053] An established connection was aborted by the software in your host machine
2026-09-26T12:29:55+10:00  error     /health ConnectionAbortedError: [WinError 10053] An established connection was aborted by the software in your host machine
2026-09-26T12:29:55+10:00  error     /spec ConnectionAbortedError: [WinError 10053] An established connection was aborted by the software in your host machine
2026-09-26T12:29:55+10:00  error     /bars ConnectionAbortedError: [WinError 10053] An established connection was aborted by the software in your host machine
2026-09-26T12:29:55+10:00  error     /bars ConnectionAbortedError: [WinError 10053] An established connection was aborted by the software in your host machine
2026-09-26T12:29:55+10:00  error     /health ConnectionAbortedError: [WinError 10053] An established connection was aborted by the software in your host machine
2026-09-26T12:29:55+10:00  error     /health ConnectionAbortedError: [WinError 10053] An established connection was aborted by the software in your host machine
2026-09-26T12:29:55+10:00  error     /health ConnectionAbortedError: [WinError 10053] An established connection was aborted by the software in your host machine
2026-09-26T12:29:55+10:00  error     /health ConnectionAbortedError: [WinError 10053] An established connection was aborted by the software in your host machine
2026-09-26T12:29:55+10:00  error     /bars ConnectionAbortedError: [WinError 10053] An established connection was aborted by the software in your host machine
2026-09-26T12:29:55+10:00  error     /health ConnectionAbortedError: [WinError 10053] An established connection was aborted by the software in your host machine
2026-09-26T12:29:55+10:00  error     /orders ConnectionAbortedError: [WinError 10053] An established connection was aborted by the software in your host machine
2026-09-26T12:29:55+10:00  error     /health ConnectionAbortedError: [WinError 10053] An established connection was aborted by the software in your host machine
2026-09-26T12:29:55+10:00  error     /bars ConnectionAbortedError: [WinError 10053] An established connection was aborted by the software in your host machine
2026-09-26T12:29:55+10:00  error     /bars ConnectionAbortedError: [WinError 10053] An established connection was aborted by the software in your host machine
2026-09-26T12:29:55+10:00  error     /health ConnectionAbortedError: [WinError 10053] An established connection was aborted by the software in your host machine
2026-09-26T12:29:55+10:00  error     /health ConnectionAbortedError: [WinError 10053] An established connection was aborted by the software in your host machine
2026-09-26T12:29:55+10:00  error     /health ConnectionAbortedError: [WinError 10053] An established connection was aborted by the software in your host machine
2026-09-26T12:29:55+10:00  error     /quotes ConnectionAbortedError: [WinError 10053] An established connection was aborted by the software in your host machine
2026-09-26T12:29:55+10:00  error     /bars ConnectionAbortedError: [WinError 10053] An established connection was aborted by the software in your host machine
2026-09-26T12:29:55+10:00  error     /quotes ConnectionAbortedError: [WinError 10053] An established connection was aborted by the software in your host machine
2026-09-26T12:29:55+10:00  error     /health ConnectionAbortedError: [WinError 10053] An established connection was aborted by the software in your host machine
2026-09-26T12:29:55+10:00  error     /health ConnectionAbortedError: [WinError 10053] An established connection was aborted by the software in your host machine
2026-09-26T12:29:55+10:00  error     /quotes ConnectionAbortedError: [WinError 10053] An established connection was aborted by the software in your host machine
2026-09-26T12:29:55+10:00  error     /quotes ConnectionAbortedError: [WinError 10053] An established connection was aborted by the software in your host machine
2026-09-26T12:29:55+10:00  error     /health ConnectionAbortedError: [WinError 10053] An established connection was aborted by the software in your host machine
2026-09-26T12:29:55+10:00  error     /quotes ConnectionAbortedError: [WinError 10053] An established connection was aborted by the software in your host machine
2026-09-26T12:29:55+10:00  error     /health ConnectionAbortedError: [WinError 10053] An established connection was aborted by the software in your host machine
2026-09-26T12:29:55+10:00  error     /health ConnectionAbortedError: [WinError 10053] An established connection was aborted by the software in your host machine
2026-09-26T12:29:55+10:00  error     /bars ConnectionAbortedError: [WinError 10053] An established connection was aborted by the software in your host machine
2026-09-26T12:29:55+10:00  error     /quotes ConnectionAbortedError: [WinError 10053] An established connection was aborted by the software in your host machine
2026-09-26T12:29:55+10:00  error     /health ConnectionAbortedError: [WinError 10053] An established connection was aborted by the software in your host machine
2026-09-26T12:29:55+10:00  error     /bars ConnectionAbortedError: [WinError 10053] An established connection was aborted by the software in your host machine
2026-09-26T12:29:55+10:00  error     /health ConnectionAbortedError: [WinError 10053] An established connection was aborted by the software in your host machine
2026-09-26T12:29:55+10:00  error     /quotes ConnectionAbortedError: [WinError 10053] An established connection was aborted by the software in your host machine
2026-09-26T12:29:55+10:00  error     /quotes ConnectionAbortedError: [WinError 10053] An established connection was aborted by the software in your host machine
2026-09-26T12:29:55+10:00  error     /bars ConnectionAbortedError: [WinError 10053] An established connection was aborted by the software in your host machine
2026-09-26T12:29:55+10:00  error     /bars ConnectionAbortedError: [WinError 10053] An established connection was aborted by the software in your host machine
2026-09-26T12:29:55+10:00  error     /health ConnectionAbortedError: [WinError 10053] An established connection was aborted by the software in your host machine
2026-09-26T12:29:55+10:00  error     /bars ConnectionAbortedError: [WinError 10053] An established connection was aborted by the software in your host machine
2026-09-26T12:29:55+10:00  error     /health ConnectionAbortedError: [WinError 10053] An established connection was aborted by the software in your host machine
2026-09-26T12:29:55+10:00  error     /health ConnectionAbortedError: [WinError 10053] An established connection was aborted by the software in your host machine
2026-09-26T12:29:55+10:00  error     /health ConnectionAbortedError: [WinError 10053] An established connection was aborted by the software in your host machine
2026-09-26T12:29:55+10:00  error     /health ConnectionAbortedError: [WinError 10053] An established connection was aborted by the software in your host machine
2026-09-26T12:29:55+10:00  error     /health ConnectionAbortedError: [WinError 10053] An established connection was aborted by the software in your host machine
2026-09-26T12:29:55+10:00  error     /health ConnectionAbortedError: [WinError 10053] An established connection was aborted by the software in your host machine
2026-09-26T12:29:55+10:00  error     /quotes ConnectionAbortedError: [WinError 10053] An established connection was aborted by the software in your host machine
2026-09-26T12:29:55+10:00  error     /quotes ConnectionAbortedError: [WinError 10053] An established connection was aborted by the software in your host machine
2026-09-26T12:29:55+10:00  error     /bars ConnectionAbortedError: [WinError 10053] An established connection was aborted by the software in your host machine
2026-09-26T12:29:55+10:00  error     /positions ConnectionAbortedError: [WinError 10053] An established connection was aborted by the software in your host machine
2026-09-26T12:29:55+10:00  error     /spec ConnectionAbortedError: [WinError 10053] An established connection was aborted by the software in your host machine
2026-09-26T12:29:55+10:00  error     /health ConnectionAbortedError: [WinError 10053] An established connection was aborted by the software in your host machine
2026-09-26T12:29:55+10:00  error     /health ConnectionAbortedError: [WinError 10053] An established connection was aborted by the software in your host machine
2026-09-26T12:29:55+10:00  error     /health ConnectionAbortedError: [WinError 10053] An established connection was aborted by the software in your host machine
2026-09-26T12:29:55+10:00  error     /quotes ConnectionAbortedError: [WinError 10053] An established connection was aborted by the software in your host machine
2026-09-26T12:29:55+10:00  error     /account ConnectionAbortedError: [WinError 10053] An established connection was aborted by the software in your host machine
2026-09-26T12:29:55+10:00  error     /health ConnectionAbortedError: [WinError 10053] An established connection was aborted by the software in your host machine
2026-09-26T12:29:55+10:00  error     /health ConnectionAbortedError: [WinError 10053] An established connection was aborted by the software in your host machine
2026-09-26T12:29:55+10:00  error     /quotes ConnectionAbortedError: [WinError 10053] An established connection was aborted by the software in your host machine
2026-09-26T12:29:55+10:00  error     /health ConnectionAbortedError: [WinError 10053] An established connection was aborted by the software in your host machine
2026-09-26T12:29:55+10:00  error     /health ConnectionAbortedError: [WinError 10053] An established connection was aborted by the software in your host machine
2026-09-26T12:29:55+10:00  error     /health ConnectionAbortedError: [WinError 10053] An established connection was aborted by the software in your host machine
2026-09-26T12:29:55+10:00  error     /quotes ConnectionAbortedError: [WinError 10053] An established connection was aborted by the software in your host machine
2026-09-26T12:29:55+10:00  error     /bars ConnectionAbortedError: [WinError 10053] An established connection was aborted by the software in your host machine
2026-09-26T12:29:55+10:00  error     /account ConnectionAbortedError: [WinError 10053] An established connection was aborted by the software in your host machine
2026-09-26T12:29:55+10:00  error     /health ConnectionAbortedError: [WinError 10053] An established connection was aborted by the software in your host machine
2026-09-26T12:29:55+10:00  error     /quotes ConnectionAbortedError: [WinError 10053] An established connection was aborted by the software in your host machine
2026-09-26T12:29:55+10:00  error     /orders ConnectionAbortedError: [WinError 10053] An established connection was aborted by the software in your host machine
2026-09-26T12:29:55+10:00  error     /health ConnectionAbortedError: [WinError 10053] An established connection was aborted by the software in your host machine
2026-09-26T12:29:55+10:00  error     /bars ConnectionAbortedError: [WinError 10053] An established connection was aborted by the software in your host machine
2026-09-26T12:29:55+10:00  error     /bars ConnectionAbortedError: [WinError 10053] An established connection was aborted by the software in your host machine
2026-09-26T12:29:55+10:00  error     /health ConnectionAbortedError: [WinError 10053] An established connection was aborted by the software in your host machine
2026-09-26T12:29:55+10:00  error     /health ConnectionAbortedError: [WinError 10053] An established connection was aborted by the software in your host machine
2026-09-26T12:29:56+10:00  error     /quotes ConnectionAbortedError: [WinError 10053] An established connection was aborted by the software in your host machine
2026-09-26T12:29:56+10:00  error     /positions ConnectionAbortedError: [WinError 10053] An established connection was aborted by the software in your host machine
2026-09-26T12:29:56+10:00  error     /quotes ConnectionAbortedError: [WinError 10053] An established connection was aborted by the software in your host machine
2026-09-26T12:29:56+10:00  error     /health ConnectionAbortedError: [WinError 10053] An established connection was aborted by the software in your host machine
2026-09-26T12:29:56+10:00  error     /health ConnectionAbortedError: [WinError 10053] An established connection was aborted by the software in your host machine
2026-09-26T12:29:56+10:00  error     /health ConnectionAbortedError: [WinError 10053] An established connection was aborted by the software in your host machine
2026-09-26T12:29:56+10:00  error     /bars ConnectionAbortedError: [WinError 10053] An established connection was aborted by the software in your host machine
2026-09-26T12:29:56+10:00  error     /health ConnectionAbortedError: [WinError 10053] An established connection was aborted by the software in your host machine
2026-09-26T12:29:56+10:00  error     /positions ConnectionAbortedError: [WinError 10053] An established connection was aborted by the software in your host machine
2026-09-26T12:29:56+10:00  error     /health ConnectionAbortedError: [WinError 10053] An established connection was aborted by the software in your host machine
2026-09-26T12:29:56+10:00  error     /quotes ConnectionAbortedError: [WinError 10053] An established connection was aborted by the software in your host machine
2026-09-26T12:29:56+10:00  error     /quotes ConnectionAbortedError: [WinError 10053] An established connection was aborted by the software in your host machine
2026-09-26T12:29:56+10:00  error     /bars ConnectionAbortedError: [WinError 10053] An established connection was aborted by the software in your host machine
2026-09-26T12:29:56+10:00  error     /account ConnectionAbortedError: [WinError 10053] An established connection was aborted by the software in your host machine
2026-09-26T12:29:56+10:00  error     /health ConnectionAbortedError: [WinError 10053] An established connection was aborted by the software in your host machine
2026-09-26T12:29:56+10:00  error     /health ConnectionAbortedError: [WinError 10053] An established connection was aborted by the software in your host machine
2026-09-26T12:29:56+10:00  error     /health ConnectionAbortedError: [WinError 10053] An established connection was aborted by the software in your host machine
2026-09-26T12:29:56+10:00  error     /positions ConnectionAbortedError: [WinError 10053] An established connection was aborted by the software in your host machine
2026-09-26T12:29:56+10:00  error     /quotes ConnectionAbortedError: [WinError 10053] An established connection was aborted by the software in your host machine
2026-09-26T12:29:56+10:00  error     /quotes ConnectionAbortedError: [WinError 10053] An established connection was aborted by the software in your host machine
2026-09-26T12:29:56+10:00  error     /quotes ConnectionAbortedError: [WinError 10053] An established connection was aborted by the software in your host machine
2026-09-26T12:29:56+10:00  error     /account ConnectionAbortedError: [WinError 10053] An established connection was aborted by the software in your host machine
2026-09-26T12:29:56+10:00  error     /deals ConnectionAbortedError: [WinError 10053] An established connection was aborted by the software in your host machine
2026-09-26T12:29:56+10:00  error     /health ConnectionAbortedError: [WinError 10053] An established connection was aborted by the software in your host machine
2026-09-26T12:29:56+10:00  error     /health ConnectionAbortedError: [WinError 10053] An established connection was aborted by the software in your host machine
2026-09-26T12:29:56+10:00  error     /health ConnectionAbortedError: [WinError 10053] An established connection was aborted by the software in your host machine
2026-09-26T12:29:56+10:00  error     /quotes ConnectionAbortedError: [WinError 10053] An established connection was aborted by the software in your host machine
2026-09-26T12:29:56+10:00  error     /health ConnectionAbortedError: [WinError 10053] An established connection was aborted by the software in your host machine
2026-09-26T12:29:56+10:00  error     /health ConnectionAbortedError: [WinError 10053] An established connection was aborted by the software in your host machine
2026-09-26T12:29:56+10:00  error     /quotes ConnectionAbortedError: [WinError 10053] An established connection was aborted by the software in your host machine
2026-09-26T12:29:56+10:00  error     /health ConnectionAbortedError: [WinError 10053] An established connection was aborted by the software in your host machine
2026-09-26T12:29:56+10:00  error     /quotes ConnectionAbortedError: [WinError 10053] An established connection was aborted by the software in your host machine
2026-09-26T12:29:56+10:00  error     /positions ConnectionAbortedError: [WinError 10053] An established connection was aborted by the software in your host machine
2026-09-26T12:29:56+10:00  error     /account ConnectionAbortedError: [WinError 10053] An established connection was aborted by the software in your host machine
2026-09-26T12:29:56+10:00  error     /health ConnectionAbortedError: [WinError 10053] An established connection was aborted by the software in your host machine
2026-09-26T12:29:56+10:00  error     /health ConnectionAbortedError: [WinError 10053] An established connection was aborted by the software in your host machine
2026-09-26T12:29:56+10:00  error     /health ConnectionAbortedError: [WinError 10053] An established connection was aborted by the software in your host machine
2026-09-26T12:29:56+10:00  error     /quotes ConnectionAbortedError: [WinError 10053] An established connection was aborted by the software in your host machine
2026-09-26T12:29:56+10:00  error     /positions ConnectionAbortedError: [WinError 10053] An established connection was aborted by the software in your host machine
2026-09-26T12:29:56+10:00  error     /orders ConnectionAbortedError: [WinError 10053] An established connection was aborted by the software in your host machine
2026-09-26T12:29:56+10:00  error     /orders ConnectionAbortedError: [WinError 10053] An established connection was aborted by the software in your host machine
2026-09-26T12:29:56+10:00  error     /account ConnectionAbortedError: [WinError 10053] An established connection was aborted by the software in your host machine
2026-09-26T12:29:56+10:00  error     /quotes ConnectionAbortedError: [WinError 10053] An established connection was aborted by the software in your host machine
2026-09-26T12:29:56+10:00  error     /quotes ConnectionAbortedError: [WinError 10053] An established connection was aborted by the software in your host machine
2026-09-26T12:29:56+10:00  error     /health ConnectionAbortedError: [WinError 10053] An established connection was aborted by the software in your host machine
2026-09-26T12:29:56+10:00  error     /health ConnectionAbortedError: [WinError 10053] An established connection was aborted by the software in your host machine
2026-09-26T12:29:56+10:00  error     /positions ConnectionAbortedError: [WinError 10053] An established connection was aborted by the software in your host machine
2026-09-26T12:29:56+10:00  error     /health ConnectionAbortedError: [WinError 10053] An established connection was aborted by the software in your host machine
2026-09-26T12:29:56+10:00  error     /health ConnectionAbortedError: [WinError 10053] An established connection was aborted by the software in your host machine
2026-09-26T12:29:56+10:00  error     /health ConnectionAbortedError: [WinError 10053] An established connection was aborted by the software in your host machine
2026-09-26T12:29:56+10:00  error     /quotes ConnectionAbortedError: [WinError 10053] An established connection was aborted by the software in your host machine
2026-09-26T12:29:56+10:00  error     /health ConnectionAbortedError: [WinError 10053] An established connection was aborted by the software in your host machine
2026-09-26T12:29:56+10:00  error     /bars ConnectionAbortedError: [WinError 10053] An established connection was aborted by the software in your host machine
2026-09-26T12:29:56+10:00  error     /health ConnectionAbortedError: [WinError 10053] An established connection was aborted by the software in your host machine
2026-09-26T12:29:56+10:00  error     /quotes ConnectionAbortedError: [WinError 10053] An established connection was aborted by the software in your host machine
2026-09-26T12:29:56+10:00  error     /positions ConnectionAbortedError: [WinError 10053] An established connection was aborted by the software in your host machine
2026-09-26T12:29:56+10:00  error     /quotes ConnectionAbortedError: [WinError 10053] An established connection was aborted by the software in your host machine
2026-09-26T12:29:56+10:00  error     /health ConnectionAbortedError: [WinError 10053] An established connection was aborted by the software in your host machine
2026-09-26T12:29:56+10:00  error     /health ConnectionAbortedError: [WinError 10053] An established connection was aborted by the software in your host machine
2026-09-26T12:29:56+10:00  error     /health ConnectionAbortedError: [WinError 10053] An established connection was aborted by the software in your host machine
2026-09-26T12:29:56+10:00  error     /quotes ConnectionAbortedError: [WinError 10053] An established connection was aborted by the software in your host machine
2026-09-26T12:29:56+10:00  error     /health ConnectionAbortedError: [WinError 10053] An established connection was aborted by the software in your host machine
2026-09-26T12:29:56+10:00  error     /quotes ConnectionAbortedError: [WinError 10053] An established connection was aborted by the software in your host machine
2026-09-26T12:29:56+10:00  error     /health ConnectionAbortedError: [WinError 10053] An established connection was aborted by the software in your host machine
2026-09-26T12:29:56+10:00  error     /health ConnectionAbortedError: [WinError 10053] An established connection was aborted by the software in your host machine
2026-09-26T12:29:56+10:00  error     /spec ConnectionAbortedError: [WinError 10053] An established connection was aborted by the software in your host machine
2026-09-26T12:29:56+10:00  error     /quotes ConnectionAbortedError: [WinError 10053] An established connection was aborted by the software in your host machine
2026-09-26T12:29:56+10:00  error     /health ConnectionAbortedError: [WinError 10053] An established connection was aborted by the software in your host machine
2026-09-26T12:29:56+10:00  error     /orders ConnectionAbortedError: [WinError 10053] An established connection was aborted by the software in your host machine
2026-09-26T12:29:56+10:00  error     /health ConnectionAbortedError: [WinError 10053] An established connection was aborted by the software in your host machine
2026-09-26T12:29:56+10:00  error     /health ConnectionAbortedError: [WinError 10053] An established connection was aborted by the software in your host machine
2026-09-26T12:29:56+10:00  error     /quotes ConnectionAbortedError: [WinError 10053] An established connection was aborted by the software in your host machine
2026-09-26T12:29:51+10:00  error     /account ConnectionAbortedError: [WinError 10053] An established connection was aborted by the software in your host machine
2026-09-26T12:29:56+10:00  error     /positions ConnectionAbortedError: [WinError 10053] An established connection was aborted by the software in your host machine
2026-09-26T12:29:56+10:00  error     /quotes ConnectionAbortedError: [WinError 10053] An established connection was aborted by the software in your host machine
2026-09-26T12:29:56+10:00  error     /health ConnectionAbortedError: [WinError 10053] An established connection was aborted by the software in your host machine
2026-09-26T12:29:56+10:00  error     /account ConnectionAbortedError: [WinError 10053] An established connection was aborted by the software in your host machine
2026-09-26T12:29:56+10:00  error     /health ConnectionAbortedError: [WinError 10053] An established connection was aborted by the software in your host machine
2026-09-26T12:29:56+10:00  error     /quotes ConnectionAbortedError: [WinError 10053] An established connection was aborted by the software in your host machine
2026-09-26T12:29:56+10:00  error     /quotes ConnectionAbortedError: [WinError 10053] An established connection was aborted by the software in your host machine
2026-09-26T12:29:56+10:00  error     /health ConnectionAbortedError: [WinError 10053] An established connection was aborted by the software in your host machine
2026-09-26T12:29:56+10:00  error     /quotes ConnectionAbortedError: [WinError 10053] An established connection was aborted by the software in your host machine
2026-09-26T12:29:56+10:00  error     /health ConnectionAbortedError: [WinError 10053] An established connection was aborted by the software in your host machine
2026-09-26T12:29:56+10:00  error     /health ConnectionAbortedError: [WinError 10053] An established connection was aborted by the software in your host machine
2026-09-26T12:29:56+10:00  error     /quotes ConnectionAbortedError: [WinError 10053] An established connection was aborted by the software in your host machine
2026-09-26T12:29:56+10:00  error     /quotes ConnectionAbortedError: [WinError 10053] An established connection was aborted by the software in your host machine
2026-09-26T12:29:56+10:00  error     /health ConnectionAbortedError: [WinError 10053] An established connection was aborted by the software in your host machine
2026-09-26T12:29:56+10:00  error     /quotes ConnectionAbortedError: [WinError 10053] An established connection was aborted by the software in your host machine
2026-09-26T12:29:56+10:00  error     /health ConnectionAbortedError: [WinError 10053] An established connection was aborted by the software in your host machine
2026-09-26T12:29:56+10:00  error     /bars ConnectionAbortedError: [WinError 10053] An established connection was aborted by the software in your host machine
2026-09-26T12:29:56+10:00  error     /health ConnectionAbortedError: [WinError 10053] An established connection was aborted by the software in your host machine
2026-09-26T12:29:56+10:00  error     /bars ConnectionAbortedError: [WinError 10053] An established connection was aborted by the software in your host machine
2026-09-26T12:29:56+10:00  error     /orders ConnectionAbortedError: [WinError 10053] An established connection was aborted by the software in your host machine
2026-09-26T12:29:56+10:00  error     /account ConnectionAbortedError: [WinError 10053] An established connection was aborted by the software in your host machine
2026-09-26T12:29:56+10:00  error     /bars ConnectionAbortedError: [WinError 10053] An established connection was aborted by the software in your host machine
2026-09-26T12:29:56+10:00  error     /positions ConnectionAbortedError: [WinError 10053] An established connection was aborted by the software in your host machine
2026-09-26T12:29:56+10:00  error     /health ConnectionAbortedError: [WinError 10053] An established connection was aborted by the software in your host machine
2026-09-26T12:29:56+10:00  error     /health ConnectionAbortedError: [WinError 10053] An established connection was aborted by the software in your host machine
2026-09-26T12:29:56+10:00  error     /quotes ConnectionAbortedError: [WinError 10053] An established connection was aborted by the software in your host machine
2026-09-26T12:29:56+10:00  error     /health ConnectionAbortedError: [WinError 10053] An established connection was aborted by the software in your host machine
2026-09-26T12:29:56+10:00  error     /health ConnectionAbortedError: [WinError 10053] An established connection was aborted by the software in your host machine
2026-09-26T12:29:56+10:00  error     /health ConnectionAbortedError: [WinError 10053] An established connection was aborted by the software in your host machine
2026-09-26T12:29:56+10:00  error     /orders ConnectionAbortedError: [WinError 10053] An established connection was aborted by the software in your host machine
2026-09-26T12:29:56+10:00  error     /health ConnectionAbortedError: [WinError 10053] An established connection was aborted by the software in your host machine
2026-09-26T12:29:56+10:00  error     /quotes ConnectionAbortedError: [WinError 10053] An established connection was aborted by the software in your host machine
2026-09-26T12:29:56+10:00  error     /quotes ConnectionAbortedError: [WinError 10053] An established connection was aborted by the software in your host machine
2026-09-26T12:29:56+10:00  error     /quotes ConnectionAbortedError: [WinError 10053] An established connection was aborted by the software in your host machine
2026-09-26T12:29:56+10:00  error     /quotes ConnectionAbortedError: [WinError 10053] An established connection was aborted by the software in your host machine
2026-09-26T12:29:56+10:00  error     /health ConnectionAbortedError: [WinError 10053] An established connection was aborted by the software in your host machine
2026-09-26T12:29:56+10:00  error     /health ConnectionAbortedError: [WinError 10053] An established connection was aborted by the software in your host machine
2026-09-26T12:29:56+10:00  error     /health ConnectionAbortedError: [WinError 10053] An established connection was aborted by the software in your host machine
2026-09-26T12:29:56+10:00  error     /spec ConnectionAbortedError: [WinError 10053] An established connection was aborted by the software in your host machine
2026-09-26T12:29:56+10:00  error     /health ConnectionAbortedError: [WinError 10053] An established connection was aborted by the software in your host machine
2026-09-26T12:29:56+10:00  error     /spec ConnectionAbortedError: [WinError 10053] An established connection was aborted by the software in your host machine
2026-09-26T12:29:56+10:00  error     /health ConnectionAbortedError: [WinError 10053] An established connection was aborted by the software in your host machine
2026-09-26T12:29:56+10:00  error     /bars ConnectionAbortedError: [WinError 10053] An established connection was aborted by the software in your host machine
2026-09-26T12:29:56+10:00  error     /health ConnectionAbortedError: [WinError 10053] An established connection was aborted by the software in your host machine
2026-09-26T12:29:56+10:00  error     /health ConnectionAbortedError: [WinError 10053] An established connection was aborted by the software in your host machine
2026-09-26T12:29:56+10:00  error     /health ConnectionAbortedError: [WinError 10053] An established connection was aborted by the software in your host machine
2026-09-26T12:29:56+10:00  error     /bars ConnectionAbortedError: [WinError 10053] An established connection was aborted by the software in your host machine
2026-09-26T12:29:56+10:00  error     /bars ConnectionAbortedError: [WinError 10053] An established connection was aborted by the software in your host machine
2026-09-26T12:29:56+10:00  error     /health ConnectionAbortedError: [WinError 10053] An established connection was aborted by the software in your host machine
2026-09-26T12:29:56+10:00  error     /bars ConnectionAbortedError: [WinError 10053] An established connection was aborted by the software in your host machine
2026-09-26T12:29:56+10:00  error     /health ConnectionAbortedError: [WinError 10053] An established connection was aborted by the software in your host machine
2026-09-26T12:29:56+10:00  error     /positions ConnectionAbortedError: [WinError 10053] An established connection was aborted by the software in your host machine
2026-09-26T12:29:56+10:00  error     /bars ConnectionAbortedError: [WinError 10053] An established connection was aborted by the software in your host machine
2026-09-26T12:29:56+10:00  error     /health ConnectionAbortedError: [WinError 10053] An established connection was aborted by the software in your host machine
2026-09-26T12:29:56+10:00  error     /health ConnectionAbortedError: [WinError 10053] An established connection was aborted by the software in your host machine
2026-09-26T12:29:56+10:00  error     /quotes ConnectionAbortedError: [WinError 10053] An established connection was aborted by the software in your host machine
2026-09-26T12:29:56+10:00  error     /health ConnectionAbortedError: [WinError 10053] An established connection was aborted by the software in your host machine
2026-09-26T12:29:56+10:00  error     /bars ConnectionAbortedError: [WinError 10053] An established connection was aborted by the software in your host machine
2026-09-26T12:29:56+10:00  error     /quotes ConnectionAbortedError: [WinError 10053] An established connection was aborted by the software in your host machine
2026-09-26T12:29:56+10:00  error     /quotes ConnectionAbortedError: [WinError 10053] An established connection was aborted by the software in your host machine
2026-09-26T12:29:56+10:00  error     /health ConnectionAbortedError: [WinError 10053] An established connection was aborted by the software in your host machine
2026-09-26T12:29:56+10:00  error     /health ConnectionAbortedError: [WinError 10053] An established connection was aborted by the software in your host machine
2026-09-26T12:29:56+10:00  error     /health ConnectionAbortedError: [WinError 10053] An established connection was aborted by the software in your host machine
2026-09-26T12:29:56+10:00  error     /account ConnectionAbortedError: [WinError 10053] An established connection was aborted by the software in your host machine
2026-09-26T12:29:56+10:00  error     /quotes ConnectionAbortedError: [WinError 10053] An established connection was aborted by the software in your host machine
2026-09-26T12:29:56+10:00  error     /health ConnectionAbortedError: [WinError 10053] An established connection was aborted by the software in your host machine
2026-09-26T12:29:56+10:00  error     /health ConnectionAbortedError: [WinError 10053] An established connection was aborted by the software in your host machine
2026-09-26T12:29:57+10:00  error     /health ConnectionAbortedError: [WinError 10053] An established connection was aborted by the software in your host machine
2026-09-26T12:29:57+10:00  error     /quotes ConnectionAbortedError: [WinError 10053] An established connection was aborted by the software in your host machine
2026-09-26T12:29:57+10:00  error     /quotes ConnectionAbortedError: [WinError 10053] An established connection was aborted by the software in your host machine
2026-09-26T12:29:57+10:00  error     /bars ConnectionAbortedError: [WinError 10053] An established connection was aborted by the software in your host machine
2026-09-26T12:29:57+10:00  error     /bars ConnectionAbortedError: [WinError 10053] An established connection was aborted by the software in your host machine
2026-09-26T12:29:57+10:00  error     /health ConnectionAbortedError: [WinError 10053] An established connection was aborted by the software in your host machine
2026-09-26T12:29:57+10:00  error     /bars ConnectionAbortedError: [WinError 10053] An established connection was aborted by the software in your host machine
2026-09-26T12:29:57+10:00  error     /quotes ConnectionAbortedError: [WinError 10053] An established connection was aborted by the software in your host machine
2026-09-26T12:29:57+10:00  error     /health ConnectionAbortedError: [WinError 10053] An established connection was aborted by the software in your host machine
2026-09-26T12:29:57+10:00  error     /health ConnectionAbortedError: [WinError 10053] An established connection was aborted by the software in your host machine
2026-09-26T12:29:57+10:00  error     /health ConnectionAbortedError: [WinError 10053] An established connection was aborted by the software in your host machine
2026-09-26T12:29:57+10:00  error     /orders ConnectionAbortedError: [WinError 10053] An established connection was aborted by the software in your host machine
2026-09-26T12:29:57+10:00  error     /health ConnectionAbortedError: [WinError 10053] An established connection was aborted by the software in your host machine
2026-09-26T12:29:57+10:00  error     /quotes ConnectionAbortedError: [WinError 10053] An established connection was aborted by the software in your host machine
2026-09-26T12:29:57+10:00  error     /health ConnectionAbortedError: [WinError 10053] An established connection was aborted by the software in your host machine
2026-09-26T12:29:57+10:00  error     /spec ConnectionAbortedError: [WinError 10053] An established connection was aborted by the software in your host machine
2026-09-26T12:29:57+10:00  error     /health ConnectionAbortedError: [WinError 10053] An established connection was aborted by the software in your host machine
2026-09-26T12:29:57+10:00  error     /bars ConnectionAbortedError: [WinError 10053] An established connection was aborted by the software in your host machine
2026-09-26T12:29:57+10:00  error     /health ConnectionAbortedError: [WinError 10053] An established connection was aborted by the software in your host machine
2026-09-26T12:29:57+10:00  error     /health ConnectionAbortedError: [WinError 10053] An established connection was aborted by the software in your host machine
2026-09-26T12:29:57+10:00  error     /positions ConnectionAbortedError: [WinError 10053] An established connection was aborted by the software in your host machine
2026-09-26T12:29:57+10:00  error     /health ConnectionAbortedError: [WinError 10053] An established connection was aborted by the software in your host machine
2026-09-26T12:29:57+10:00  error     /health ConnectionAbortedError: [WinError 10053] An established connection was aborted by the software in your host machine
2026-09-26T12:29:57+10:00  error     /quotes ConnectionAbortedError: [WinError 10053] An established connection was aborted by the software in your host machine
2026-09-26T12:29:57+10:00  error     /health ConnectionAbortedError: [WinError 10053] An established connection was aborted by the software in your host machine
2026-09-26T12:29:57+10:00  error     /health ConnectionAbortedError: [WinError 10053] An established connection was aborted by the software in your host machine
2026-09-26T12:29:57+10:00  error     /health ConnectionAbortedError: [WinError 10053] An established connection was aborted by the software in your host machine
2026-09-26T12:29:57+10:00  error     /health ConnectionAbortedError: [WinError 10053] An established connection was aborted by the software in your host machine
2026-09-26T12:29:57+10:00  error     /quotes ConnectionAbortedError: [WinError 10053] An established connection was aborted by the software in your host machine
2026-09-26T12:29:57+10:00  error     /quotes ConnectionAbortedError: [WinError 10053] An established connection was aborted by the software in your host machine
2026-09-26T12:29:57+10:00  error     /account ConnectionAbortedError: [WinError 10053] An established connection was aborted by the software in your host machine
2026-09-26T12:29:57+10:00  error     /health ConnectionAbortedError: [WinError 10053] An established connection was aborted by the software in your host machine
2026-09-26T12:29:57+10:00  error     /spec ConnectionAbortedError: [WinError 10053] An established connection was aborted by the software in your host machine
2026-09-26T12:29:57+10:00  error     /health ConnectionAbortedError: [WinError 10053] An established connection was aborted by the software in your host machine
2026-09-26T12:29:57+10:00  error     /bars ConnectionAbortedError: [WinError 10053] An established connection was aborted by the software in your host machine
2026-09-26T12:29:57+10:00  error     /health ConnectionAbortedError: [WinError 10053] An established connection was aborted by the software in your host machine
2026-09-26T12:29:57+10:00  error     /quotes ConnectionAbortedError: [WinError 10053] An established connection was aborted by the software in your host machine
2026-09-26T12:29:57+10:00  error     /health ConnectionAbortedError: [WinError 10053] An established connection was aborted by the software in your host machine
2026-09-26T12:29:57+10:00  error     /bars ConnectionAbortedError: [WinError 10053] An established connection was aborted by the software in your host machine
2026-09-26T12:29:57+10:00  error     /health ConnectionAbortedError: [WinError 10053] An established connection was aborted by the software in your host machine
2026-09-26T12:29:57+10:00  error     /bars ConnectionAbortedError: [WinError 10053] An established connection was aborted by the software in your host machine
2026-09-26T12:29:57+10:00  error     /health ConnectionAbortedError: [WinError 10053] An established connection was aborted by the software in your host machine
2026-09-26T12:29:57+10:00  error     /quotes ConnectionAbortedError: [WinError 10053] An established connection was aborted by the software in your host machine
2026-09-26T12:29:57+10:00  error     /deals ConnectionAbortedError: [WinError 10053] An established connection was aborted by the software in your host machine
2026-09-26T12:29:57+10:00  error     /health ConnectionAbortedError: [WinError 10053] An established connection was aborted by the software in your host machine
2026-09-26T12:29:57+10:00  error     /quotes ConnectionAbortedError: [WinError 10053] An established connection was aborted by the software in your host machine
2026-09-26T12:29:57+10:00  error     /positions ConnectionAbortedError: [WinError 10053] An established connection was aborted by the software in your host machine
2026-09-26T12:29:57+10:00  error     /quotes ConnectionAbortedError: [WinError 10053] An established connection was aborted by the software in your host machine
2026-09-26T12:29:57+10:00  error     /quotes ConnectionAbortedError: [WinError 10053] An established connection was aborted by the software in your host machine
2026-09-26T12:29:57+10:00  error     /bars ConnectionAbortedError: [WinError 10053] An established connection was aborted by the software in your host machine
2026-09-26T12:29:57+10:00  error     /health ConnectionAbortedError: [WinError 10053] An established connection was aborted by the software in your host machine
2026-09-26T12:29:57+10:00  error     /bars ConnectionAbortedError: [WinError 10053] An established connection was aborted by the software in your host machine
2026-09-26T12:29:57+10:00  error     /quotes ConnectionAbortedError: [WinError 10053] An established connection was aborted by the software in your host machine
2026-09-26T12:29:57+10:00  error     /health ConnectionAbortedError: [WinError 10053] An established connection was aborted by the software in your host machine
2026-09-26T12:29:57+10:00  error     /positions ConnectionAbortedError: [WinError 10053] An established connection was aborted by the software in your host machine
2026-09-26T12:29:57+10:00  error     /health ConnectionAbortedError: [WinError 10053] An established connection was aborted by the software in your host machine
2026-09-26T12:29:57+10:00  error     /health ConnectionAbortedError: [WinError 10053] An established connection was aborted by the software in your host machine
2026-09-26T12:29:57+10:00  error     /symbols ConnectionAbortedError: [WinError 10053] An established connection was aborted by the software in your host machine
2026-09-26T12:29:57+10:00  error     /health ConnectionAbortedError: [WinError 10053] An established connection was aborted by the software in your host machine
2026-09-26T12:29:57+10:00  error     /quotes ConnectionAbortedError: [WinError 10053] An established connection was aborted by the software in your host machine
2026-09-26T12:29:57+10:00  error     /bars ConnectionAbortedError: [WinError 10053] An established connection was aborted by the software in your host machine
2026-09-26T12:29:57+10:00  error     /health ConnectionAbortedError: [WinError 10053] An established connection was aborted by the software in your host machine
2026-09-26T12:29:57+10:00  error     /quotes ConnectionAbortedError: [WinError 10053] An established connection was aborted by the software in your host machine
2026-09-26T12:29:57+10:00  error     /health ConnectionAbortedError: [WinError 10053] An established connection was aborted by the software in your host machine
2026-09-26T12:29:57+10:00  error     /health ConnectionAbortedError: [WinError 10053] An established connection was aborted by the software in your host machine
2026-09-26T12:29:57+10:00  error     /health ConnectionAbortedError: [WinError 10053] An established connection was aborted by the software in your host machine
2026-09-26T12:29:57+10:00  error     /health ConnectionAbortedError: [WinError 10053] An established connection was aborted by the software in your host machine
2026-09-26T12:29:57+10:00  error     /bars ConnectionAbortedError: [WinError 10053] An established connection was aborted by the software in your host machine
2026-09-26T12:29:57+10:00  error     /quotes ConnectionAbortedError: [WinError 10053] An established connection was aborted by the software in your host machine
2026-09-26T12:29:57+10:00  error     /quotes ConnectionAbortedError: [WinError 10053] An established connection was aborted by the software in your host machine
2026-09-26T12:29:57+10:00  error     /quotes ConnectionAbortedError: [WinError 10053] An established connection was aborted by the software in your host machine
2026-09-26T12:29:57+10:00  error     /health ConnectionAbortedError: [WinError 10053] An established connection was aborted by the software in your host machine
2026-09-26T12:29:57+10:00  error     /bars ConnectionAbortedError: [WinError 10053] An established connection was aborted by the software in your host machine
2026-09-26T12:29:57+10:00  error     /health ConnectionAbortedError: [WinError 10053] An established connection was aborted by the software in your host machine
2026-09-26T12:29:57+10:00  error     /orders ConnectionAbortedError: [WinError 10053] An established connection was aborted by the software in your host machine
2026-09-26T12:29:57+10:00  error     /health ConnectionAbortedError: [WinError 10053] An established connection was aborted by the software in your host machine
2026-09-26T12:29:57+10:00  error     /health ConnectionAbortedError: [WinError 10053] An established connection was aborted by the software in your host machine
2026-09-26T12:29:57+10:00  error     /bars ConnectionAbortedError: [WinError 10053] An established connection was aborted by the software in your host machine
2026-09-26T12:29:57+10:00  error     /health ConnectionAbortedError: [WinError 10053] An established connection was aborted by the software in your host machine
2026-09-26T12:29:57+10:00  error     /quotes ConnectionAbortedError: [WinError 10053] An established connection was aborted by the software in your host machine
2026-09-26T12:29:57+10:00  error     /health ConnectionAbortedError: [WinError 10053] An established connection was aborted by the software in your host machine
2026-09-26T12:29:57+10:00  error     /quotes ConnectionAbortedError: [WinError 10053] An established connection was aborted by the software in your host machine
2026-09-26T12:29:57+10:00  error     /quotes ConnectionAbortedError: [WinError 10053] An established connection was aborted by the software in your host machine
2026-09-26T12:29:57+10:00  error     /health ConnectionAbortedError: [WinError 10053] An established connection was aborted by the software in your host machine
2026-09-26T12:29:57+10:00  error     /health ConnectionAbortedError: [WinError 10053] An established connection was aborted by the software in your host machine
2026-09-26T12:29:57+10:00  error     /health ConnectionAbortedError: [WinError 10053] An established connection was aborted by the software in your host machine
2026-09-26T12:29:58+10:00  error     /bars ConnectionAbortedError: [WinError 10053] An established connection was aborted by the software in your host machine
2026-09-26T12:29:58+10:00  error     /bars ConnectionAbortedError: [WinError 10053] An established connection was aborted by the software in your host machine
2026-09-26T12:29:58+10:00  error     /symbols ConnectionAbortedError: [WinError 10053] An established connection was aborted by the software in your host machine
2026-09-26T12:29:58+10:00  error     /orders ConnectionAbortedError: [WinError 10053] An established connection was aborted by the software in your host machine
2026-09-26T12:29:58+10:00  error     /health ConnectionAbortedError: [WinError 10053] An established connection was aborted by the software in your host machine
2026-09-26T12:29:58+10:00  error     /account ConnectionAbortedError: [WinError 10053] An established connection was aborted by the software in your host machine
2026-09-26T12:29:58+10:00  error     /positions ConnectionAbortedError: [WinError 10053] An established connection was aborted by the software in your host machine
2026-09-26T12:29:58+10:00  error     /health ConnectionAbortedError: [WinError 10053] An established connection was aborted by the software in your host machine
2026-09-26T12:29:58+10:00  error     /quotes ConnectionAbortedError: [WinError 10053] An established connection was aborted by the software in your host machine
2026-09-26T12:29:58+10:00  error     /quotes ConnectionAbortedError: [WinError 10053] An established connection was aborted by the software in your host machine
2026-09-26T12:29:58+10:00  error     /health ConnectionAbortedError: [WinError 10053] An established connection was aborted by the software in your host machine
2026-09-26T12:29:58+10:00  error     /quotes ConnectionAbortedError: [WinError 10053] An established connection was aborted by the software in your host machine
2026-09-26T12:29:58+10:00  error     /account ConnectionAbortedError: [WinError 10053] An established connection was aborted by the software in your host machine
2026-09-26T12:29:58+10:00  error     /health ConnectionAbortedError: [WinError 10053] An established connection was aborted by the software in your host machine
2026-09-26T12:29:58+10:00  error     /health ConnectionAbortedError: [WinError 10053] An established connection was aborted by the software in your host machine
2026-09-26T12:29:58+10:00  error     /health ConnectionAbortedError: [WinError 10053] An established connection was aborted by the software in your host machine
2026-09-26T12:29:58+10:00  error     /health ConnectionAbortedError: [WinError 10053] An established connection was aborted by the software in your host machine
2026-09-26T12:29:58+10:00  error     /health ConnectionAbortedError: [WinError 10053] An established connection was aborted by the software in your host machine
2026-09-26T12:29:58+10:00  error     /quotes ConnectionAbortedError: [WinError 10053] An established connection was aborted by the software in your host machine
2026-09-26T12:29:58+10:00  error     /bars ConnectionAbortedError: [WinError 10053] An established connection was aborted by the software in your host machine
2026-09-26T12:29:58+10:00  error     /quotes ConnectionAbortedError: [WinError 10053] An established connection was aborted by the software in your host machine
2026-09-26T12:29:58+10:00  error     /health ConnectionAbortedError: [WinError 10053] An established connection was aborted by the software in your host machine
2026-09-26T12:29:58+10:00  error     /health ConnectionAbortedError: [WinError 10053] An established connection was aborted by the software in your host machine
2026-09-26T12:29:58+10:00  error     /positions ConnectionAbortedError: [WinError 10053] An established connection was aborted by the software in your host machine
2026-09-26T12:29:58+10:00  error     /bars ConnectionAbortedError: [WinError 10053] An established connection was aborted by the software in your host machine
2026-09-26T12:29:58+10:00  error     /bars ConnectionAbortedError: [WinError 10053] An established connection was aborted by the software in your host machine
2026-09-26T12:29:58+10:00  error     /positions ConnectionAbortedError: [WinError 10053] An established connection was aborted by the software in your host machine
2026-09-26T12:29:58+10:00  error     /health ConnectionAbortedError: [WinError 10053] An established connection was aborted by the software in your host machine
2026-09-26T12:29:58+10:00  error     /health ConnectionAbortedError: [WinError 10053] An established connection was aborted by the software in your host machine
2026-09-26T12:29:58+10:00  error     /health ConnectionAbortedError: [WinError 10053] An established connection was aborted by the software in your host machine
2026-09-26T12:29:58+10:00  error     /orders ConnectionAbortedError: [WinError 10053] An established connection was aborted by the software in your host machine
2026-09-26T12:29:58+10:00  error     /health ConnectionAbortedError: [WinError 10053] An established connection was aborted by the software in your host machine
2026-09-26T12:29:58+10:00  error     /health ConnectionAbortedError: [WinError 10053] An established connection was aborted by the software in your host machine
2026-09-26T12:29:58+10:00  error     /health ConnectionAbortedError: [WinError 10053] An established connection was aborted by the software in your host machine
2026-09-26T12:29:58+10:00  error     /health ConnectionAbortedError: [WinError 10053] An established connection was aborted by the software in your host machine
2026-09-26T12:29:58+10:00  error     /bars ConnectionAbortedError: [WinError 10053] An established connection was aborted by the software in your host machine
2026-09-26T12:29:58+10:00  error     /quotes ConnectionAbortedError: [WinError 10053] An established connection was aborted by the software in your host machine
2026-09-26T12:29:58+10:00  error     /health ConnectionAbortedError: [WinError 10053] An established connection was aborted by the software in your host machine
2026-09-26T12:29:58+10:00  error     /quotes ConnectionAbortedError: [WinError 10053] An established connection was aborted by the software in your host machine
2026-09-26T12:29:58+10:00  error     /health ConnectionAbortedError: [WinError 10053] An established connection was aborted by the software in your host machine
2026-09-26T12:29:58+10:00  error     /health ConnectionAbortedError: [WinError 10053] An established connection was aborted by the software in your host machine
2026-09-26T12:29:58+10:00  error     /quotes ConnectionAbortedError: [WinError 10053] An established connection was aborted by the software in your host machine
2026-09-26T12:29:58+10:00  error     /quotes ConnectionAbortedError: [WinError 10053] An established connection was aborted by the software in your host machine
2026-09-26T12:29:58+10:00  error     /quotes ConnectionAbortedError: [WinError 10053] An established connection was aborted by the software in your host machine
2026-09-26T12:29:58+10:00  error     /quotes ConnectionAbortedError: [WinError 10053] An established connection was aborted by the software in your host machine
2026-09-26T12:29:58+10:00  error     /health ConnectionAbortedError: [WinError 10053] An established connection was aborted by the software in your host machine
2026-09-26T12:29:58+10:00  error     /quotes ConnectionAbortedError: [WinError 10053] An established connection was aborted by the software in your host machine
2026-09-26T12:29:58+10:00  error     /health ConnectionAbortedError: [WinError 10053] An established connection was aborted by the software in your host machine
2026-09-26T12:29:58+10:00  error     /quotes ConnectionAbortedError: [WinError 10053] An established connection was aborted by the software in your host machine
2026-09-26T12:29:58+10:00  error     /health ConnectionAbortedError: [WinError 10053] An established connection was aborted by the software in your host machine
2026-09-26T12:29:58+10:00  error     /health ConnectionAbortedError: [WinError 10053] An established connection was aborted by the software in your host machine
2026-09-26T12:29:58+10:00  error     /account ConnectionAbortedError: [WinError 10053] An established connection was aborted by the software in your host machine
2026-09-26T12:29:58+10:00  error     /account ConnectionAbortedError: [WinError 10053] An established connection was aborted by the software in your host machine
2026-09-26T12:29:58+10:00  error     /health ConnectionAbortedError: [WinError 10053] An established connection was aborted by the software in your host machine
2026-09-26T12:29:58+10:00  error     /health ConnectionAbortedError: [WinError 10053] An established connection was aborted by the software in your host machine
2026-09-26T12:29:58+10:00  error     /bars ConnectionAbortedError: [WinError 10053] An established connection was aborted by the software in your host machine
2026-09-26T12:29:58+10:00  error     /health ConnectionAbortedError: [WinError 10053] An established connection was aborted by the software in your host machine
2026-09-26T12:29:58+10:00  error     /health ConnectionAbortedError: [WinError 10053] An established connection was aborted by the software in your host machine
2026-09-26T12:29:58+10:00  error     /health ConnectionAbortedError: [WinError 10053] An established connection was aborted by the software in your host machine
2026-09-26T12:29:58+10:00  error     /account ConnectionAbortedError: [WinError 10053] An established connection was aborted by the software in your host machine
2026-09-26T12:29:58+10:00  error     /positions ConnectionAbortedError: [WinError 10053] An established connection was aborted by the software in your host machine
2026-09-26T12:29:58+10:00  error     /positions ConnectionAbortedError: [WinError 10053] An established connection was aborted by the software in your host machine
2026-09-26T12:29:58+10:00  error     /orders ConnectionAbortedError: [WinError 10053] An established connection was aborted by the software in your host machine
2026-09-26T12:29:58+10:00  error     /health ConnectionAbortedError: [WinError 10053] An established connection was aborted by the software in your host machine
2026-09-26T12:29:58+10:00  error     /quotes ConnectionAbortedError: [WinError 10053] An established connection was aborted by the software in your host machine
2026-09-26T12:29:58+10:00  error     /account ConnectionAbortedError: [WinError 10053] An established connection was aborted by the software in your host machine
2026-09-26T12:29:58+10:00  error     /health ConnectionAbortedError: [WinError 10053] An established connection was aborted by the software in your host machine
2026-09-26T12:29:58+10:00  error     /quotes ConnectionAbortedError: [WinError 10053] An established connection was aborted by the software in your host machine
2026-09-26T12:29:58+10:00  error     /health ConnectionAbortedError: [WinError 10053] An established connection was aborted by the software in your host machine
2026-09-26T12:29:58+10:00  error     /quotes ConnectionAbortedError: [WinError 10053] An established connection was aborted by the software in your host machine
2026-09-26T12:29:58+10:00  error     /health ConnectionAbortedError: [WinError 10053] An established connection was aborted by the software in your host machine
2026-09-26T12:29:58+10:00  error     /health ConnectionAbortedError: [WinError 10053] An established connection was aborted by the software in your host machine
2026-09-26T12:29:58+10:00  error     /quotes ConnectionAbortedError: [WinError 10053] An established connection was aborted by the software in your host machine
2026-09-26T12:29:58+10:00  error     /health ConnectionAbortedError: [WinError 10053] An established connection was aborted by the software in your host machine
2026-09-26T12:29:58+10:00  error     /quotes ConnectionAbortedError: [WinError 10053] An established connection was aborted by the software in your host machine
2026-09-26T12:29:58+10:00  error     /positions ConnectionAbortedError: [WinError 10053] An established connection was aborted by the software in your host machine
2026-09-26T12:29:58+10:00  error     /quotes ConnectionAbortedError: [WinError 10053] An established connection was aborted by the software in your host machine
2026-09-26T12:29:58+10:00  error     /health ConnectionAbortedError: [WinError 10053] An established connection was aborted by the software in your host machine
2026-09-26T12:29:58+10:00  error     /positions ConnectionAbortedError: [WinError 10053] An established connection was aborted by the software in your host machine
2026-09-26T12:29:58+10:00  error     /health ConnectionAbortedError: [WinError 10053] An established connection was aborted by the software in your host machine
2026-09-26T12:29:58+10:00  error     /health ConnectionAbortedError: [WinError 10053] An established connection was aborted by the software in your host machine
2026-09-26T12:29:58+10:00  error     /spec ConnectionAbortedError: [WinError 10053] An established connection was aborted by the software in your host machine
2026-09-26T12:29:58+10:00  error     /health ConnectionAbortedError: [WinError 10053] An established connection was aborted by the software in your host machine
2026-09-26T12:29:58+10:00  error     /health ConnectionAbortedError: [WinError 10053] An established connection was aborted by the software in your host machine
2026-09-26T12:29:58+10:00  error     /quotes ConnectionAbortedError: [WinError 10053] An established connection was aborted by the software in your host machine
2026-09-26T12:29:58+10:00  error     /quotes ConnectionAbortedError: [WinError 10053] An established connection was aborted by the software in your host machine
2026-09-26T12:29:58+10:00  error     /positions ConnectionAbortedError: [WinError 10053] An established connection was aborted by the software in your host machine
2026-09-26T12:29:58+10:00  error     /health ConnectionAbortedError: [WinError 10053] An established connection was aborted by the software in your host machine
2026-09-26T12:29:58+10:00  error     /orders ConnectionAbortedError: [WinError 10053] An established connection was aborted by the software in your host machine
2026-09-26T12:29:58+10:00  error     /health ConnectionAbortedError: [WinError 10053] An established connection was aborted by the software in your host machine
2026-09-26T12:29:58+10:00  error     /health ConnectionAbortedError: [WinError 10053] An established connection was aborted by the software in your host machine
2026-09-26T12:29:58+10:00  error     /health ConnectionAbortedError: [WinError 10053] An established connection was aborted by the software in your host machine
2026-09-26T12:29:58+10:00  error     /quotes ConnectionAbortedError: [WinError 10053] An established connection was aborted by the software in your host machine
2026-09-26T12:29:58+10:00  error     /health ConnectionAbortedError: [WinError 10053] An established connection was aborted by the software in your host machine
2026-09-26T12:29:58+10:00  error     /quotes ConnectionAbortedError: [WinError 10053] An established connection was aborted by the software in your host machine
2026-09-26T12:29:58+10:00  error     /bars ConnectionAbortedError: [WinError 10053] An established connection was aborted by the software in your host machine
2026-09-26T12:29:58+10:00  error     /health ConnectionAbortedError: [WinError 10053] An established connection was aborted by the software in your host machine
2026-09-26T12:29:58+10:00  error     /quotes ConnectionAbortedError: [WinError 10053] An established connection was aborted by the software in your host machine
2026-09-26T12:29:58+10:00  error     /health ConnectionAbortedError: [WinError 10053] An established connection was aborted by the software in your host machine
2026-09-26T12:29:58+10:00  error     /health ConnectionAbortedError: [WinError 10053] An established connection was aborted by the software in your host machine
2026-09-26T12:29:58+10:00  error     /deals ConnectionAbortedError: [WinError 10053] An established connection was aborted by the software in your host machine
2026-09-26T12:29:58+10:00  error     /health ConnectionAbortedError: [WinError 10053] An established connection was aborted by the software in your host machine
2026-09-26T12:29:58+10:00  error     /quotes ConnectionAbortedError: [WinError 10053] An established connection was aborted by the software in your host machine
2026-09-26T12:29:58+10:00  error     /health ConnectionAbortedError: [WinError 10053] An established connection was aborted by the software in your host machine
2026-09-26T12:29:58+10:00  error     /health ConnectionAbortedError: [WinError 10053] An established connection was aborted by the software in your host machine
2026-09-26T12:29:58+10:00  error     /health ConnectionAbortedError: [WinError 10053] An established connection was aborted by the software in your host machine
2026-09-26T12:29:58+10:00  error     /quotes ConnectionAbortedError: [WinError 10053] An established connection was aborted by the software in your host machine
2026-09-26T12:29:58+10:00  error     /quotes ConnectionAbortedError: [WinError 10053] An established connection was aborted by the software in your host machine
2026-09-26T12:29:58+10:00  error     /health ConnectionAbortedError: [WinError 10053] An established connection was aborted by the software in your host machine
2026-09-26T12:29:58+10:00  error     /quotes ConnectionAbortedError: [WinError 10053] An established connection was aborted by the software in your host machine
2026-09-26T12:29:58+10:00  error     /quotes ConnectionAbortedError: [WinError 10053] An established connection was aborted by the software in your host machine
2026-09-26T12:29:58+10:00  error     /quotes ConnectionAbortedError: [WinError 10053] An established connection was aborted by the software in your host machine
2026-09-26T12:29:58+10:00  error     /health ConnectionAbortedError: [WinError 10053] An established connection was aborted by the software in your host machine
2026-09-26T12:29:58+10:00  error     /bars ConnectionAbortedError: [WinError 10053] An established connection was aborted by the software in your host machine
2026-09-26T12:29:58+10:00  error     /quotes ConnectionAbortedError: [WinError 10053] An established connection was aborted by the software in your host machine
2026-09-26T12:29:58+10:00  error     /health ConnectionAbortedError: [WinError 10053] An established connection was aborted by the software in your host machine
2026-09-26T12:29:58+10:00  error     /positions ConnectionAbortedError: [WinError 10053] An established connection was aborted by the software in your host machine
2026-09-26T12:29:58+10:00  error     /account ConnectionAbortedError: [WinError 10053] An established connection was aborted by the software in your host machine
2026-09-26T12:29:58+10:00  error     /orders ConnectionAbortedError: [WinError 10053] An established connection was aborted by the software in your host machine
2026-09-26T12:29:58+10:00  error     /bars ConnectionAbortedError: [WinError 10053] An established connection was aborted by the software in your host machine
2026-09-26T12:29:58+10:00  error     /bars ConnectionAbortedError: [WinError 10053] An established connection was aborted by the software in your host machine
2026-09-26T12:29:58+10:00  error     /health ConnectionAbortedError: [WinError 10053] An established connection was aborted by the software in your host machine
2026-09-26T12:29:58+10:00  error     /health ConnectionAbortedError: [WinError 10053] An established connection was aborted by the software in your host machine
2026-09-26T12:29:58+10:00  error     /health ConnectionAbortedError: [WinError 10053] An established connection was aborted by the software in your host machine
2026-09-26T12:29:58+10:00  error     /quotes ConnectionAbortedError: [WinError 10053] An established connection was aborted by the software in your host machine
2026-09-26T12:29:58+10:00  error     /quotes ConnectionAbortedError: [WinError 10053] An established connection was aborted by the software in your host machine
2026-09-26T12:29:58+10:00  error     /positions ConnectionAbortedError: [WinError 10053] An established connection was aborted by the software in your host machine
2026-09-26T12:29:58+10:00  error     /health ConnectionAbortedError: [WinError 10053] An established connection was aborted by the software in your host machine
2026-09-26T12:29:58+10:00  error     /health ConnectionAbortedError: [WinError 10053] An established connection was aborted by the software in your host machine
2026-09-26T12:29:58+10:00  error     /health ConnectionAbortedError: [WinError 10053] An established connection was aborted by the software in your host machine
2026-09-26T12:29:58+10:00  error     /health ConnectionAbortedError: [WinError 10053] An established connection was aborted by the software in your host machine
2026-09-26T12:29:58+10:00  error     /bars ConnectionAbortedError: [WinError 10053] An established connection was aborted by the software in your host machine
2026-09-26T12:29:58+10:00  error     /quotes ConnectionAbortedError: [WinError 10053] An established connection was aborted by the software in your host machine
2026-09-26T12:29:58+10:00  error     /health ConnectionAbortedError: [WinError 10053] An established connection was aborted by the software in your host machine
2026-09-26T12:29:58+10:00  error     /health ConnectionAbortedError: [WinError 10053] An established connection was aborted by the software in your host machine
2026-09-26T12:29:58+10:00  error     /quotes ConnectionAbortedError: [WinError 10053] An established connection was aborted by the software in your host machine
2026-09-26T12:29:58+10:00  error     /health ConnectionAbortedError: [WinError 10053] An established connection was aborted by the software in your host machine
2026-09-26T12:29:58+10:00  error     /spec ConnectionAbortedError: [WinError 10053] An established connection was aborted by the software in your host machine
2026-09-26T12:29:58+10:00  error     /account ConnectionAbortedError: [WinError 10053] An established connection was aborted by the software in your host machine
2026-09-26T12:29:58+10:00  error     /health ConnectionAbortedError: [WinError 10053] An established connection was aborted by the software in your host machine
2026-09-26T12:29:58+10:00  error     /spec ConnectionAbortedError: [WinError 10053] An established connection was aborted by the software in your host machine
2026-09-26T12:29:58+10:00  error     /health ConnectionAbortedError: [WinError 10053] An established connection was aborted by the software in your host machine
2026-09-26T12:29:58+10:00  error     /health ConnectionAbortedError: [WinError 10053] An established connection was aborted by the software in your host machine
2026-09-26T12:29:58+10:00  error     /health ConnectionAbortedError: [WinError 10053] An established connection was aborted by the software in your host machine
2026-09-26T12:29:58+10:00  error     /orders ConnectionAbortedError: [WinError 10053] An established connection was aborted by the software in your host machine
2026-09-26T12:29:58+10:00  error     /health ConnectionAbortedError: [WinError 10053] An established connection was aborted by the software in your host machine
2026-09-26T12:29:58+10:00  error     /spec ConnectionAbortedError: [WinError 10053] An established connection was aborted by the software in your host machine
2026-09-26T12:29:58+10:00  error     /positions ConnectionAbortedError: [WinError 10053] An established connection was aborted by the software in your host machine
2026-09-26T12:29:58+10:00  error     /bars ConnectionAbortedError: [WinError 10053] An established connection was aborted by the software in your host machine
2026-09-26T12:29:58+10:00  error     /health ConnectionAbortedError: [WinError 10053] An established connection was aborted by the software in your host machine
2026-09-26T12:29:58+10:00  error     /bars ConnectionAbortedError: [WinError 10053] An established connection was aborted by the software in your host machine
2026-09-26T12:29:58+10:00  error     /quotes ConnectionAbortedError: [WinError 10053] An established connection was aborted by the software in your host machine
2026-09-26T12:29:58+10:00  error     /quotes ConnectionAbortedError: [WinError 10053] An established connection was aborted by the software in your host machine
2026-09-26T12:29:58+10:00  error     /health ConnectionAbortedError: [WinError 10053] An established connection was aborted by the software in your host machine
2026-09-26T12:29:58+10:00  error     /health ConnectionAbortedError: [WinError 10053] An established connection was aborted by the software in your host machine
2026-09-26T12:29:58+10:00  error     /quotes ConnectionAbortedError: [WinError 10053] An established connection was aborted by the software in your host machine
2026-09-26T12:29:58+10:00  error     /quotes ConnectionAbortedError: [WinError 10053] An established connection was aborted by the software in your host machine
2026-09-26T12:29:58+10:00  error     /health ConnectionAbortedError: [WinError 10053] An established connection was aborted by the software in your host machine
2026-09-26T12:29:58+10:00  error     /quotes ConnectionAbortedError: [WinError 10053] An established connection was aborted by the software in your host machine
2026-09-26T12:29:58+10:00  error     /quotes ConnectionAbortedError: [WinError 10053] An established connection was aborted by the software in your host machine
2026-09-26T12:29:58+10:00  error     /health ConnectionAbortedError: [WinError 10053] An established connection was aborted by the software in your host machine
2026-09-26T12:29:58+10:00  error     /health ConnectionAbortedError: [WinError 10053] An established connection was aborted by the software in your host machine
2026-09-26T12:29:58+10:00  error     /health ConnectionAbortedError: [WinError 10053] An established connection was aborted by the software in your host machine
2026-09-26T12:29:58+10:00  error     /health ConnectionAbortedError: [WinError 10053] An established connection was aborted by the software in your host machine
2026-09-26T12:29:59+10:00  error     /health ConnectionAbortedError: [WinError 10053] An established connection was aborted by the software in your host machine
2026-09-26T12:29:59+10:00  error     /bars ConnectionAbortedError: [WinError 10053] An established connection was aborted by the software in your host machine
2026-09-26T12:29:59+10:00  error     /positions ConnectionAbortedError: [WinError 10053] An established connection was aborted by the software in your host machine
2026-09-26T12:29:59+10:00  error     /health ConnectionAbortedError: [WinError 10053] An established connection was aborted by the software in your host machine
2026-09-26T12:29:59+10:00  error     /quotes ConnectionAbortedError: [WinError 10053] An established connection was aborted by the software in your host machine
2026-09-26T12:29:59+10:00  error     /quotes ConnectionAbortedError: [WinError 10053] An established connection was aborted by the software in your host machine
2026-09-26T12:29:59+10:00  error     /bars ConnectionAbortedError: [WinError 10053] An established connection was aborted by the software in your host machine
2026-09-26T12:29:59+10:00  error     /quotes ConnectionAbortedError: [WinError 10053] An established connection was aborted by the software in your host machine
2026-09-26T12:29:59+10:00  error     /bars ConnectionAbortedError: [WinError 10053] An established connection was aborted by the software in your host machine
2026-09-26T12:29:59+10:00  error     /health ConnectionAbortedError: [WinError 10053] An established connection was aborted by the software in your host machine
2026-09-26T12:29:59+10:00  error     /bars ConnectionAbortedError: [WinError 10053] An established connection was aborted by the software in your host machine
2026-09-26T12:29:59+10:00  error     /health ConnectionAbortedError: [WinError 10053] An established connection was aborted by the software in your host machine
2026-09-26T12:29:59+10:00  error     /health ConnectionAbortedError: [WinError 10053] An established connection was aborted by the software in your host machine
2026-09-26T12:29:59+10:00  error     /quotes ConnectionAbortedError: [WinError 10053] An established connection was aborted by the software in your host machine
2026-09-26T12:29:59+10:00  error     /quotes ConnectionAbortedError: [WinError 10053] An established connection was aborted by the software in your host machine
2026-09-26T12:29:59+10:00  error     /health ConnectionAbortedError: [WinError 10053] An established connection was aborted by the software in your host machine
2026-09-26T12:29:59+10:00  error     /health ConnectionAbortedError: [WinError 10053] An established connection was aborted by the software in your host machine
2026-09-26T12:29:59+10:00  error     /health ConnectionAbortedError: [WinError 10053] An established connection was aborted by the software in your host machine
2026-09-26T12:29:59+10:00  error     /health ConnectionAbortedError: [WinError 10053] An established connection was aborted by the software in your host machine
2026-09-26T12:29:59+10:00  error     /spec ConnectionAbortedError: [WinError 10053] An established connection was aborted by the software in your host machine
2026-09-26T12:29:59+10:00  error     /health ConnectionAbortedError: [WinError 10053] An established connection was aborted by the software in your host machine
2026-09-26T12:29:59+10:00  error     /health ConnectionAbortedError: [WinError 10053] An established connection was aborted by the software in your host machine
2026-09-26T12:29:59+10:00  error     /orders ConnectionAbortedError: [WinError 10053] An established connection was aborted by the software in your host machine
2026-09-26T12:29:59+10:00  error     /bars ConnectionAbortedError: [WinError 10053] An established connection was aborted by the software in your host machine
2026-09-26T12:29:59+10:00  error     /quotes ConnectionAbortedError: [WinError 10053] An established connection was aborted by the software in your host machine
2026-09-26T12:29:59+10:00  error     /health ConnectionAbortedError: [WinError 10053] An established connection was aborted by the software in your host machine
2026-09-26T12:29:59+10:00  error     /quotes ConnectionAbortedError: [WinError 10053] An established connection was aborted by the software in your host machine
2026-09-26T12:29:59+10:00  error     /health ConnectionAbortedError: [WinError 10053] An established connection was aborted by the software in your host machine
2026-09-26T12:29:59+10:00  error     /account ConnectionAbortedError: [WinError 10053] An established connection was aborted by the software in your host machine
2026-09-26T12:29:59+10:00  error     /account ConnectionAbortedError: [WinError 10053] An established connection was aborted by the software in your host machine
2026-09-26T12:29:59+10:00  error     /health ConnectionAbortedError: [WinError 10053] An established connection was aborted by the software in your host machine
2026-09-26T12:29:59+10:00  error     /positions ConnectionAbortedError: [WinError 10053] An established connection was aborted by the software in your host machine
2026-09-26T12:29:59+10:00  error     /health ConnectionAbortedError: [WinError 10053] An established connection was aborted by the software in your host machine
2026-09-26T12:29:59+10:00  error     /orders ConnectionAbortedError: [WinError 10053] An established connection was aborted by the software in your host machine
2026-09-26T12:29:59+10:00  error     /quotes ConnectionAbortedError: [WinError 10053] An established connection was aborted by the software in your host machine
2026-09-26T12:29:59+10:00  error     /quotes ConnectionAbortedError: [WinError 10053] An established connection was aborted by the software in your host machine
2026-09-26T12:29:59+10:00  error     /health ConnectionAbortedError: [WinError 10053] An established connection was aborted by the software in your host machine
2026-09-26T12:29:59+10:00  error     /health ConnectionAbortedError: [WinError 10053] An established connection was aborted by the software in your host machine
2026-09-26T12:29:59+10:00  error     /health ConnectionAbortedError: [WinError 10053] An established connection was aborted by the software in your host machine
2026-09-26T12:29:59+10:00  error     /quotes ConnectionAbortedError: [WinError 10053] An established connection was aborted by the software in your host machine
2026-09-26T12:29:59+10:00  error     /symbols ConnectionAbortedError: [WinError 10053] An established connection was aborted by the software in your host machine
2026-09-26T12:29:59+10:00  error     /bars ConnectionAbortedError: [WinError 10053] An established connection was aborted by the software in your host machine
2026-09-26T12:29:59+10:00  error     /health ConnectionAbortedError: [WinError 10053] An established connection was aborted by the software in your host machine
2026-09-26T12:29:59+10:00  error     /bars ConnectionAbortedError: [WinError 10053] An established connection was aborted by the software in your host machine
2026-09-26T12:29:59+10:00  error     /health ConnectionAbortedError: [WinError 10053] An established connection was aborted by the software in your host machine
2026-09-26T12:29:59+10:00  error     /health ConnectionAbortedError: [WinError 10053] An established connection was aborted by the software in your host machine
2026-09-26T12:29:59+10:00  error     /health ConnectionAbortedError: [WinError 10053] An established connection was aborted by the software in your host machine
2026-09-26T12:29:59+10:00  error     /health ConnectionAbortedError: [WinError 10053] An established connection was aborted by the software in your host machine
2026-09-26T12:29:59+10:00  error     /bars ConnectionAbortedError: [WinError 10053] An established connection was aborted by the software in your host machine
2026-09-26T12:29:59+10:00  error     /quotes ConnectionAbortedError: [WinError 10053] An established connection was aborted by the software in your host machine
2026-09-26T12:29:59+10:00  error     /quotes ConnectionAbortedError: [WinError 10053] An established connection was aborted by the software in your host machine
2026-09-26T12:29:59+10:00  error     /positions ConnectionAbortedError: [WinError 10053] An established connection was aborted by the software in your host machine
2026-09-26T12:29:59+10:00  error     /health ConnectionAbortedError: [WinError 10053] An established connection was aborted by the software in your host machine
2026-09-26T12:29:59+10:00  error     /health ConnectionAbortedError: [WinError 10053] An established connection was aborted by the software in your host machine
2026-09-26T12:29:59+10:00  error     /health ConnectionAbortedError: [WinError 10053] An established connection was aborted by the software in your host machine
2026-09-26T12:29:59+10:00  error     /bars ConnectionAbortedError: [WinError 10053] An established connection was aborted by the software in your host machine
2026-09-26T12:29:59+10:00  error     /health ConnectionAbortedError: [WinError 10053] An established connection was aborted by the software in your host machine
2026-09-26T12:29:59+10:00  error     /health ConnectionAbortedError: [WinError 10053] An established connection was aborted by the software in your host machine
2026-09-26T12:29:59+10:00  error     /bars ConnectionAbortedError: [WinError 10053] An established connection was aborted by the software in your host machine
2026-09-26T12:29:59+10:00  error     /health ConnectionAbortedError: [WinError 10053] An established connection was aborted by the software in your host machine
2026-09-26T12:29:59+10:00  error     /deals ConnectionAbortedError: [WinError 10053] An established connection was aborted by the software in your host machine
2026-09-26T12:29:59+10:00  error     /positions ConnectionAbortedError: [WinError 10053] An established connection was aborted by the software in your host machine
2026-09-26T12:29:59+10:00  error     /bars ConnectionAbortedError: [WinError 10053] An established connection was aborted by the software in your host machine
2026-09-26T12:29:59+10:00  error     /quotes ConnectionAbortedError: [WinError 10053] An established connection was aborted by the software in your host machine
2026-09-26T12:29:59+10:00  error     /quotes ConnectionAbortedError: [WinError 10053] An established connection was aborted by the software in your host machine
2026-09-26T12:29:59+10:00  error     /quotes ConnectionAbortedError: [WinError 10053] An established connection was aborted by the software in your host machine
2026-09-26T12:29:59+10:00  error     /health ConnectionAbortedError: [WinError 10053] An established connection was aborted by the software in your host machine
2026-09-26T12:29:59+10:00  error     /health ConnectionAbortedError: [WinError 10053] An established connection was aborted by the software in your host machine
2026-09-26T12:29:59+10:00  error     /health ConnectionAbortedError: [WinError 10053] An established connection was aborted by the software in your host machine
2026-09-26T12:29:59+10:00  error     /health ConnectionAbortedError: [WinError 10053] An established connection was aborted by the software in your host machine
2026-09-26T12:29:59+10:00  error     /health ConnectionAbortedError: [WinError 10053] An established connection was aborted by the software in your host machine
2026-09-26T12:29:59+10:00  error     /quotes ConnectionAbortedError: [WinError 10053] An established connection was aborted by the software in your host machine
2026-09-26T12:29:59+10:00  error     /quotes ConnectionAbortedError: [WinError 10053] An established connection was aborted by the software in your host machine
2026-09-26T12:29:59+10:00  error     /quotes ConnectionAbortedError: [WinError 10053] An established connection was aborted by the software in your host machine
2026-09-26T12:29:59+10:00  error     /health ConnectionAbortedError: [WinError 10053] An established connection was aborted by the software in your host machine
2026-09-26T12:29:59+10:00  error     /quotes ConnectionAbortedError: [WinError 10053] An established connection was aborted by the software in your host machine
2026-09-26T12:29:59+10:00  error     /health ConnectionAbortedError: [WinError 10053] An established connection was aborted by the software in your host machine
2026-09-26T12:29:59+10:00  error     /health ConnectionAbortedError: [WinError 10053] An established connection was aborted by the software in your host machine
2026-09-26T12:29:59+10:00  error     /bars ConnectionAbortedError: [WinError 10053] An established connection was aborted by the software in your host machine
2026-09-26T12:29:59+10:00  error     /bars ConnectionAbortedError: [WinError 10053] An established connection was aborted by the software in your host machine
2026-09-26T12:29:59+10:00  error     /health ConnectionAbortedError: [WinError 10053] An established connection was aborted by the software in your host machine
2026-09-26T12:29:59+10:00  error     /bars ConnectionAbortedError: [WinError 10053] An established connection was aborted by the software in your host machine
2026-09-26T12:29:59+10:00  error     /health ConnectionAbortedError: [WinError 10053] An established connection was aborted by the software in your host machine
2026-09-26T12:29:59+10:00  error     /health ConnectionAbortedError: [WinError 10053] An established connection was aborted by the software in your host machine
2026-09-26T12:29:59+10:00  error     /health ConnectionAbortedError: [WinError 10053] An established connection was aborted by the software in your host machine
2026-09-26T12:29:59+10:00  error     /account ConnectionAbortedError: [WinError 10053] An established connection was aborted by the software in your host machine
2026-09-26T12:29:59+10:00  error     /bars ConnectionAbortedError: [WinError 10053] An established connection was aborted by the software in your host machine
2026-09-26T12:29:59+10:00  error     /orders ConnectionAbortedError: [WinError 10053] An established connection was aborted by the software in your host machine
2026-09-26T12:29:59+10:00  error     /positions ConnectionAbortedError: [WinError 10053] An established connection was aborted by the software in your host machine
2026-09-26T12:29:59+10:00  error     /quotes ConnectionAbortedError: [WinError 10053] An established connection was aborted by the software in your host machine
2026-09-26T12:29:59+10:00  error     /health ConnectionAbortedError: [WinError 10053] An established connection was aborted by the software in your host machine
2026-09-26T12:29:59+10:00  error     /orders ConnectionAbortedError: [WinError 10053] An established connection was aborted by the software in your host machine
2026-09-26T12:29:59+10:00  error     /health ConnectionAbortedError: [WinError 10053] An established connection was aborted by the software in your host machine
2026-09-26T12:29:59+10:00  error     /quotes ConnectionAbortedError: [WinError 10053] An established connection was aborted by the software in your host machine
2026-09-26T12:29:59+10:00  error     /health ConnectionAbortedError: [WinError 10053] An established connection was aborted by the software in your host machine
2026-09-26T12:29:59+10:00  error     /health ConnectionAbortedError: [WinError 10053] An established connection was aborted by the software in your host machine
2026-09-26T12:29:59+10:00  error     /health ConnectionAbortedError: [WinError 10053] An established connection was aborted by the software in your host machine
2026-09-26T12:29:59+10:00  error     /health ConnectionAbortedError: [WinError 10053] An established connection was aborted by the software in your host machine
2026-09-26T12:29:59+10:00  error     /symbols ConnectionAbortedError: [WinError 10053] An established connection was aborted by the software in your host machine
2026-09-26T12:29:59+10:00  error     /quotes ConnectionAbortedError: [WinError 10053] An established connection was aborted by the software in your host machine
2026-09-26T12:29:59+10:00  error     /health ConnectionAbortedError: [WinError 10053] An established connection was aborted by the software in your host machine
2026-09-26T12:29:59+10:00  error     /health ConnectionAbortedError: [WinError 10053] An established connection was aborted by the software in your host machine
2026-09-26T12:29:59+10:00  error     /quotes ConnectionAbortedError: [WinError 10053] An established connection was aborted by the software in your host machine
2026-09-26T12:29:59+10:00  error     /quotes ConnectionAbortedError: [WinError 10053] An established connection was aborted by the software in your host machine
2026-09-26T12:29:59+10:00  error     /spec ConnectionAbortedError: [WinError 10053] An established connection was aborted by the software in your host machine
2026-09-26T12:29:59+10:00  error     /health ConnectionAbortedError: [WinError 10053] An established connection was aborted by the software in your host machine
2026-09-26T12:29:59+10:00  error     /health ConnectionAbortedError: [WinError 10053] An established connection was aborted by the software in your host machine
2026-09-26T12:29:59+10:00  error     /bars ConnectionAbortedError: [WinError 10053] An established connection was aborted by the software in your host machine
2026-09-26T12:29:59+10:00  error     /health ConnectionAbortedError: [WinError 10053] An established connection was aborted by the software in your host machine
2026-09-26T12:29:59+10:00  error     /bars ConnectionAbortedError: [WinError 10053] An established connection was aborted by the software in your host machine
2026-09-26T12:29:59+10:00  error     /quotes ConnectionAbortedError: [WinError 10053] An established connection was aborted by the software in your host machine
2026-09-26T12:29:59+10:00  error     /health ConnectionAbortedError: [WinError 10053] An established connection was aborted by the software in your host machine
2026-09-26T12:29:59+10:00  error     /health ConnectionAbortedError: [WinError 10053] An established connection was aborted by the software in your host machine
2026-09-26T12:29:59+10:00  error     /bars ConnectionAbortedError: [WinError 10053] An established connection was aborted by the software in your host machine
2026-09-26T12:29:59+10:00  error     /health ConnectionAbortedError: [WinError 10053] An established connection was aborted by the software in your host machine
2026-09-26T12:29:59+10:00  error     /health ConnectionAbortedError: [WinError 10053] An established connection was aborted by the software in your host machine
2026-09-26T12:29:59+10:00  error     /health ConnectionAbortedError: [WinError 10053] An established connection was aborted by the software in your host machine
2026-09-26T12:30:00+10:00  error     /bars ConnectionAbortedError: [WinError 10053] An established connection was aborted by the software in your host machine
2026-09-26T12:30:00+10:00  error     /health ConnectionAbortedError: [WinError 10053] An established connection was aborted by the software in your host machine
2026-09-26T12:30:00+10:00  error     /account ConnectionAbortedError: [WinError 10053] An established connection was aborted by the software in your host machine
2026-09-26T12:30:00+10:00  error     /health ConnectionAbortedError: [WinError 10053] An established connection was aborted by the software in your host machine
2026-09-26T12:30:00+10:00  error     /health ConnectionAbortedError: [WinError 10053] An established connection was aborted by the software in your host machine
2026-09-26T12:30:00+10:00  error     /bars ConnectionAbortedError: [WinError 10053] An established connection was aborted by the software in your host machine
2026-09-26T12:30:00+10:00  error     /health ConnectionAbortedError: [WinError 10053] An established connection was aborted by the software in your host machine
2026-09-26T12:30:00+10:00  error     /health ConnectionAbortedError: [WinError 10053] An established connection was aborted by the software in your host machine
2026-09-26T12:30:00+10:00  error     /quotes ConnectionAbortedError: [WinError 10053] An established connection was aborted by the software in your host machine
2026-09-26T12:30:00+10:00  error     /quotes ConnectionAbortedError: [WinError 10053] An established connection was aborted by the software in your host machine
2026-09-26T12:30:00+10:00  error     /health ConnectionAbortedError: [WinError 10053] An established connection was aborted by the software in your host machine
2026-09-26T12:30:00+10:00  error     /quotes ConnectionAbortedError: [WinError 10053] An established connection was aborted by the software in your host machine
2026-09-26T12:30:00+10:00  error     /quotes ConnectionAbortedError: [WinError 10053] An established connection was aborted by the software in your host machine
2026-09-26T12:30:00+10:00  error     /health ConnectionAbortedError: [WinError 10053] An established connection was aborted by the software in your host machine
2026-09-26T12:30:00+10:00  error     /quotes ConnectionAbortedError: [WinError 10053] An established connection was aborted by the software in your host machine
2026-09-26T12:30:00+10:00  error     /quotes ConnectionAbortedError: [WinError 10053] An established connection was aborted by the software in your host machine
2026-09-26T12:30:00+10:00  error     /quotes ConnectionAbortedError: [WinError 10053] An established connection was aborted by the software in your host machine
2026-09-26T12:30:00+10:00  error     /health ConnectionAbortedError: [WinError 10053] An established connection was aborted by the software in your host machine
2026-09-26T12:30:00+10:00  error     /bars ConnectionAbortedError: [WinError 10053] An established connection was aborted by the software in your host machine
2026-09-26T12:30:00+10:00  error     /health ConnectionAbortedError: [WinError 10053] An established connection was aborted by the software in your host machine
2026-09-26T12:30:00+10:00  error     /health ConnectionAbortedError: [WinError 10053] An established connection was aborted by the software in your host machine
2026-09-26T12:30:00+10:00  error     /bars ConnectionAbortedError: [WinError 10053] An established connection was aborted by the software in your host machine
2026-09-26T12:30:00+10:00  error     /health ConnectionAbortedError: [WinError 10053] An established connection was aborted by the software in your host machine
2026-09-26T12:30:00+10:00  error     /bars ConnectionAbortedError: [WinError 10053] An established connection was aborted by the software in your host machine
2026-09-26T12:30:00+10:00  error     /quotes ConnectionAbortedError: [WinError 10053] An established connection was aborted by the software in your host machine
2026-09-26T12:30:00+10:00  error     /positions ConnectionAbortedError: [WinError 10053] An established connection was aborted by the software in your host machine
2026-09-26T12:30:00+10:00  error     /positions ConnectionAbortedError: [WinError 10053] An established connection was aborted by the software in your host machine
2026-09-26T12:30:00+10:00  error     /bars ConnectionAbortedError: [WinError 10053] An established connection was aborted by the software in your host machine
2026-09-26T12:30:00+10:00  error     /health ConnectionAbortedError: [WinError 10053] An established connection was aborted by the software in your host machine
2026-09-26T12:30:00+10:00  error     /health ConnectionAbortedError: [WinError 10053] An established connection was aborted by the software in your host machine
2026-09-26T12:30:00+10:00  error     /health ConnectionAbortedError: [WinError 10053] An established connection was aborted by the software in your host machine
2026-09-26T12:30:00+10:00  error     /health ConnectionAbortedError: [WinError 10053] An established connection was aborted by the software in your host machine
2026-09-26T12:30:00+10:00  error     /health ConnectionAbortedError: [WinError 10053] An established connection was aborted by the software in your host machine
2026-09-26T12:30:00+10:00  error     /quotes ConnectionAbortedError: [WinError 10053] An established connection was aborted by the software in your host machine
2026-09-26T12:30:00+10:00  error     /quotes ConnectionAbortedError: [WinError 10053] An established connection was aborted by the software in your host machine
2026-09-26T12:30:00+10:00  error     /health ConnectionAbortedError: [WinError 10053] An established connection was aborted by the software in your host machine
2026-09-26T12:30:00+10:00  error     /health ConnectionAbortedError: [WinError 10053] An established connection was aborted by the software in your host machine
2026-09-26T12:30:00+10:00  error     /quotes ConnectionAbortedError: [WinError 10053] An established connection was aborted by the software in your host machine
2026-09-26T12:30:00+10:00  error     /health ConnectionAbortedError: [WinError 10053] An established connection was aborted by the software in your host machine
2026-09-26T12:30:00+10:00  error     /health ConnectionAbortedError: [WinError 10053] An established connection was aborted by the software in your host machine
2026-09-26T12:30:00+10:00  error     /bars ConnectionAbortedError: [WinError 10053] An established connection was aborted by the software in your host machine
2026-09-26T12:30:00+10:00  error     /health ConnectionAbortedError: [WinError 10053] An established connection was aborted by the software in your host machine
2026-09-26T12:30:00+10:00  error     /health ConnectionAbortedError: [WinError 10053] An established connection was aborted by the software in your host machine
2026-09-26T12:30:00+10:00  error     /spec ConnectionAbortedError: [WinError 10053] An established connection was aborted by the software in your host machine
2026-09-26T12:30:00+10:00  error     /account ConnectionAbortedError: [WinError 10053] An established connection was aborted by the software in your host machine
2026-09-26T12:30:00+10:00  error     /quotes ConnectionAbortedError: [WinError 10053] An established connection was aborted by the software in your host machine
2026-09-26T12:30:00+10:00  error     /quotes ConnectionAbortedError: [WinError 10053] An established connection was aborted by the software in your host machine
2026-09-26T12:30:00+10:00  error     /orders ConnectionAbortedError: [WinError 10053] An established connection was aborted by the software in your host machine
2026-09-26T12:30:00+10:00  error     /quotes ConnectionAbortedError: [WinError 10053] An established connection was aborted by the software in your host machine
2026-09-26T12:30:00+10:00  error     /health ConnectionAbortedError: [WinError 10053] An established connection was aborted by the software in your host machine
2026-09-26T12:30:00+10:00  error     /account ConnectionAbortedError: [WinError 10053] An established connection was aborted by the software in your host machine
2026-09-26T12:30:00+10:00  error     /quotes ConnectionAbortedError: [WinError 10053] An established connection was aborted by the software in your host machine
2026-09-26T12:30:00+10:00  error     /health ConnectionAbortedError: [WinError 10053] An established connection was aborted by the software in your host machine
2026-09-26T12:30:00+10:00  error     /health ConnectionAbortedError: [WinError 10053] An established connection was aborted by the software in your host machine
2026-09-26T12:30:00+10:00  error     /health ConnectionAbortedError: [WinError 10053] An established connection was aborted by the software in your host machine
2026-09-26T12:30:00+10:00  error     /health ConnectionAbortedError: [WinError 10053] An established connection was aborted by the software in your host machine
2026-09-26T12:30:00+10:00  error     /health ConnectionAbortedError: [WinError 10053] An established connection was aborted by the software in your host machine
2026-09-26T12:30:00+10:00  error     /quotes ConnectionAbortedError: [WinError 10053] An established connection was aborted by the software in your host machine
2026-09-26T12:30:00+10:00  error     /health ConnectionAbortedError: [WinError 10053] An established connection was aborted by the software in your host machine
2026-09-26T12:30:00+10:00  error     /health ConnectionAbortedError: [WinError 10053] An established connection was aborted by the software in your host machine
2026-09-26T12:30:00+10:00  error     /health ConnectionAbortedError: [WinError 10053] An established connection was aborted by the software in your host machine
2026-09-26T12:30:00+10:00  error     /bars ConnectionAbortedError: [WinError 10053] An established connection was aborted by the software in your host machine
2026-09-26T12:30:00+10:00  error     /quotes ConnectionAbortedError: [WinError 10053] An established connection was aborted by the software in your host machine
2026-09-26T12:30:00+10:00  error     /account ConnectionAbortedError: [WinError 10053] An established connection was aborted by the software in your host machine
2026-09-26T12:30:00+10:00  error     /positions ConnectionAbortedError: [WinError 10053] An established connection was aborted by the software in your host machine
2026-09-26T12:30:00+10:00  error     /quotes ConnectionAbortedError: [WinError 10053] An established connection was aborted by the software in your host machine
2026-09-26T12:30:00+10:00  error     /account ConnectionAbortedError: [WinError 10053] An established connection was aborted by the software in your host machine
2026-09-26T12:30:00+10:00  error     /orders ConnectionAbortedError: [WinError 10053] An established connection was aborted by the software in your host machine
2026-09-26T12:30:00+10:00  error     /health ConnectionAbortedError: [WinError 10053] An established connection was aborted by the software in your host machine
2026-09-26T12:30:00+10:00  error     /quotes ConnectionAbortedError: [WinError 10053] An established connection was aborted by the software in your host machine
2026-09-26T12:30:00+10:00  error     /positions ConnectionAbortedError: [WinError 10053] An established connection was aborted by the software in your host machine
2026-09-26T12:30:00+10:00  error     /health ConnectionAbortedError: [WinError 10053] An established connection was aborted by the software in your host machine
2026-09-26T12:30:00+10:00  error     /positions ConnectionAbortedError: [WinError 10053] An established connection was aborted by the software in your host machine
2026-09-26T12:30:00+10:00  error     /health ConnectionAbortedError: [WinError 10053] An established connection was aborted by the software in your host machine
2026-09-26T12:30:00+10:00  error     /health ConnectionAbortedError: [WinError 10053] An established connection was aborted by the software in your host machine
2026-09-26T12:30:00+10:00  error     /health ConnectionAbortedError: [WinError 10053] An established connection was aborted by the software in your host machine
2026-09-26T12:30:00+10:00  error     /positions ConnectionAbortedError: [WinError 10053] An established connection was aborted by the software in your host machine
2026-09-26T12:30:00+10:00  error     /health ConnectionAbortedError: [WinError 10053] An established connection was aborted by the software in your host machine
2026-09-26T12:30:00+10:00  error     /health ConnectionAbortedError: [WinError 10053] An established connection was aborted by the software in your host machine
2026-09-26T12:30:00+10:00  error     /quotes ConnectionAbortedError: [WinError 10053] An established connection was aborted by the software in your host machine
2026-09-26T12:30:00+10:00  error     /health ConnectionAbortedError: [WinError 10053] An established connection was aborted by the software in your host machine
2026-09-26T12:30:00+10:00  error     /quotes ConnectionAbortedError: [WinError 10053] An established connection was aborted by the software in your host machine
2026-09-26T12:30:00+10:00  error     /health ConnectionAbortedError: [WinError 10053] An established connection was aborted by the software in your host machine
2026-09-26T12:30:00+10:00  error     /health ConnectionAbortedError: [WinError 10053] An established connection was aborted by the software in your host machine
2026-09-26T12:30:00+10:00  error     /bars ConnectionAbortedError: [WinError 10053] An established connection was aborted by the software in your host machine
2026-09-26T12:30:00+10:00  error     /quotes ConnectionAbortedError: [WinError 10053] An established connection was aborted by the software in your host machine
2026-09-26T12:30:00+10:00  error     /quotes ConnectionAbortedError: [WinError 10053] An established connection was aborted by the software in your host machine
2026-09-26T12:30:00+10:00  error     /quotes ConnectionAbortedError: [WinError 10053] An established connection was aborted by the software in your host machine
2026-09-26T12:30:00+10:00  error     /health ConnectionAbortedError: [WinError 10053] An established connection was aborted by the software in your host machine
2026-09-26T12:30:00+10:00  error     /positions ConnectionAbortedError: [WinError 10053] An established connection was aborted by the software in your host machine
2026-09-26T12:30:00+10:00  error     /deals ConnectionAbortedError: [WinError 10053] An established connection was aborted by the software in your host machine
2026-09-26T12:30:00+10:00  error     /health ConnectionAbortedError: [WinError 10053] An established connection was aborted by the software in your host machine
2026-09-26T12:30:00+10:00  error     /orders ConnectionAbortedError: [WinError 10053] An established connection was aborted by the software in your host machine
2026-09-26T12:30:00+10:00  error     /quotes ConnectionAbortedError: [WinError 10053] An established connection was aborted by the software in your host machine
2026-09-26T12:30:00+10:00  error     /health ConnectionAbortedError: [WinError 10053] An established connection was aborted by the software in your host machine
2026-09-26T12:30:00+10:00  error     /health ConnectionAbortedError: [WinError 10053] An established connection was aborted by the software in your host machine
2026-09-26T12:30:00+10:00  error     /health ConnectionAbortedError: [WinError 10053] An established connection was aborted by the software in your host machine
2026-09-26T12:30:00+10:00  error     /account ConnectionAbortedError: [WinError 10053] An established connection was aborted by the software in your host machine
2026-09-26T12:30:00+10:00  error     /positions ConnectionAbortedError: [WinError 10053] An established connection was aborted by the software in your host machine
2026-09-26T12:30:00+10:00  error     /quotes ConnectionAbortedError: [WinError 10053] An established connection was aborted by the software in your host machine
2026-09-26T12:30:00+10:00  error     /orders ConnectionAbortedError: [WinError 10053] An established connection was aborted by the software in your host machine
2026-09-26T12:30:00+10:00  error     /account ConnectionAbortedError: [WinError 10053] An established connection was aborted by the software in your host machine
2026-09-26T12:30:00+10:00  error     /health ConnectionAbortedError: [WinError 10053] An established connection was aborted by the software in your host machine
2026-09-26T12:30:00+10:00  error     /health ConnectionAbortedError: [WinError 10053] An established connection was aborted by the software in your host machine
2026-09-26T12:30:00+10:00  error     /quotes ConnectionAbortedError: [WinError 10053] An established connection was aborted by the software in your host machine
2026-09-26T12:30:00+10:00  error     /health ConnectionAbortedError: [WinError 10053] An established connection was aborted by the software in your host machine
2026-09-26T12:30:00+10:00  error     /health ConnectionAbortedError: [WinError 10053] An established connection was aborted by the software in your host machine
2026-09-26T12:30:00+10:00  error     /quotes ConnectionAbortedError: [WinError 10053] An established connection was aborted by the software in your host machine
2026-09-26T12:30:00+10:00  error     /quotes ConnectionAbortedError: [WinError 10053] An established connection was aborted by the software in your host machine
2026-09-26T12:30:00+10:00  error     /quotes ConnectionAbortedError: [WinError 10053] An established connection was aborted by the software in your host machine
2026-09-26T12:30:00+10:00  error     /quotes ConnectionAbortedError: [WinError 10053] An established connection was aborted by the software in your host machine
2026-09-26T12:30:00+10:00  error     /health ConnectionAbortedError: [WinError 10053] An established connection was aborted by the software in your host machine
2026-09-26T12:30:00+10:00  error     /health ConnectionAbortedError: [WinError 10053] An established connection was aborted by the software in your host machine
2026-09-26T12:30:00+10:00  error     /health ConnectionAbortedError: [WinError 10053] An established connection was aborted by the software in your host machine
2026-09-26T12:30:00+10:00  error     /quotes ConnectionAbortedError: [WinError 10053] An established connection was aborted by the software in your host machine
2026-09-26T12:30:00+10:00  error     /health ConnectionAbortedError: [WinError 10053] An established connection was aborted by the software in your host machine
2026-09-26T12:30:00+10:00  error     /bars ConnectionAbortedError: [WinError 10053] An established connection was aborted by the software in your host machine
2026-09-26T12:30:00+10:00  error     /bars ConnectionAbortedError: [WinError 10053] An established connection was aborted by the software in your host machine
2026-09-26T12:30:00+10:00  error     /health ConnectionAbortedError: [WinError 10053] An established connection was aborted by the software in your host machine
2026-09-26T12:30:00+10:00  error     /health ConnectionAbortedError: [WinError 10053] An established connection was aborted by the software in your host machine
2026-09-26T12:30:00+10:00  error     /quotes ConnectionAbortedError: [WinError 10053] An established connection was aborted by the software in your host machine
2026-09-26T12:30:00+10:00  error     /positions ConnectionAbortedError: [WinError 10053] An established connection was aborted by the software in your host machine
2026-09-26T12:30:00+10:00  error     /health ConnectionAbortedError: [WinError 10053] An established connection was aborted by the software in your host machine
2026-09-26T12:30:00+10:00  error     /quotes ConnectionAbortedError: [WinError 10053] An established connection was aborted by the software in your host machine
2026-09-26T12:30:00+10:00  error     /health ConnectionAbortedError: [WinError 10053] An established connection was aborted by the software in your host machine
2026-09-26T12:30:00+10:00  error     /bars ConnectionAbortedError: [WinError 10053] An established connection was aborted by the software in your host machine
2026-09-26T12:30:00+10:00  error     /health ConnectionAbortedError: [WinError 10053] An established connection was aborted by the software in your host machine
2026-09-26T12:30:00+10:00  error     /health ConnectionAbortedError: [WinError 10053] An established connection was aborted by the software in your host machine
2026-09-26T12:30:00+10:00  error     /health ConnectionAbortedError: [WinError 10053] An established connection was aborted by the software in your host machine
2026-09-26T12:30:00+10:00  error     /health ConnectionAbortedError: [WinError 10053] An established connection was aborted by the software in your host machine
2026-09-26T12:30:00+10:00  error     /quotes ConnectionAbortedError: [WinError 10053] An established connection was aborted by the software in your host machine
2026-09-26T12:30:00+10:00  error     /quotes ConnectionAbortedError: [WinError 10053] An established connection was aborted by the software in your host machine
2026-09-26T12:30:00+10:00  error     /spec ConnectionAbortedError: [WinError 10053] An established connection was aborted by the software in your host machine
2026-09-26T12:30:00+10:00  error     /health ConnectionAbortedError: [WinError 10053] An established connection was aborted by the software in your host machine
2026-09-26T12:30:00+10:00  error     /spec ConnectionAbortedError: [WinError 10053] An established connection was aborted by the software in your host machine
2026-09-26T12:30:00+10:00  error     /health ConnectionAbortedError: [WinError 10053] An established connection was aborted by the software in your host machine
2026-09-26T12:30:00+10:00  error     /health ConnectionAbortedError: [WinError 10053] An established connection was aborted by the software in your host machine
2026-09-26T12:29:52+10:00  error     /quotes ConnectionAbortedError: [WinError 10053] An established connection was aborted by the software in your host machine
2026-09-26T12:30:00+10:00  error     /spec ConnectionAbortedError: [WinError 10053] An established connection was aborted by the software in your host machine
2026-09-26T12:30:00+10:00  error     /positions ConnectionAbortedError: [WinError 10053] An established connection was aborted by the software in your host machine
2026-09-26T12:30:00+10:00  error     /health ConnectionAbortedError: [WinError 10053] An established connection was aborted by the software in your host machine
2026-09-26T12:30:00+10:00  error     /health ConnectionAbortedError: [WinError 10053] An established connection was aborted by the software in your host machine
2026-09-26T12:30:00+10:00  error     /quotes ConnectionAbortedError: [WinError 10053] An established connection was aborted by the software in your host machine
2026-09-26T12:30:00+10:00  error     /quotes ConnectionAbortedError: [WinError 10053] An established connection was aborted by the software in your host machine
2026-09-26T12:30:00+10:00  error     /health ConnectionAbortedError: [WinError 10053] An established connection was aborted by the software in your host machine
2026-09-26T12:30:00+10:00  error     /quotes ConnectionAbortedError: [WinError 10053] An established connection was aborted by the software in your host machine
2026-09-26T12:30:00+10:00  error     /quotes ConnectionAbortedError: [WinError 10053] An established connection was aborted by the software in your host machine
2026-09-26T12:30:00+10:00  error     /health ConnectionAbortedError: [WinError 10053] An established connection was aborted by the software in your host machine
2026-09-26T12:30:00+10:00  error     /health ConnectionAbortedError: [WinError 10053] An established connection was aborted by the software in your host machine
2026-09-26T12:30:00+10:00  error     /health ConnectionAbortedError: [WinError 10053] An established connection was aborted by the software in your host machine
2026-09-26T12:30:00+10:00  error     /health ConnectionAbortedError: [WinError 10053] An established connection was aborted by the software in your host machine
2026-09-26T12:30:00+10:00  error     /bars ConnectionAbortedError: [WinError 10053] An established connection was aborted by the software in your host machine
2026-09-26T12:30:00+10:00  error     /bars ConnectionAbortedError: [WinError 10053] An established connection was aborted by the software in your host machine
2026-09-26T12:30:00+10:00  error     /health ConnectionAbortedError: [WinError 10053] An established connection was aborted by the software in your host machine
2026-09-26T12:30:00+10:00  error     /bars ConnectionAbortedError: [WinError 10053] An established connection was aborted by the software in your host machine
2026-09-26T12:30:00+10:00  error     /health ConnectionAbortedError: [WinError 10053] An established connection was aborted by the software in your host machine
2026-09-26T12:30:00+10:00  error     /health ConnectionAbortedError: [WinError 10053] An established connection was aborted by the software in your host machine
2026-09-26T12:30:00+10:00  error     /health ConnectionAbortedError: [WinError 10053] An established connection was aborted by the software in your host machine
2026-09-26T12:30:00+10:00  error     /positions ConnectionAbortedError: [WinError 10053] An established connection was aborted by the software in your host machine
2026-09-26T12:30:00+10:00  error     /quotes ConnectionAbortedError: [WinError 10053] An established connection was aborted by the software in your host machine
2026-09-26T12:30:00+10:00  error     /account ConnectionAbortedError: [WinError 10053] An established connection was aborted by the software in your host machine
2026-09-26T12:30:00+10:00  error     /orders ConnectionAbortedError: [WinError 10053] An established connection was aborted by the software in your host machine
2026-09-26T12:30:00+10:00  error     /quotes ConnectionAbortedError: [WinError 10053] An established connection was aborted by the software in your host machine
2026-09-26T12:30:00+10:00  error     /quotes ConnectionAbortedError: [WinError 10053] An established connection was aborted by the software in your host machine
2026-09-26T12:30:00+10:00  error     /health ConnectionAbortedError: [WinError 10053] An established connection was aborted by the software in your host machine
2026-09-26T12:30:00+10:00  error     /bars ConnectionAbortedError: [WinError 10053] An established connection was aborted by the software in your host machine
2026-09-26T12:30:00+10:00  error     /orders ConnectionAbortedError: [WinError 10053] An established connection was aborted by the software in your host machine
2026-09-26T12:30:00+10:00  error     /health ConnectionAbortedError: [WinError 10053] An established connection was aborted by the software in your host machine
2026-09-26T12:30:00+10:00  error     /health ConnectionAbortedError: [WinError 10053] An established connection was aborted by the software in your host machine
2026-09-26T12:30:00+10:00  error     /health ConnectionAbortedError: [WinError 10053] An established connection was aborted by the software in your host machine
2026-09-26T12:30:00+10:00  error     /quotes ConnectionAbortedError: [WinError 10053] An established connection was aborted by the software in your host machine
2026-09-26T12:30:00+10:00  error     /quotes ConnectionAbortedError: [WinError 10053] An established connection was aborted by the software in your host machine
2026-09-26T12:30:00+10:00  error     /health ConnectionAbortedError: [WinError 10053] An established connection was aborted by the software in your host machine
2026-09-26T12:30:00+10:00  error     /health ConnectionAbortedError: [WinError 10053] An established connection was aborted by the software in your host machine
2026-09-26T12:30:00+10:00  error     /health ConnectionAbortedError: [WinError 10053] An established connection was aborted by the software in your host machine
2026-09-26T12:30:00+10:00  error     /bars ConnectionAbortedError: [WinError 10053] An established connection was aborted by the software in your host machine
2026-09-26T12:30:00+10:00  error     /health ConnectionAbortedError: [WinError 10053] An established connection was aborted by the software in your host machine
2026-09-26T12:30:00+10:00  error     /spec ConnectionAbortedError: [WinError 10053] An established connection was aborted by the software in your host machine
2026-09-26T12:30:00+10:00  error     /health ConnectionAbortedError: [WinError 10053] An established connection was aborted by the software in your host machine
2026-09-26T12:30:00+10:00  error     /health ConnectionAbortedError: [WinError 10053] An established connection was aborted by the software in your host machine
2026-09-26T12:30:00+10:00  error     /health ConnectionAbortedError: [WinError 10053] An established connection was aborted by the software in your host machine
2026-09-26T12:30:01+10:00  error     /health ConnectionAbortedError: [WinError 10053] An established connection was aborted by the software in your host machine
2026-09-26T12:30:01+10:00  error     /bars ConnectionAbortedError: [WinError 10053] An established connection was aborted by the software in your host machine
2026-09-26T12:30:01+10:00  error     /bars ConnectionAbortedError: [WinError 10053] An established connection was aborted by the software in your host machine
2026-09-26T12:30:01+10:00  error     /health ConnectionAbortedError: [WinError 10053] An established connection was aborted by the software in your host machine
2026-09-26T12:30:01+10:00  error     /bars ConnectionAbortedError: [WinError 10053] An established connection was aborted by the software in your host machine
2026-09-26T12:30:01+10:00  error     /bars ConnectionAbortedError: [WinError 10053] An established connection was aborted by the software in your host machine
2026-09-26T12:30:01+10:00  error     /bars ConnectionAbortedError: [WinError 10053] An established connection was aborted by the software in your host machine
2026-09-26T12:30:01+10:00  error     /quotes ConnectionAbortedError: [WinError 10053] An established connection was aborted by the software in your host machine
2026-09-26T12:30:01+10:00  error     /health ConnectionAbortedError: [WinError 10053] An established connection was aborted by the software in your host machine
2026-09-26T12:30:01+10:00  error     /health ConnectionAbortedError: [WinError 10053] An established connection was aborted by the software in your host machine
2026-09-26T12:30:01+10:00  error     /health ConnectionAbortedError: [WinError 10053] An established connection was aborted by the software in your host machine
2026-09-26T12:30:01+10:00  error     /health ConnectionAbortedError: [WinError 10053] An established connection was aborted by the software in your host machine
2026-09-26T12:30:01+10:00  error     /health ConnectionAbortedError: [WinError 10053] An established connection was aborted by the software in your host machine
2026-09-26T12:30:01+10:00  error     /quotes ConnectionAbortedError: [WinError 10053] An established connection was aborted by the software in your host machine
2026-09-26T12:30:01+10:00  error     /health ConnectionAbortedError: [WinError 10053] An established connection was aborted by the software in your host machine
2026-09-26T12:30:01+10:00  error     /quotes ConnectionAbortedError: [WinError 10053] An established connection was aborted by the software in your host machine
2026-09-26T12:30:01+10:00  error     /quotes ConnectionAbortedError: [WinError 10053] An established connection was aborted by the software in your host machine
2026-09-26T12:30:01+10:00  error     /quotes ConnectionAbortedError: [WinError 10053] An established connection was aborted by the software in your host machine
2026-09-26T12:30:01+10:00  error     /health ConnectionAbortedError: [WinError 10053] An established connection was aborted by the software in your host machine
2026-09-26T12:30:01+10:00  error     /health ConnectionAbortedError: [WinError 10053] An established connection was aborted by the software in your host machine
2026-09-26T12:30:01+10:00  error     /health ConnectionAbortedError: [WinError 10053] An established connection was aborted by the software in your host machine
2026-09-26T12:30:01+10:00  error     /bars ConnectionAbortedError: [WinError 10053] An established connection was aborted by the software in your host machine
2026-09-26T12:30:01+10:00  error     /bars ConnectionAbortedError: [WinError 10053] An established connection was aborted by the software in your host machine
2026-09-26T12:30:01+10:00  error     /health ConnectionAbortedError: [WinError 10053] An established connection was aborted by the software in your host machine
2026-09-26T12:30:01+10:00  error     /quotes ConnectionAbortedError: [WinError 10053] An established connection was aborted by the software in your host machine
2026-09-26T12:30:01+10:00  error     /positions ConnectionAbortedError: [WinError 10053] An established connection was aborted by the software in your host machine
2026-09-26T12:30:01+10:00  error     /bars ConnectionAbortedError: [WinError 10053] An established connection was aborted by the software in your host machine
2026-09-26T12:30:01+10:00  error     /health ConnectionAbortedError: [WinError 10053] An established connection was aborted by the software in your host machine
2026-09-26T12:30:01+10:00  error     /quotes ConnectionAbortedError: [WinError 10053] An established connection was aborted by the software in your host machine
2026-09-26T12:30:01+10:00  error     /bars ConnectionAbortedError: [WinError 10053] An established connection was aborted by the software in your host machine
2026-09-26T12:30:01+10:00  error     /bars ConnectionAbortedError: [WinError 10053] An established connection was aborted by the software in your host machine
2026-09-26T12:30:01+10:00  error     /health ConnectionAbortedError: [WinError 10053] An established connection was aborted by the software in your host machine
2026-09-26T12:30:01+10:00  error     /health ConnectionAbortedError: [WinError 10053] An established connection was aborted by the software in your host machine
2026-09-26T12:30:01+10:00  error     /health ConnectionAbortedError: [WinError 10053] An established connection was aborted by the software in your host machine
2026-09-26T12:30:01+10:00  error     /health ConnectionAbortedError: [WinError 10053] An established connection was aborted by the software in your host machine
2026-09-26T12:30:01+10:00  error     /quotes ConnectionAbortedError: [WinError 10053] An established connection was aborted by the software in your host machine
2026-09-26T12:30:01+10:00  error     /quotes ConnectionAbortedError: [WinError 10053] An established connection was aborted by the software in your host machine
2026-09-26T12:30:01+10:00  error     /quotes ConnectionAbortedError: [WinError 10053] An established connection was aborted by the software in your host machine
2026-09-26T12:30:01+10:00  error     /health ConnectionAbortedError: [WinError 10053] An established connection was aborted by the software in your host machine
2026-09-26T12:30:01+10:00  error     /quotes ConnectionAbortedError: [WinError 10053] An established connection was aborted by the software in your host machine
2026-09-26T12:30:01+10:00  error     /health ConnectionAbortedError: [WinError 10053] An established connection was aborted by the software in your host machine
2026-09-26T12:30:01+10:00  error     /health ConnectionAbortedError: [WinError 10053] An established connection was aborted by the software in your host machine
2026-09-26T12:30:01+10:00  error     /bars ConnectionAbortedError: [WinError 10053] An established connection was aborted by the software in your host machine
2026-09-26T12:30:01+10:00  error     /quotes ConnectionAbortedError: [WinError 10053] An established connection was aborted by the software in your host machine
2026-09-26T12:30:01+10:00  error     /spec ConnectionAbortedError: [WinError 10053] An established connection was aborted by the software in your host machine
2026-09-26T12:30:01+10:00  error     /health ConnectionAbortedError: [WinError 10053] An established connection was aborted by the software in your host machine
2026-09-26T12:30:01+10:00  error     /health ConnectionAbortedError: [WinError 10053] An established connection was aborted by the software in your host machine
2026-09-26T12:30:01+10:00  error     /health ConnectionAbortedError: [WinError 10053] An established connection was aborted by the software in your host machine
2026-09-26T12:30:01+10:00  error     /orders ConnectionAbortedError: [WinError 10053] An established connection was aborted by the software in your host machine
2026-09-26T12:30:01+10:00  error     /bars ConnectionAbortedError: [WinError 10053] An established connection was aborted by the software in your host machine
2026-09-26T12:30:01+10:00  error     /account ConnectionAbortedError: [WinError 10053] An established connection was aborted by the software in your host machine
2026-09-26T12:30:01+10:00  error     /health ConnectionAbortedError: [WinError 10053] An established connection was aborted by the software in your host machine
2026-09-26T12:30:01+10:00  error     /bars ConnectionAbortedError: [WinError 10053] An established connection was aborted by the software in your host machine
2026-09-26T12:30:01+10:00  error     /health ConnectionAbortedError: [WinError 10053] An established connection was aborted by the software in your host machine
2026-09-26T12:30:01+10:00  error     /quotes ConnectionAbortedError: [WinError 10053] An established connection was aborted by the software in your host machine
2026-09-26T12:29:52+10:00  error     /health ConnectionAbortedError: [WinError 10053] An established connection was aborted by the software in your host machine
2026-09-26T12:30:01+10:00  error     /quotes ConnectionAbortedError: [WinError 10053] An established connection was aborted by the software in your host machine
2026-09-26T12:30:01+10:00  error     /health ConnectionAbortedError: [WinError 10053] An established connection was aborted by the software in your host machine
2026-09-26T12:30:01+10:00  error     /quotes ConnectionAbortedError: [WinError 10053] An established connection was aborted by the software in your host machine
2026-09-26T12:30:01+10:00  error     /health ConnectionAbortedError: [WinError 10053] An established connection was aborted by the software in your host machine
2026-09-26T12:30:01+10:00  error     /bars ConnectionAbortedError: [WinError 10053] An established connection was aborted by the software in your host machine
2026-09-26T12:30:01+10:00  error     /quotes ConnectionAbortedError: [WinError 10053] An established connection was aborted by the software in your host machine
2026-09-26T12:30:01+10:00  error     /health ConnectionAbortedError: [WinError 10053] An established connection was aborted by the software in your host machine
2026-09-26T12:30:01+10:00  error     /health ConnectionAbortedError: [WinError 10053] An established connection was aborted by the software in your host machine
2026-09-26T12:30:01+10:00  error     /health ConnectionAbortedError: [WinError 10053] An established connection was aborted by the software in your host machine
2026-09-26T12:30:01+10:00  error     /bars ConnectionAbortedError: [WinError 10053] An established connection was aborted by the software in your host machine
2026-09-26T12:30:01+10:00  error     /positions ConnectionAbortedError: [WinError 10053] An established connection was aborted by the software in your host machine
2026-09-26T12:30:01+10:00  error     /health ConnectionAbortedError: [WinError 10053] An established connection was aborted by the software in your host machine
2026-09-26T12:30:01+10:00  error     /health ConnectionAbortedError: [WinError 10053] An established connection was aborted by the software in your host machine
2026-09-26T12:30:01+10:00  error     /bars ConnectionAbortedError: [WinError 10053] An established connection was aborted by the software in your host machine
2026-09-26T12:30:01+10:00  error     /bars ConnectionAbortedError: [WinError 10053] An established connection was aborted by the software in your host machine
2026-09-26T12:30:01+10:00  error     /positions ConnectionAbortedError: [WinError 10053] An established connection was aborted by the software in your host machine
2026-09-26T12:30:01+10:00  error     /quotes ConnectionAbortedError: [WinError 10053] An established connection was aborted by the software in your host machine
2026-09-26T12:30:01+10:00  error     /health ConnectionAbortedError: [WinError 10053] An established connection was aborted by the software in your host machine
2026-09-26T12:30:01+10:00  error     /health ConnectionAbortedError: [WinError 10053] An established connection was aborted by the software in your host machine
2026-09-26T12:30:01+10:00  error     /health ConnectionAbortedError: [WinError 10053] An established connection was aborted by the software in your host machine
2026-09-26T12:30:01+10:00  error     /quotes ConnectionAbortedError: [WinError 10053] An established connection was aborted by the software in your host machine
2026-09-26T12:30:01+10:00  error     /quotes ConnectionAbortedError: [WinError 10053] An established connection was aborted by the software in your host machine
2026-09-26T12:30:01+10:00  error     /quotes ConnectionAbortedError: [WinError 10053] An established connection was aborted by the software in your host machine
2026-09-26T12:30:01+10:00  error     /health ConnectionAbortedError: [WinError 10053] An established connection was aborted by the software in your host machine
2026-09-26T12:30:01+10:00  error     /health ConnectionAbortedError: [WinError 10053] An established connection was aborted by the software in your host machine
2026-09-26T12:30:01+10:00  error     /health ConnectionAbortedError: [WinError 10053] An established connection was aborted by the software in your host machine
2026-09-26T12:30:01+10:00  error     /bars ConnectionAbortedError: [WinError 10053] An established connection was aborted by the software in your host machine
2026-09-26T12:30:01+10:00  error     /account ConnectionAbortedError: [WinError 10053] An established connection was aborted by the software in your host machine
2026-09-26T12:30:01+10:00  error     /bars ConnectionAbortedError: [WinError 10053] An established connection was aborted by the software in your host machine
2026-09-26T12:30:01+10:00  error     /quotes ConnectionAbortedError: [WinError 10053] An established connection was aborted by the software in your host machine
2026-09-26T12:30:02+10:00  error     /health ConnectionAbortedError: [WinError 10053] An established connection was aborted by the software in your host machine
2026-09-26T12:30:02+10:00  error     /health ConnectionAbortedError: [WinError 10053] An established connection was aborted by the software in your host machine
2026-09-26T12:30:02+10:00  error     /deals ConnectionAbortedError: [WinError 10053] An established connection was aborted by the software in your host machine
2026-09-26T12:30:02+10:00  error     /bars ConnectionAbortedError: [WinError 10053] An established connection was aborted by the software in your host machine
2026-09-26T12:30:02+10:00  error     /health ConnectionAbortedError: [WinError 10053] An established connection was aborted by the software in your host machine
2026-09-26T12:30:02+10:00  error     /health ConnectionAbortedError: [WinError 10053] An established connection was aborted by the software in your host machine
2026-09-26T12:29:52+10:00  error     /quotes ConnectionAbortedError: [WinError 10053] An established connection was aborted by the software in your host machine
2026-09-26T12:30:02+10:00  error     /quotes ConnectionAbortedError: [WinError 10053] An established connection was aborted by the software in your host machine
2026-09-26T12:30:02+10:00  error     /health ConnectionAbortedError: [WinError 10053] An established connection was aborted by the software in your host machine
2026-09-26T12:30:02+10:00  error     /quotes ConnectionAbortedError: [WinError 10053] An established connection was aborted by the software in your host machine
2026-09-26T12:30:02+10:00  error     /quotes ConnectionAbortedError: [WinError 10053] An established connection was aborted by the software in your host machine
2026-09-26T12:30:02+10:00  error     /health ConnectionAbortedError: [WinError 10053] An established connection was aborted by the software in your host machine
2026-09-26T12:30:02+10:00  error     /account ConnectionAbortedError: [WinError 10053] An established connection was aborted by the software in your host machine
2026-09-26T12:30:02+10:00  error     /health ConnectionAbortedError: [WinError 10053] An established connection was aborted by the software in your host machine
2026-09-26T12:30:02+10:00  error     /quotes ConnectionAbortedError: [WinError 10053] An established connection was aborted by the software in your host machine
2026-09-26T12:30:02+10:00  error     /health ConnectionAbortedError: [WinError 10053] An established connection was aborted by the software in your host machine
2026-09-26T12:30:02+10:00  error     /health ConnectionAbortedError: [WinError 10053] An established connection was aborted by the software in your host machine
2026-09-26T12:30:02+10:00  error     /bars ConnectionAbortedError: [WinError 10053] An established connection was aborted by the software in your host machine
2026-09-26T12:30:02+10:00  error     /positions ConnectionAbortedError: [WinError 10053] An established connection was aborted by the software in your host machine
2026-09-26T12:30:02+10:00  error     /positions ConnectionAbortedError: [WinError 10053] An established connection was aborted by the software in your host machine
2026-09-26T12:30:02+10:00  error     /health ConnectionAbortedError: [WinError 10053] An established connection was aborted by the software in your host machine
2026-09-26T12:30:02+10:00  error     /account ConnectionAbortedError: [WinError 10053] An established connection was aborted by the software in your host machine
2026-09-26T12:30:02+10:00  error     /quotes ConnectionAbortedError: [WinError 10053] An established connection was aborted by the software in your host machine
2026-09-26T12:30:02+10:00  error     /orders ConnectionAbortedError: [WinError 10053] An established connection was aborted by the software in your host machine
2026-09-26T12:30:02+10:00  error     /health ConnectionAbortedError: [WinError 10053] An established connection was aborted by the software in your host machine
2026-09-26T12:30:02+10:00  error     /health ConnectionAbortedError: [WinError 10053] An established connection was aborted by the software in your host machine
2026-09-26T12:30:02+10:00  error     /health ConnectionAbortedError: [WinError 10053] An established connection was aborted by the software in your host machine
2026-09-26T12:30:02+10:00  error     /quotes ConnectionAbortedError: [WinError 10053] An established connection was aborted by the software in your host machine
2026-09-26T12:30:02+10:00  error     /health ConnectionAbortedError: [WinError 10053] An established connection was aborted by the software in your host machine
2026-09-26T12:30:02+10:00  error     /quotes ConnectionAbortedError: [WinError 10053] An established connection was aborted by the software in your host machine
2026-09-26T12:30:02+10:00  error     /health ConnectionAbortedError: [WinError 10053] An established connection was aborted by the software in your host machine
2026-09-26T12:30:02+10:00  error     /positions ConnectionAbortedError: [WinError 10053] An established connection was aborted by the software in your host machine
2026-09-26T12:30:02+10:00  error     /bars ConnectionAbortedError: [WinError 10053] An established connection was aborted by the software in your host machine
2026-09-26T12:30:02+10:00  error     /health ConnectionAbortedError: [WinError 10053] An established connection was aborted by the software in your host machine
2026-09-26T12:30:02+10:00  error     /quotes ConnectionAbortedError: [WinError 10053] An established connection was aborted by the software in your host machine
2026-09-26T12:30:02+10:00  error     /health ConnectionAbortedError: [WinError 10053] An established connection was aborted by the software in your host machine
2026-09-26T12:30:02+10:00  error     /quotes ConnectionAbortedError: [WinError 10053] An established connection was aborted by the software in your host machine
2026-09-26T12:30:02+10:00  error     /quotes ConnectionAbortedError: [WinError 10053] An established connection was aborted by the software in your host machine
2026-09-26T12:30:02+10:00  error     /health ConnectionAbortedError: [WinError 10053] An established connection was aborted by the software in your host machine
2026-09-26T12:30:02+10:00  error     /health ConnectionAbortedError: [WinError 10053] An established connection was aborted by the software in your host machine
2026-09-26T12:30:02+10:00  error     /spec ConnectionAbortedError: [WinError 10053] An established connection was aborted by the software in your host machine
2026-09-26T12:30:02+10:00  error     /health ConnectionAbortedError: [WinError 10053] An established connection was aborted by the software in your host machine
2026-09-26T12:30:02+10:00  error     /positions ConnectionAbortedError: [WinError 10053] An established connection was aborted by the software in your host machine
2026-09-26T12:30:02+10:00  error     /bars ConnectionAbortedError: [WinError 10053] An established connection was aborted by the software in your host machine
2026-09-26T12:30:02+10:00  error     /health ConnectionAbortedError: [WinError 10053] An established connection was aborted by the software in your host machine
2026-09-26T12:30:02+10:00  error     /health ConnectionAbortedError: [WinError 10053] An established connection was aborted by the software in your host machine
2026-09-26T12:30:02+10:00  error     /account ConnectionAbortedError: [WinError 10053] An established connection was aborted by the software in your host machine
2026-09-26T12:30:02+10:00  error     /quotes ConnectionAbortedError: [WinError 10053] An established connection was aborted by the software in your host machine
2026-09-26T12:30:02+10:00  error     /quotes ConnectionAbortedError: [WinError 10053] An established connection was aborted by the software in your host machine
2026-09-26T12:30:02+10:00  error     /health ConnectionAbortedError: [WinError 10053] An established connection was aborted by the software in your host machine
2026-09-26T12:30:02+10:00  error     /health ConnectionAbortedError: [WinError 10053] An established connection was aborted by the software in your host machine
2026-09-26T12:30:02+10:00  error     /health ConnectionAbortedError: [WinError 10053] An established connection was aborted by the software in your host machine
2026-09-26T12:30:02+10:00  error     /orders ConnectionAbortedError: [WinError 10053] An established connection was aborted by the software in your host machine
2026-09-26T12:30:02+10:00  error     /health ConnectionAbortedError: [WinError 10053] An established connection was aborted by the software in your host machine
2026-09-26T12:30:02+10:00  error     /health ConnectionAbortedError: [WinError 10053] An established connection was aborted by the software in your host machine
2026-09-26T12:30:02+10:00  error     /bars ConnectionAbortedError: [WinError 10053] An established connection was aborted by the software in your host machine
2026-09-26T12:30:02+10:00  error     /quotes ConnectionAbortedError: [WinError 10053] An established connection was aborted by the software in your host machine
2026-09-26T12:30:02+10:00  error     /health ConnectionAbortedError: [WinError 10053] An established connection was aborted by the software in your host machine
2026-09-26T12:30:02+10:00  error     /health ConnectionAbortedError: [WinError 10053] An established connection was aborted by the software in your host machine
2026-09-26T12:30:02+10:00  error     /health ConnectionAbortedError: [WinError 10053] An established connection was aborted by the software in your host machine
2026-09-26T12:30:02+10:00  error     /account ConnectionAbortedError: [WinError 10053] An established connection was aborted by the software in your host machine
2026-09-26T12:30:02+10:00  error     /quotes ConnectionAbortedError: [WinError 10053] An established connection was aborted by the software in your host machine
2026-09-26T12:30:02+10:00  error     /health ConnectionAbortedError: [WinError 10053] An established connection was aborted by the software in your host machine
2026-09-26T12:30:02+10:00  error     /quotes ConnectionAbortedError: [WinError 10053] An established connection was aborted by the software in your host machine
2026-09-26T12:30:02+10:00  error     /health ConnectionAbortedError: [WinError 10053] An established connection was aborted by the software in your host machine
2026-09-26T12:30:02+10:00  error     /quotes ConnectionAbortedError: [WinError 10053] An established connection was aborted by the software in your host machine
2026-09-26T12:30:02+10:00  error     /quotes ConnectionAbortedError: [WinError 10053] An established connection was aborted by the software in your host machine
2026-09-26T12:30:02+10:00  error     /health ConnectionAbortedError: [WinError 10053] An established connection was aborted by the software in your host machine
2026-09-26T12:30:02+10:00  error     /quotes ConnectionAbortedError: [WinError 10053] An established connection was aborted by the software in your host machine
2026-09-26T12:30:02+10:00  error     /bars ConnectionAbortedError: [WinError 10053] An established connection was aborted by the software in your host machine
2026-09-26T12:30:02+10:00  error     /positions ConnectionAbortedError: [WinError 10053] An established connection was aborted by the software in your host machine
2026-09-26T12:30:02+10:00  error     /health ConnectionAbortedError: [WinError 10053] An established connection was aborted by the software in your host machine
2026-09-26T12:30:02+10:00  error     /health ConnectionAbortedError: [WinError 10053] An established connection was aborted by the software in your host machine
