side,entry_ms,exit_ms,fill,stop,target,exit,how,risk,stop_atr,r_gross,r_net,sweep_ms
1,1515753840000,1515754020000,1328.395,1328.0734860992552,1329.0380278014895,1328.0434860992552,stop,0.32151390074477604,1.2126239131676047,-1.0933085628039059,-1.2244350861123543,1515753600000
-1,1516898160000,1516898340000,1360.09,1360.7166340160707,1358.8367319678584,1358.8367319678584,target,0.6266340160707387,1.7105250346018068,2.0,1.93272149465432,1516897800000
-1,1517219520000,1517221080000,1348.375,1349.1893678288734,1346.7462643422532,1349.2193678288734,stop,0.8143678288734009,2.772992965800588,-1.0368383903886218,-1.0886073804017993,1517218500000
1,1517426820000,1517427240000,1342.085,1341.330461640217,1343.5940767195661,1341.300461640217,stop,0.7545383597830551,1.5231395691863825,-1.0397594099902334,-1.0956333088495593,1517426100000
-1,1518080520000,1518080760000,1312.1399999999999,1312.7231883418606,1310.9736233162785,1312.7531883418606,stop,0.5831883418607049,1.75720843272685,-1.0514413575282653,-1.1237318972628023,1518080100000
1,1518196020000,1518196920000,1314.69,1313.5010519610114,1317.0678960779774,1313.4710519610114,stop,1.1889480389886558,2.0169424791513046,-1.0252323894873416,-1.0606914664339349,1518195000000
-1,1518440820000,1518444060000,1321.585,1322.1213615472045,1320.512276905591,1320.512276905591,target,0.5363615472044785,2.510874058262424,2.0,1.9213981684187966,1518439800000
-1,1518622500000,1518622680000,1331.25,1331.9154774390822,1329.9190451218356,1331.9454774390822,stop,0.665477439082224,2.6120264165161395,-1.0450804163118534,-1.1084319253549586,1518621600000
-1,1518730500000,1518730620000,1352.345,1353.1580317975645,1350.718936404871,1353.1880317975645,stop,0.813031797564463,1.6926949204227777,-1.0368989258351782,-1.0887529863114014,1518730200000
-1,1519249860000,1519250460000,1330.01,1331.3359005127247,1327.3581989745505,1331.3659005127247,stop,1.3259005127247292,2.8886398735419814,-1.0226261319850631,-1.0544226352637016,1519248900000
1,1519814580000,1519816800000,1317.49,1316.933384783904,1318.6032304321918,1318.6032304321918,target,0.5566152160959064,2.091342088261656,2.0,1.924258268942587,1519813800000
1,1519987020000,1519987260000,1316.6950000000002,1316.1570804092344,1317.7708391815318,1317.7708391815318,target,0.5379195907657959,2.3469860184821925,2.0,1.9216258327011637,1519986300000
1,1520502480000,1520502720000,1327.995,1327.7604986653769,1328.464002669246,1328.464002669246,target,0.23450133462301892,1.2024886458068196,2.0,1.8202185072090347,1520501700000
1,1520588580000,1520589480000,1318.4250000000002,1318.1187780833066,1319.0374438333874,1319.0374438333874,target,0.3062219166936302,1.4429512711566497,2.0,1.862325334335297,1520588100000
1,1520607960000,1520608320000,1318.31,1317.8875331516629,1319.154933696674,1317.857533151663,stop,0.4224668483370806,1.8804010335319674,-1.0710114891098772,-1.1708039347560784,1520607300000
1,1520626980000,1520627040000,1323.0700000000002,1322.3838084149306,1324.4423831701392,1322.3538084149307,stop,0.6861915850695368,1.8959976020716183,-1.0437195684889267,-1.105158678086471,1520626800000
-1,1521136860000,1521139500000,1318.8,1319.7006618278836,1316.9986763442328,1316.9986763442328,target,0.9006618278835958,2.21500575541899,2.0,1.953191088269982,1521135900000
1,1521661980000,1521663000000,1324.08,1323.1940786199723,1325.8518427600552,1323.1640786199723,stop,0.8859213800276393,2.4662787992618647,-1.0338630500135766,-1.081450794197699,1521660900000
1,1522080660000,1522081740000,1348.1599999999999,1347.2005083683628,1350.078983263274,1350.078983263274,target,0.9594916316370927,2.4296074683625752,2.0,1.9560611071426772,1522079700000
1,1522146900000,1522147680000,1355.3200000000002,1354.8994165404902,1356.1611669190202,1354.8694165404902,stop,0.42058345950999865,1.3751990986279008,-1.0713294812756646,-1.1715688013124474,1522146600000
-1,1524693840000,1524694140000,1321.955,1322.439891160014,1320.9852176799718,1322.469891160014,stop,0.4848911600140582,2.4377218808283336,-1.061869554394646,-1.1488148391855209,1524693300000
-1,1526570760000,1526572380000,1288.675,1289.4741414973669,1287.0767170052661,1289.5041414973668,stop,0.799141497366918,2.340675011338536,-1.037540285542447,-1.0902956488152957,1526570100000
-1,1526586060000,1526586240000,1291.1,1291.5081727727172,1290.2836544545653,1291.5381727727172,stop,0.40817277271730745,1.4488200249727703,-1.0734982879927422,-1.1767854321090365,1526585700000
1,1526589540000,1526592840000,1290.4899999999998,1289.8363985671995,1291.7972028656004,1291.7972028656004,target,0.6536014328003148,2.7693294654121487,2.0,1.9354973874225267,1526589000000
1,1527698220000,1527701040000,1300.58,1299.9585907064522,1301.8228185870953,1301.8228185870953,target,0.6214092935476856,1.5006517627020834,2.0,1.932155826380854,1527698100000
1,1527855840000,1527856440000,1299.21,1298.990789876016,1299.6484202479683,1299.6484202479683,target,0.21921012398411222,1.1411176948507016,2.0,1.8076776782305202,1527855000000
-1,1528121640000,1528123380000,1295.09,1295.7037918565247,1293.8624162869503,1295.7337918565247,stop,0.6137918565248128,2.579840105720906,-1.048876503787176,-1.1175626545593567,1528121100000
-1,1528139160000,1528144980000,1293.865,1294.3468708743615,1292.901258251277,1293.3899999999999,time,0.48187087436144793,1.7932831953284238,0.985741254085098,0.8982510108620207,1528138500000
-1,1528302240000,1528302360000,1298.745,1299.2287313541472,1297.7775372917054,1299.2587313541471,stop,0.48373135414726676,1.6836357648403695,-1.06201789431834,-1.1491716412039827,1528301700000
1,1528472340000,1528478160000,1298.335,1297.169070935124,1300.6668581297522,1299.18,time,1.1659290648760816,2.8486579608126896,0.7247439192107595,0.6885847725953684,1528471500000
1,1528994400000,1528995720000,1303.915,1302.8433148263503,1306.0583703472994,1302.8133148263503,stop,1.071685173649712,1.8905916744098923,-1.0279932957342361,-1.0673322742295943,1528993200000
1,1529331840000,1529332200000,1280.845,1280.4171555484402,1281.7006889031197,1280.3700000000001,stop,0.4278444515598494,1.872859369976648,-1.1102165711583694,-1.2087547194183161,1529331000000
1,1529600880000,1529601840000,1265.44,1264.8406742543534,1266.6386514912933,1266.6386514912933,target,0.5993257456466381,1.5240035142117165,2.0,1.9296559503638329,1529600400000
-1,1529688300000,1529689080000,1269.57,1270.4454895043737,1267.8190209912525,1270.4754895043736,stop,0.8754895043737179,2.4668969595929453,-1.034266544430402,-1.08242131931849,1529687700000
1,1529929680000,1529931780000,1269.37,1269.0086050566545,1270.0927898866908,1268.9786050566545,stop,0.3613949433454309,1.689160553069419,-1.0830116761520316,-1.1996679846485878,1529928900000
1,1530706200000,1530709620000,1256.625,1256.0997400386602,1257.6755199226795,1256.0697400386603,stop,0.5252599613397706,1.7358249584025136,-1.0571145760347929,-1.1373776897365606,1530705900000
-1,1530885720000,1530885960000,1254.7150000000001,1255.0799828322924,1253.9850343354155,1255.1099828322924,stop,0.36498283229229855,1.826481986876789,-1.0821956468789389,-1.1977051894380166,1530885300000
-1,1531865460000,1531871280000,1228.335,1228.993300624196,1227.018398751608,1227.69,time,0.6583006241960447,2.825248880249021,0.97979551635348,0.9157533470915458,1531864500000
1,1532096820000,1532098020000,1223.625,1223.1708814593019,1224.5332370813962,1224.5332370813962,target,0.4541185406981185,1.5595511650342342,2.0,1.9071630065242682,1532096400000
1,1534519200000,1534521180000,1176.555,1175.4179991830104,1178.8290016339795,1178.8290016339795,target,1.137000816989712,2.707092143640473,2.0,1.9629208709703316,1534518600000
-1,1535547360000,1535547420000,1204.325,1204.7533356008046,1203.468328798391,1204.7833356008045,stop,0.42833560080453026,1.835545630003372,-1.0700385397422596,-1.1684636996421465,1535546100000
1,1537368540000,1537369440000,1202.73,1202.227162542344,1203.7356749153118,1202.1971625423441,stop,0.5028374576559145,2.20181013680797,-1.0596614264574167,-1.1435036290581007,1537367700000
1,1538088420000,1538089800000,1184.24,1183.822329361609,1185.075341276782,1183.792329361609,stop,0.4176706383909732,2.363642043671503,-1.07182693070201,-1.1727653164176366,1538087700000
-1,1538149380000,1538149980000,1184.46,1185.367553702203,1182.6448925955942,1185.397553702203,stop,0.9075537022029039,2.416682374740825,-1.0330558951246123,-1.079509344543272,1538148900000
1,1538659080000,1538659920000,1199.21,1198.9924225697412,1199.6451548605178,1198.9624225697412,stop,0.21757743025887066,1.2378227480044908,-1.1378819483449139,-1.3316474503541977,1538658300000
-1,1539008160000,1539009720000,1193.94,1194.4814903558172,1192.8570192883658,1194.5114903558172,stop,0.5414903558171318,2.5196900433772047,-1.0554026487779296,-1.1332599911056251,1539007200000
1,1539124680000,1539124860000,1189.2350000000001,1188.9360703493087,1189.832859301383,1188.9060703493087,stop,0.2989296506914343,2.145995311122978,-1.1003580606024919,-1.2413912431673022,1539123900000
-1,1539876000000,1539876600000,1224.505,1225.3429972906438,1222.8290054187128,1225.3729972906438,stop,0.8379972906436706,2.5395942342249103,-1.035799638417601,-1.0861088702859016,1539875100000
1,1540303440000,1540304100000,1234.06,1233.672497974651,1234.835004050698,1234.835004050698,target,0.387502025349022,2.214041047360092,2.0,1.891203149294439,1540302600000
1,1540311360000,1540312680000,1238.0549999999998,1237.2692737288944,1239.6264525422107,1237.2392737288944,stop,0.7857262711054318,1.9292860597768529,-1.0381812357600897,-1.0918373263737928,1540310700000
-1,1540833000000,1540834440000,1230.415,1231.3513896099564,1228.542220780087,1231.3813896099564,stop,0.9363896099564499,1.8221379978350498,-1.032037946257614,-1.0770608721334796,1540832400000
-1,1540849620000,1540849980000,1227.7,1228.309206993772,1226.481586012456,1228.339206993772,stop,0.6092069937719771,2.0858257392946693,-1.049244346021414,-1.1184474254853705,1540849200000
-1,1540980120000,1540983600000,1217.42,1218.0861122478286,1216.087775504343,1216.087775504343,target,0.6661122478285506,2.55095713014952,2.0,1.9367088653039581,1540980000000
1,1542128220000,1542128880000,1201.4650000000001,1200.4173435446182,1203.560312910764,1200.3873435446183,stop,1.0476564553819117,2.4560326121965237,-1.0286353411424707,-1.0688765860500216,1542127200000
-1,1542910920000,1542912780000,1227.7,1228.0054923804835,1227.0890152390332,1228.0354923804834,stop,0.30549238048342886,1.9718879278139692,-1.098202121939994,-1.236205563902393,1542910200000
1,1544045100000,1544045520000,1236.48,1236.0926218857185,1237.254756228563,1236.0626218857185,stop,0.387378114281546,2.229114782003354,-1.0774437142780058,-1.1862753659529863,1544044200000
1,1544192520000,1544192580000,1240.8600000000001,1240.5604552427858,1241.4590895144288,1240.5304552427858,stop,0.2995447572143348,1.5326092513291942,-1.1001519782184226,-1.2408955532088997,1544192100000
-1,1545228420000,1545231300000,1248.415,1248.8059977801445,1247.633004439711,1247.633004439711,target,0.3909977801445166,2.4440752192472273,2.0,1.8921758584296369,1545228000000
-1,1546465020000,1546465560000,1280.365,1280.885455379649,1279.3240892407018,1280.915455379649,stop,0.5204553796490927,2.0445791295398346,-1.0576418290078962,-1.1386458913127666,1546464600000
-1,1547028360000,1547032920000,1283.0349999999999,1283.7339939600963,1281.637012079807,1281.637012079807,target,0.698993960096459,2.9132079793581767,2.0,1.9396861741206144,1547027400000
-1,1547814780000,1547816280000,1285.54,1285.9735247393469,1284.6729505213061,1286.0035247393469,stop,0.4335247393469217,1.8428460904614377,-1.0692002030729915,-1.1664472484515551,1547814300000
-1,1548271200000,1548274080000,1285.455,1285.9666708861423,1284.4316582277152,1284.4316582277152,target,0.5116708861423831,1.9184622640900992,2.0,1.9176052397316419,1548270600000
1,1548414540000,1548416160000,1283.68,1283.3894857408045,1284.2610285183912,1283.3594857408045,stop,0.29051425919556095,1.4161576902409048,-1.1032651549808372,-1.2483836772755397,1548414000000
1,1548947460000,1548948660000,1323.25,1322.7018878687659,1324.3462242624682,1324.3462242624682,target,0.5481121312341202,1.949735246562985,2.0,1.9230832568783407,1548946500000
-1,1549293420000,1549293840000,1311.23,1311.710567955471,1310.2688640890578,1311.740567955471,stop,0.48056795547108777,2.336488700301794,-1.0624261348648696,-1.1501535821905504,1549293000000
1,1550679540000,1550682360000,1343.285,1342.1258162411816,1345.603367517637,1345.603367517637,target,1.1591837588184717,2.6235517072662544,2.0,1.9636304428186853,1550678700000
1,1551357660000,1551360300000,1324.8200000000002,1324.408896309278,1325.6422073814447,1325.6422073814447,target,0.41110369072225694,1.9480179847954737,2.0,1.8974492300812673,1551356700000
1,1555096920000,1555097040000,1291.3200000000002,1290.9149723491437,1292.1300553017131,1290.8849723491437,stop,0.40502765085648207,1.618320685316939,-1.0740690171066936,-1.1781582068468248,1555096500000
-1,1556125440000,1556125800000,1272.33,1273.1334194922247,1270.7231610155504,1273.1634194922246,stop,0.803419492224748,2.404044582184476,-1.0373403935183347,-1.0898148485296981,1556124900000
1,1556724720000,1556725920000,1280.93,1280.08872662519,1282.6125467496202,1280.05872662519,stop,0.8412733748100436,1.6407606831569725,-1.0356602275767335,-1.0857735453903625,1556724000000
-1,1558035540000,1558035780000,1285.7649999999999,1286.3986639913562,1284.4976720172872,1286.4286639913562,stop,0.6336639913563431,2.2106620933596934,-1.0473437033020583,-1.1138758095525014,1558035300000
-1,1559775600000,1559776020000,1329.635,1330.0907490080797,1328.7235019838406,1330.1207490080797,stop,0.45574900807969243,2.196485761275536,-1.065825705526773,-1.1583305695036312,1559774700000
-1,1560171180000,1560171840000,1328.575,1329.0313148208215,1327.662370358357,1329.0613148208215,stop,0.4563148208214898,2.1408334822238078,-1.0657440841960044,-1.1581342457167336,1560170400000
-1,1561140300000,1561141320000,1392.045,1394.1251178760567,1387.8847642478868,1394.1551178760567,stop,2.080117876056647,2.4438084835094074,-1.0144222595965786,-1.034689861007669,1561139700000
-1,1561470960000,1561471500000,1430.345,1431.4233567242302,1428.1882865515397,1428.1882865515397,target,1.0783567242301615,2.4871729665319706,2.0,1.9609044029190832,1561470300000
-1,1561731180000,1561732080000,1414.275,1414.9983173918697,1412.8283652162609,1415.0283173918697,stop,0.7233173918696139,2.55432207597093,-1.0414755684533306,-1.099761184800849,1561730100000
1,1562079480000,1562080920000,1392.045,1391.1750459399248,1393.7849081201507,1391.1450459399248,stop,0.8699540600753153,2.4888498165995094,-1.0344845795620237,-1.0829457592205796,1562078700000
-1,1562090460000,1562090700000,1394.52,1395.676857401878,1392.2062851962442,1395.7068574018779,stop,1.1568574018779145,2.034664553195425,-1.025932323163835,-1.0623750169060058,1562089800000
1,1563291000000,1563291060000,1413.8400000000001,1413.011832246252,1415.4963355074965,1412.981832246252,stop,0.8281677537481755,2.1698100423160778,-1.0362245449236545,-1.0871308979049121,1563289800000
-1,1564607460000,1564607700000,1425.705,1430.7800780776693,1415.5548438446613,1430.8100780776692,stop,5.075078077669332,2.818265356534222,-1.0059112391062464,-1.014218303422262,1564606800000
-1,1568636340000,1568639520000,1502.81,1504.3203741247628,1499.7892517504743,1504.3503741247628,stop,1.5103741247628477,2.1462066204784573,-1.0198626284098207,-1.0477755801141673,1568635500000
1,1568736900000,1568738100000,1503.1599999999999,1501.7576135895124,1505.9647728209748,1501.7276135895124,stop,1.402386410487452,2.2479036692899372,-1.0213921068940943,-1.0514544347123922,1568736300000
1,1569520500000,1569520920000,1506.955,1505.7721942249457,1509.3206115501084,1509.3206115501084,target,1.1828057750542484,1.5202030623435718,2.0,1.964356785459501,1569520200000
-1,1569596520000,1569596580000,1495.045,1495.772770833758,1493.5894583324844,1495.802770833758,stop,0.7277708337578588,1.7015586786916865,-1.0412217673591935,-1.0991507170291208,1569596400000
-1,1569930660000,1569931140000,1461.085,1462.498365559333,1458.258268881334,1462.528365559333,stop,1.4133655593329877,2.067364873655232,-1.0212259311130594,-1.051054732106269,1569930000000
1,1569948960000,1569949260000,1463.7350000000001,1461.9758942033554,1467.2532115932895,1467.2532115932895,target,1.7591057966446897,1.8692852718606494,2.0,1.9760338462414178,1569948600000
-1,1570660980000,1570661040000,1508.27,1509.0490594446098,1506.7118811107803,1509.0790594446098,stop,0.7790594446098567,2.6809164974468396,-1.0385079729249624,-1.0926232272764618,1570659600000
1,1570711320000,1570713060000,1508.13,1507.1145149928327,1510.160970014335,1507.0845149928327,stop,1.015485007167399,2.232570841264313,-1.0295425336545883,-1.071058656199419,1570710300000
-1,1571221560000,1571221620000,1483.4650000000001,1484.3712901749316,1481.6524196501373,1484.4012901749315,stop,0.9062901749314278,1.7669859308135674,-1.0331019808332829,-1.0796201944983377,1571221200000
-1,1571223780000,1571228460000,1484.7849999999999,1485.9950893386388,1482.364821322722,1482.364821322722,target,1.2100893386389089,2.196594420148741,2.0,1.9651604235705278,1571223000000
-1,1571673120000,1571673780000,1491.68,1492.8068398334688,1489.4263203330627,1492.8368398334687,stop,1.1268398334686935,2.4057298030707504,-1.0266231270043278,-1.0640366073835439,1571672400000
-1,1571926740000,1571927580000,1490.3249999999998,1490.7411878037108,1489.492624392578,1490.7711878037107,stop,0.41618780371095454,1.9642800612418743,-1.0720828427274336,-1.173380861612388,1571925900000
-1,1573052940000,1573054140000,1486.0500000000002,1487.0255223702181,1484.0989552595643,1487.0555223702181,stop,0.9755223702179592,2.1429516203641525,-1.0307527545403903,-1.0739696004960404,1573052700000
1,1573658400000,1573659060000,1463.405,1462.5650834283445,1465.084833143311,1462.5350834283445,stop,0.8399165716555217,1.8699480853062014,-1.0357178331900763,-1.0859121041721362,1573657800000
-1,1573810620000,1573812480000,1464.275,1464.9983718049614,1462.8282563900775,1465.0283718049614,stop,0.7233718049612889,2.5496150348629136,-1.0414724486000366,-1.099753680617721,1573809600000
1,1574158500000,1574159520000,1469.725,1468.873169208833,1471.428661582334,1468.843169208833,stop,0.8518307911670036,2.312822408021732,-1.0352182620199404,-1.0847104856366079,1574157600000
-1,1574176320000,1574176920000,1468.295,1469.399571542216,1466.085856915568,1469.429571542216,stop,1.1045715422160356,2.2282371958494687,-1.027159852353054,-1.0653275928648356,1574175900000
1,1575904620000,1575904860000,1464.27,1463.7121497577805,1465.385700484439,1463.6821497577805,stop,0.5578502422195015,2.0030355133734363,-1.053777873933715,-1.1293519201728335,1575904200000
-1,1575923220000,1575924720000,1460.595,1461.0663686457522,1459.6522627084958,1459.6522627084958,target,0.4713686457521362,1.7876103694531016,2.0,1.9105604490669308,1575922800000
-1,1576145520000,1576147080000,1473.6750000000002,1474.3395508008837,1472.3458983982332,1472.3458983982332,target,0.6645508008834895,2.248841929860289,2.0,1.936560154703069,1576145100000
1,1576514580000,1576516380000,1477.65,1476.8158898412846,1479.318220317431,1479.318220317431,target,0.8341101587154753,1.8909706584809278,2.0,1.9494563163396492,1576514100000
1,1576595520000,1576595640000,1478.6799999999998,1478.039445171087,1479.9611096578255,1478.009445171087,stop,0.6405548289128546,2.096411113083817,-1.0468343983151114,-1.1126507782673976,1576595100000
-1,1576848420000,1576850640000,1477.4850000000001,1477.957205100463,1476.5405897990745,1477.987205100463,stop,0.4722051004628156,2.744564621836632,-1.0635317152876351,-1.15281283478143,1576847700000
1,1577199120000,1577199300000,1490.1,1489.7526437389852,1490.7947125220294,1489.7226437389852,stop,0.34735626101473827,2.0013311664236255,-1.086366659729504,-1.2077377266474867,1577198100000
-1,1577999820000,1577999940000,1526.5,1526.845182512547,1525.8096349749062,1526.8751825125469,stop,0.3451825125468986,1.3707230837379607,-1.0869105441600166,-1.209045931868199,1577999100000
1,1578042120000,1578042300000,1541.295,1540.9972008251223,1541.8905983497557,1541.8905983497557,target,0.2977991748778095,0.9079471541230557,2.0,1.8584314411975842,1578042000000
-1,1578067920000,1578069000000,1546.45,1547.6055722958436,1544.138855408313,1547.6355722958435,stop,1.1555722958435126,1.5290951306208904,-1.0259611623676683,-1.062444383842986,1578067200000
-1,1578564840000,1578565140000,1546.0149999999999,1547.1960369837839,1543.6529260324319,1547.2260369837838,stop,1.1810369837839971,2.107602700989688,-1.0254014060625383,-1.0610980020022558,1578564300000
1,1579259520000,1579259700000,1554.5900000000001,1554.1301695455231,1555.5096609089542,1554.1001695455232,stop,0.4598304544770144,2.3188094605237093,-1.0652414378123194,-1.1569252303700555,1579258500000
1,1580116920000,1580117520000,1578.6149999999998,1577.8252554918838,1580.1944890162317,1577.7952554918838,stop,0.7897445081159731,1.765008805257064,-1.0379869688129155,-1.0913700560857542,1580115900000
-1,1580292000000,1580292060000,1568.625,1569.2389355652315,1567.397128869537,1569.2689355652315,stop,0.6139355652314862,2.121733445722132,-1.0488650628810878,-1.1175351357479428,1580291700000
1,1580380140000,1580382960000,1581.53,1580.3891159371894,1583.811768125621,1580.3591159371895,stop,1.1408840628105281,2.242124547041798,-1.0262953975586868,-1.0632483197479432,1580379000000
1,1581004680000,1581005220000,1563.9450000000002,1562.8627856005724,1566.1094287988558,1562.8327856005724,stop,1.0822143994278122,1.891507051115106,-1.0277209395992462,-1.066677176018102,1581003900000
1,1581355140000,1581355620000,1572.37,1571.590788852941,1573.9284222941178,1573.9284222941178,target,0.7792111470589589,1.987218445520482,2.0,1.9458952811967278,1581354300000
-1,1582202760000,1582203660000,1610.435,1611.166713510209,1608.9715729795817,1611.196713510209,stop,0.731713510209147,1.993036094996521,-1.0409996529808474,-1.0986164653148847,1582201500000
-1,1582805520000,1582805820000,1647.125,1648.0544650977065,1645.266069804587,1648.0844650977065,stop,0.9294650977064975,1.7065334257057565,-1.0322766288632024,-1.0776349754047019,1582804800000
-1,1584388860000,1584389940000,1509.745,1513.98094923883,1501.2731015223399,1501.2731015223399,target,4.235949238830017,1.8341473045293233,2.0,1.9900473311593214,1584388200000
1,1584717360000,1584717660000,1503.2849999999999,1499.6275956040486,1510.5998087919024,1499.5975956040486,stop,3.657404395951289,2.005107594515667,-1.008202538399413,-1.0197295656121188,1584716700000
1,1586441220000,1586442300000,1661.175,1659.7451839952325,1664.0346320095348,1659.7151839952326,stop,1.4298160047674173,1.9111098076048547,-1.0209817206549263,-1.050467332691321,1586440800000
1,1586778480000,1586778960000,1688.3899999999999,1686.910696470063,1691.3486070598738,1691.3486070598738,target,1.4793035299369421,1.4896786960902337,2.0,1.9715007778006202,1586777700000
-1,1586986440000,1586986740000,1719.065,1721.3490643637124,1714.4968712725754,1721.3790643637124,stop,2.284064363712332,2.305636737689269,-1.0131344810052607,-1.0315923671619704,1586985600000
-1,1587392700000,1587393660000,1682.9,1685.6258619972746,1677.4482760054511,1685.6558619972745,stop,2.725861997274478,2.165754601311001,-1.0110056928890636,-1.0264719931060788,1587391800000
1,1587494700000,1587495180000,1679.09,1675.385633045629,1686.4987339087418,1675.355633045629,stop,3.7043669543709257,1.812605646433165,-1.0080985497304944,-1.0194794416667683,1587493800000
-1,1588166580000,1588167900000,1707.17,1708.8182494501712,1703.873501099658,1703.873501099658,target,1.648249450171079,2.4150369651888455,2.0,1.9744219541552863,1588166100000
-1,1588691460000,1588692120000,1697.5900000000001,1699.6373784080781,1693.4952431838442,1699.667378408078,stop,2.047378408077975,2.3431170847692324,-1.0146528848216856,-1.035244583861619,1588690200000
-1,1588851960000,1588852620000,1692.825,1693.85107889855,1690.7728422029002,1690.7728422029002,target,1.0260788985499403,1.2655313736387224,2.0,1.9589125163185996,1588851000000
-1,1588959780000,1588960500000,1719.245,1721.8404657663932,1714.0540684672133,1714.0540684672133,target,2.5954657663933176,1.9893845244986663,2.0,1.9837566726766793,1588959000000
1,1589313420000,1589314380000,1702.1550000000002,1701.3407072590703,1703.78358548186,1703.78358548186,target,0.8142927409298863,1.1751486952372137,2.0,1.948226236240475,1589312700000
1,1589985840000,1589987160000,1749.17,1747.399797190711,1752.710405618578,1752.710405618578,target,1.7702028092890032,2.207158109526457,2.0,1.9761840847959489,1589984700000
1,1590151440000,1590157260000,1733.9250000000002,1732.6249743811354,1736.5250512377297,1734.45,time,1.3000256188647654,1.9992514359135989,0.403838195479805,0.37140883455935253,1590150900000
1,1590511260000,1590511620000,1725.0700000000002,1722.8873571095605,1729.4352857808794,1722.8573571095606,stop,2.182642890439638,2.1264433231533006,-1.0137448045813533,-1.0330603784595462,1590510300000
-1,1591188720000,1591189680000,1718.685,1720.3436264550821,1715.3677470898356,1720.373626455082,stop,1.6586264550821852,2.252758812356005,-1.018087255215332,-1.0435052749694609,1591187400000
-1,1591190520000,1591191240000,1718.8249999999998,1720.5378035972863,1715.399392805427,1720.5678035972862,stop,1.7128035972864382,2.9631436064552834,-1.0175151430365403,-1.0421291735458127,1591189800000
-1,1591216380000,1591218600000,1700.055,1700.8848209253615,1698.3953581492772,1698.3953581492772,target,0.8298209253614459,1.2801744509695427,2.0,1.949195062800282,1591216200000
1,1591711500000,1591711680000,1708.965,1707.5237243720742,1711.8475512558514,1707.4937243720742,stop,1.4412756279257337,2.174669140128871,-1.0208148944023625,-1.050066065506029,1591710600000
-1,1591822920000,1591823040000,1714.065,1716.4511375679879,1709.2927248640244,1716.4811375679878,stop,2.3861375679878165,2.618171211576947,-1.0125726196186045,-1.0302409219686453,1591822800000
1,1592248980000,1592249580000,1719.6100000000001,1718.1910335395376,1722.4479329209253,1718.1610335395376,stop,1.4189664604625705,2.0574732282171935,-1.0211421487652308,-1.0508532104250368,1592247900000
-1,1592511120000,1592511600000,1723.595,1724.423494200529,1721.9380115989422,1724.453494200529,stop,0.828494200528894,1.904838324306973,-1.0362102715756143,-1.0870965662208714,1592510100000
1,1592519760000,1592520840000,1723.52,1722.6895010064652,1725.1809979870695,1725.1809979870695,target,0.8304989935347749,2.723037376909053,2.0,1.9492365429359972,1592519100000
1,1593185520000,1593185580000,1762.01,1760.9631765626525,1764.103646874695,1760.9331765626525,stop,1.0468234373474843,1.3626355100641856,-1.028658127941794,-1.0689313951384336,1593185100000
1,1593795180000,1593795300000,1775.28,1774.6588756711542,1776.5222486576915,1774.6288756711542,stop,0.6211243288457808,1.9956232049853646,-1.0482995088209166,-1.1161748085670127,1593794100000
-1,1594203600000,1594205100000,1794.665,1795.634131622329,1792.7267367553418,1795.664131622329,stop,0.9691316223290869,2.839395130365894,-1.0309555475322068,-1.0744573784792566,1594203000000
-1,1594315560000,1594316760000,1813.02,1815.6101994533897,1807.8396010932206,1807.8396010932206,target,2.590199453389687,2.3504648831886916,2.0,1.9837236472485438,1594314600000
1,1594394160000,1594394520000,1806.4299999999998,1805.7100457986069,1807.8699084027858,1807.8699084027858,target,0.7199542013929658,1.8019486719529207,2.0,1.941442108514082,1594393500000
1,1595451960000,1595455140000,1864.21,1862.8125415135419,1867.0049169729164,1867.0049169729164,target,1.397458486458163,2.0715829242971733,2.0,1.9698316619716905,1595451300000
1,1595517900000,1595519760000,1875.195,1872.4966667732554,1880.591666453489,1872.4666667732554,stop,2.6983332267445803,2.1878396422182624,-1.0111179744972294,-1.0267420640582,1595517300000
1,1595847600000,1595848440000,1933.3000000000002,1931.81352677769,1936.2729464446206,1936.2729464446206,target,1.4864732223102237,1.7189983009767185,2.0,1.971638237832177,1595846700000
1,1596640620000,1596640920000,2039.8049999999998,2038.351803278377,2042.7113934432455,2038.321803278377,stop,1.4531967216228168,1.0515421093619912,-1.020644142361174,-1.0496553556213581,1596640500000
-1,1597312980000,1597313100000,1934.1100000000001,1935.9222453685727,1930.485509262855,1930.485509262855,target,1.812245368572576,1.9645922571624208,2.0,1.976736593879003,1597312500000
-1,1597837440000,1597837560000,1989.74,1990.565294123732,1988.089411752536,1990.595294123732,stop,0.8252941237319646,1.2639638554932033,-1.0363506768524091,-1.087434283033146,1597837200000
-1,1598874240000,1598875440000,1958.99,1960.8586816910383,1955.2526366179234,1960.8886816910383,stop,1.8686816910383186,2.374989233678605,-1.016054098535799,-1.038614923208178,1598873400000
-1,1599252840000,1599253020000,1928.32,1929.531030331538,1925.8979393369239,1929.561030331538,stop,1.2110303315380406,1.704948161316828,-1.024772294482395,-1.0595847999185362,1599252600000
1,1599259380000,1599260760000,1934.745,1933.2320545594175,1937.7708908811646,1933.2020545594175,stop,1.5129454405823708,1.7203227712129716,-1.0198288710189212,-1.0476943834618364,1599259200000
-1,1599578340000,1599578700000,1916.605,1919.6699937469425,1910.475012506115,1919.6999937469425,stop,3.0649937469424913,2.0434143485437968,-1.0097879481907261,-1.023542951783166,1599577500000
1,1599600900000,1599601080000,1936.2150000000001,1935.2001261533235,1938.2447476933535,1935.1701261533235,stop,1.0148738466766645,1.4524373495196765,-1.0295603242690818,-1.0711014479644605,1599600300000
1,1599837720000,1599838020000,1944.545,1943.0817160232605,1947.4715679534793,1943.0517160232605,stop,1.4632839767396035,2.142939012351336,-1.0205018304559152,-1.0493130527956391,1599837300000
-1,1600717140000,1600719900000,1904.065,1906.8362388530982,1898.5225222938038,1906.8662388530981,stop,2.7712388530981116,1.8950086070733265,-1.0108254833272254,-1.026038535046989,1600716000000
1,1600788240000,1600789320000,1905.115,1902.528496079339,1910.288007841322,1910.288007841322,target,2.5865039206610163,1.9668644916895592,2.0,1.983700391998932,1600787400000
-1,1600807320000,1600807800000,1903.635,1904.8501505511701,1901.2046988976597,1904.8801505511701,stop,1.2151505511701544,1.5160850841703453,-1.0246882988869845,-1.0593827653128953,1600806900000
1,1601387100000,1601387400000,1883.815,1883.164131819726,1885.1167363605482,1883.134131819726,stop,0.6508681802740739,1.4189971705556907,-1.046092282445487,-1.1108657669661888,1601386800000
-1,1601661840000,1601662260000,1905.6599999999999,1907.5292580077914,1901.9214839844167,1907.5592580077914,stop,1.8692580077915864,1.7108659086647777,-1.0160491488467212,-1.038603017721039,1601661300000
1,1601924940000,1601925480000,1913.56,1912.2784216394714,1916.123156721057,1912.2484216394714,stop,1.281578360528556,1.790455035661869,-1.023408634948861,-1.0563047896425253,1601924100000
-1,1602587040000,1602587160000,1919.625,1920.8553719471274,1917.1642561057452,1920.8853719471274,stop,1.2303719471274235,2.2220131509834946,-1.024382870618933,-1.058648118699751,1602586200000
-1,1602624720000,1602624900000,1892.5149999999999,1893.4635334376262,1890.6179331247472,1893.4935334376262,stop,0.9485334376263381,1.7718522846324931,-1.0316277727383512,-1.0760742817675963,1602624600000
1,1602864120000,1602864360000,1906.63,1904.9822050016674,1909.9255899966656,1904.9522050016674,stop,1.6477949983327562,1.684948132754572,-1.0182061482346572,-1.043791248348844,1602863700000
1,1602867540000,1602869580000,1905.9450000000002,1903.8223385191834,1910.1903229616337,1903.7923385191834,stop,2.1226614808167596,1.971607175301969,-1.0141332003577082,-1.0339945868204135,1602866700000
-1,1603195380000,1603195740000,1902.49,1903.3476981365488,1900.7746037269023,1903.3776981365488,stop,0.8576981365488336,1.7981795487369359,-1.0349773407701284,-1.0841309977544347,1603194900000
1,1603298460000,1603299480000,1923.17,1921.750621183752,1926.0087576324963,1926.0087576324963,target,1.419378816248127,1.4282508786456063,2.0,1.9702975699528618,1603297800000
-1,1604654460000,1604655000000,1941.035,1942.568305591398,1937.9683888172042,1942.598305591398,stop,1.5333055913979479,1.95810486074263,-1.019565571382689,-1.047061068846807,1604653800000
-1,1604688720000,1604689860000,1952.5100000000002,1954.0717127643736,1949.3865744712534,1954.1017127643736,stop,1.5617127643733966,1.9112225321774248,-1.019209678427652,-1.0462050395220563,1604688000000
1,1605622980000,1605624180000,1888.2350000000001,1887.150360127248,1890.4042797455045,1887.120360127248,stop,1.0846398727521773,2.7362344968543977,-1.027658949992176,-1.0665280724162165,1605622200000
-1,1605692280000,1605692460000,1881.4,1882.321967380157,1879.5560652396862,1882.351967380157,stop,0.921967380156957,2.1968666538335397,-1.0325391121699614,-1.07826632650245,1605691500000
-1,1605717840000,1605720120000,1878.52,1880.3581416721465,1874.8437166557069,1880.3881416721465,stop,1.8381416721465484,2.3523193472198423,-1.0163208312256689,-1.0392564953471224,1605717300000
-1,1606149300000,1606149960000,1866.725,1868.3642769469648,1863.4464461060702,1863.4464461060702,target,1.6392769469648556,2.550334177917618,2.0,1.9742819539565553,1606148700000
1,1606212540000,1606213440000,1828.995,1827.4144713766395,1832.1560572467206,1827.3844713766396,stop,1.580528623360351,2.0926220458392115,-1.0189809912687249,-1.0456549782986884,1606212000000
-1,1606399320000,1606400700000,1814.56,1815.2070923736005,1813.2658152527988,1813.2658152527988,target,0.6470923736005716,2.388466891605621,2.0,1.9348485599275145,1606398900000
-1,1607429340000,1607430120000,1864.19,1865.2886277238808,1861.9927445522385,1865.3186277238808,stop,1.0986277238807816,2.2592620756278317,-1.0273067931455444,-1.0656810295530128,1607428800000
-1,1607958840000,1607959200000,1825.8400000000001,1827.4612146562504,1822.5975706874997,1827.4912146562503,stop,1.6212146562502312,1.9962094664896284,-1.018504643962053,-1.04450922012195,1607958600000
-1,1608667020000,1608669660000,1867.2649999999999,1868.1994880813493,1865.396023837301,1865.396023837301,target,0.9344880813494001,1.570882872923371,2.0,1.9548854599203422,1608666600000
-1,1608739980000,1608740280000,1869.205,1870.7887766272765,1866.0374467454467,1870.8187766272765,stop,1.5837766272766203,1.4559898269762532,-1.0189420651140426,-1.0455613492188311,1608739800000
1,1608832380000,1608833100000,1877.33,1876.4276398818515,1879.1347202362967,1879.1347202362967,target,0.9023601181484082,1.447014766711501,2.0,1.9532791851589053,1608831600000
1,1609240680000,1609241280000,1877.815,1876.5484962774033,1880.3480074451936,1880.3480074451936,target,1.2665037225967808,2.459052780543515,2.0,1.9667122968153943,1609239900000
1,1609251180000,1609251780000,1877.375,1876.724671397398,1878.675657205204,1876.694671397398,stop,0.6503286026020305,1.4346981051036443,-1.046130525214391,-1.1109577522982341,1609250400000
-1,1610032440000,1610034420000,1917.665,1919.7473538837587,1913.5002922324825,1913.5002922324825,target,2.082353883758742,2.1389530682913573,2.0,1.9797541617067023,1610031900000
-1,1610109120000,1610109780000,1892.825,1894.1935141739789,1890.0879716520424,1890.0879716520424,target,1.3685141739788378,1.6386609706784796,2.0,1.969193596382399,1610108400000
-1,1610639220000,1610639760000,1840.655,1843.9318151944344,1834.101369611131,1843.9618151944344,stop,3.276815194434448,2.6899888882052516,-1.009155230984929,-1.0220210770880616,1610638500000
1,1610715900000,1610716320000,1853.88,1853.021972963896,1855.5960540722085,1852.991972963896,stop,0.8580270361042039,1.7865500470345146,-1.0349639332301055,-1.0840987485984175,1610715300000
1,1610989200000,1610989800000,1833.505,1832.4955507831107,1835.5238984337789,1835.5238984337789,target,1.0094492168893794,1.5662707254058077,2.0,1.9582356404912442,1610988900000
1,1611146280000,1611149040000,1852.9,1851.6816653356059,1855.3366693287885,1851.651665335606,stop,1.218334664394206,2.5206229931839443,-1.0246237761074373,-1.0592275686712505,1611145500000
-1,1612362120000,1612362360000,1835.77,1836.9270166336128,1833.4559667327744,1836.9570166336127,stop,1.157016633612784,2.0292615685959916,-1.0259287542879119,-1.0623664326887474,1612362000000
-1,1612429560000,1612429680000,1823.42,1824.4925991928562,1821.2748016142878,1824.5225991928562,stop,1.0725991928561598,1.7134393335000053,-1.0279694411479907,-1.067274896793298,1612429200000
1,1612435260000,1612435860000,1822.05,1820.7250998756747,1824.6998002486505,1820.6950998756747,stop,1.3249001243252678,1.5605396751221474,-1.0226432162312995,-1.0544637280011737,1612434600000
-1,1612473360000,1612474620000,1792.63,1793.5296092889305,1790.8307814221394,1793.5596092889305,stop,0.8996092889303782,1.8133887994042914,-1.0333478103984923,-1.0802114883515361,1612472700000
-1,1613053200000,1613053800000,1842.2849999999999,1843.5049443544383,1839.845111291123,1843.5349443544383,stop,1.2199443544384394,2.7143439252335626,-1.0245912855703834,-1.0591494191824746,1613052600000
1,1613065800000,1613066640000,1839.4599999999998,1837.4276150186963,1843.5247699626068,1837.3976150186963,stop,2.032384981303494,2.4669362657379557,-1.014760982922011,-1.035504592222332,1613064900000
-1,1613389020000,1613389080000,1818.99,1819.621634054336,1817.726731891328,1819.651634054336,stop,0.6316340543360184,1.9966901732639322,-1.0474958558583563,-1.1142417820961652,1613388300000
1,1614092820000,1614093660000,1809.975,1808.430726715576,1813.0635465688479,1808.400726715576,stop,1.54427328442398,1.9480374701795347,-1.0194266133478846,-1.046726833085692,1614092400000
1,1614877020000,1614877920000,1714.05,1712.1620045399968,1717.8259909200062,1712.1320045399968,stop,1.8879954600031397,1.3681576625501954,-1.0158898687181817,-1.0382199012278626,1614876600000
1,1615382760000,1615382880000,1710.88,1709.672531366243,1713.2949372675143,1709.642531366243,stop,1.2074686337571165,2.543718953310506,-1.0248453658846821,-1.0597605585624577,1615382100000
1,1615407300000,1615410780000,1718.865,1716.1456483112897,1724.3037033774206,1724.3037033774206,target,2.719351688710276,2.882144162843453,2.0,1.9844966724329818,1615406700000
1,1615822200000,1615823760000,1729.865,1728.341390644987,1732.9122187100259,1732.9122187100259,target,1.5236093550129226,1.4028343643427053,2.0,1.9723295214345529,1615821300000
-1,1615999140000,1616000580000,1730.18,1732.124586845609,1726.2908263087822,1726.2908263087822,target,1.9445868456089102,2.055874506742937,2.0,1.9783198163171785,1615998600000
-1,1616412660000,1616418480000,1730.755,1732.5813456822993,1727.1023086354016,1732.29,time,1.8263456822992339,2.5598545328022673,-0.8404761567741126,-0.8635599576167465,1616412300000
1,1616605560000,1616608800000,1729.645,1728.2057038683317,1732.5235922633365,1732.5235922633365,target,1.439296131668243,1.7074284468171126,2.0,1.9707085991045257,1616604900000
1,1616788980000,1616789340000,1732.4250000000002,1732.1012846809094,1733.0724306381817,1733.0724306381817,target,0.323715319090752,0.8361427122253906,2.0,1.8697651995017852,1616788200000
1,1617055020000,1617060840000,1710.385,1709.695888586995,1711.7632228260102,1710.78,time,0.6891114130050937,2.0201784455584595,0.573201941725876,0.5120231552417689,1617054300000
1,1618610220000,1618611540000,1777.885,1777.3235896000083,1779.0078207999834,1777.2935896000083,stop,0.5614103999917006,2.1257171423667542,-1.0534368440634805,-1.128531641025958,1618609500000
-1,1619010600000,1619011980000,1778.835,1779.8292699128474,1776.8464601743053,1779.8592699128474,stop,0.9942699128473578,2.018006234204875,-1.0301728933082765,-1.072574860274436,1619010000000
-1,1619107200000,1619107500000,1785.575,1787.623493997605,1781.4780120047901,1781.4780120047901,target,2.0484939976049645,1.9793360436445555,2.0,1.9794195149952645,1619106600000
-1,1619467260000,1619467560000,1779.565,1780.166907622044,1778.3611847559123,1780.196907622044,stop,0.6019076220438819,2.2369409718122384,-1.0498415353141775,-1.119883844891255,1619466900000
-1,1619529000000,1619529120000,1781.405,1782.0254462605053,1780.1641074789893,1782.0554462605053,stop,0.6204462605053322,1.7503856589125844,-1.0483522940013188,-1.1163017727614342,1619528400000
-1,1619611440000,1619612100000,1769.9650000000001,1770.7179883826796,1768.4590232346413,1768.4590232346413,target,0.7529883826794048,1.9821543576414784,2.0,1.9440110883915858,1619610600000
-1,1619728320000,1619728680000,1769.18,1769.775011287283,1767.9899774254343,1767.9899774254343,target,0.5950112872828868,1.6994841762735409,2.0,1.92914588193357,1619727900000
1,1619796600000,1619796720000,1767.6399999999999,1765.798749193968,1771.3225016120637,1765.768749193968,stop,1.8412508060318942,2.584182423433577,-1.0162932718897901,-1.0391902068765329,1619796000000
1,1619822580000,1619822880000,1767.3249999999998,1766.7701390286118,1768.434721942776,1766.7401390286118,stop,0.5548609713880523,1.858147761426547,-1.0540675980956529,-1.130048793699543,1619822100000
-1,1620160620000,1620161220000,1777.625,1778.7704903510548,1775.3340192978903,1778.8004903510548,stop,1.145490351054832,1.8936744969657817,-1.0261896575316825,-1.0629939832609892,1620159900000
1,1620678840000,1620682920000,1836.275,1835.379112941345,1838.0667741173102,1835.349112941345,stop,0.8958870586550347,1.760540071160613,-1.0334863638336407,-1.0805447509290989,1620678300000
1,1621609740000,1621610460000,1879.1750000000002,1877.6188986858588,1882.287202628283,1882.287202628283,target,1.556101314141415,2.188568991916341,2.0,1.9729072910504795,1621609500000
-1,1622197500000,1622199900000,1890.23,1891.095054437184,1888.499891125632,1891.125054437184,stop,0.8650544371839715,1.5712710572123356,-1.0346798984092056,-1.0834155596437067,1622197200000
-1,1622720940000,1622721060000,1894.54,1895.2335974353941,1893.1528051292116,1895.263597435394,stop,0.6935974353941674,1.5909133854342754,-1.0432527550839688,-1.1040358518035251,1622720100000
1,1623079260000,1623079320000,1885.7649999999999,1885.0246251251124,1887.2457497497749,1884.9946251251124,stop,0.7403748748874932,1.6316846640840448,-1.040520013600585,-1.0974627887135393,1623078600000
1,1623269460000,1623270360000,1891.15,1890.527651678656,1892.3946966426884,1892.3946966426884,target,0.6223483213441341,1.9238968066520874,2.0,1.9322581927931517,1623268800000
-1,1624657500000,1624658160000,1777.935,1778.5244701857748,1776.7560596284502,1778.5544701857748,stop,0.5894701857748714,2.4089322050936164,-1.0508931591858832,-1.1224133157898701,1624657200000
-1,1625071560000,1625071680000,1758.0900000000001,1759.6461800577201,1754.9776398845602,1759.67618005772,stop,1.5561800577199847,1.8057310460052762,-1.0192779748404737,-1.046369312883816,1625070900000
1,1627567380000,1627567920000,1822.1950000000002,1821.6107830725211,1823.3634338549582,1823.3634338549582,target,0.5842169274790194,1.4897060148150576,2.0,1.9278367366349307,1627567200000
-1,1627658400000,1627658580000,1827.755,1828.598846978656,1826.0673060426884,1828.628846978656,stop,0.8438469786558471,2.1722332285623254,-1.0355514693526062,-1.0855119492338692,1627658100000
1,1629383460000,1629383880000,1788.93,1787.878581625333,1791.0328367493341,1787.848581625333,stop,1.051418374667037,2.5385312270714326,-1.0285328854077456,-1.068630149271287,1629382800000
-1,1630075620000,1630076040000,1795.8200000000002,1796.578623504196,1794.3027529916085,1796.608623504196,stop,0.7586235041958389,1.96414986155546,-1.039545307829308,-1.0951183289218849,1630075200000
-1,1630332420000,1630333620000,1816.28,1816.7929401376298,1815.2541197247403,1816.8229401376298,stop,0.5129401376298119,2.2359941596968773,-1.0584863569823106,-1.1406772344496265,1630332000000
-1,1630342860000,1630344960000,1813.935,1815.8248239096029,1810.1553521807941,1810.1553521807941,target,1.8898239096029101,2.227937757702242,2.0,1.977691572328102,1630342200000
-1,1630505400000,1630506660000,1813.88,1814.4181979849752,1812.8036040300499,1812.8036040300499,target,0.5381979849751133,1.908639874259493,2.0,1.9216663733849737,1630505100000
1,1632242880000,1632245940000,1771.96,1769.5219651695434,1776.8360696609134,1776.8360696609134,target,2.4380348304566724,2.2567118587107893,2.0,1.9827077942146942,1632242400000
1,1633619040000,1633620120000,1761.955,1760.987929733008,1763.8891405339837,1760.957929733008,stop,0.9670702669918683,1.857240845611385,-1.031021530724225,-1.074616087851018,1633618500000
1,1634033280000,1634033520000,1761.3899999999999,1760.3039873089724,1763.5620253820548,1760.2739873089724,stop,1.086012691027463,2.360245981659702,-1.0276239865775325,-1.0664439749149746,1634032500000
1,1634063160000,1634063760000,1762.95,1761.663317405526,1765.5233651889482,1761.633317405526,stop,1.2866825944740867,1.9295628861189267,-1.0233157735472709,-1.0560814301132804,1634062800000
1,1634158920000,1634164740000,1791.67,1790.5816722114794,1793.8466555770415,1791.02,time,1.0883277885207008,2.251971012604116,-0.5972465344136781,-0.6359839446357439,1634158800000
1,1634250900000,1634251200000,1798.22,1797.6962451671807,1799.2675096656387,1797.6662451671807,stop,0.5237548328193498,2.2048348510856677,-1.0572787077466836,-1.1377724757431715,1634250600000
-1,1635890580000,1635891360000,1787.12,1787.6330129765877,1786.0939740468243,1787.6630129765877,stop,0.5130129765877882,2.2292334702097962,-1.0584780529325246,-1.1406572607186765,1635890100000
-1,1636454100000,1636458000000,1824.455,1825.9930540094283,1821.3788919811432,1826.0230540094283,stop,1.5380540094283788,2.1053656349053043,-1.019505166799131,-1.0469157777019746,1636453500000
-1,1636737540000,1636737600000,1861.45,1863.3458577458516,1857.658284508297,1863.3758577458516,stop,1.895857745851572,1.790948532484454,-1.0158239720599382,-1.0380613999957897,1636737000000
1,1636993860000,1636994340000,1862.725,1861.2137115926953,1865.7475768146091,1861.1837115926953,stop,1.5112884073046189,1.751438524027475,-1.019850612136619,-1.0477466773722353,1636992600000
1,1637788200000,1637788740000,1783.74,1782.4874651538023,1786.2450696923954,1782.4574651538023,stop,1.2525348461977046,2.384198178640228,-1.0239514294480854,-1.0576103732515103,1637787900000
-1,1638179280000,1638179460000,1795.57,1797.2469540318443,1792.2160919363112,1797.2769540318443,stop,1.6769540318443887,2.1791633156199155,-1.0178895780267616,-1.0430298020277926,1638179100000
1,1638460020000,1638462060000,1775.21,1773.45509151104,1778.71981697792,1778.71981697792,target,1.7549084889599271,1.8490532387499186,2.0,1.9759765251206995,1638459300000
-1,1638789120000,1638789660000,1780.83,1782.119524868008,1778.2509502639837,1782.149524868008,stop,1.2895248680081295,2.1663632548195024,-1.0232643826763204,-1.0559578196513832,1638788400000
-1,1638897240000,1638897540000,1780.38,1781.934919015406,1777.2701619691884,1781.964919015406,stop,1.5549190154058579,2.3951672798467905,-1.019293609315172,-1.0464069184858082,1638896700000
-1,1638900000000,1638901740000,1782.66,1784.3575212085511,1779.264957582898,1784.387521208551,stop,1.697521208551052,2.5140563164880434,-1.0176728277967022,-1.0425084526994306,1638898800000
-1,1639064100000,1639066860000,1776.87,1779.118116014788,1772.3737679704236,1779.148116014788,stop,2.2481160147881383,1.9033117726003328,-1.013344507046181,-1.0320975427981962,1639063800000
-1,1639518360000,1639519080000,1773.03,1773.3447303844764,1772.400539231047,1772.400539231047,target,0.31473038447643376,1.2726465485211822,2.0,1.866047251617815,1639517700000
1,1639572180000,1639573620000,1768.59,1767.780335409289,1770.209329181422,1767.750335409289,stop,0.8096645907110087,2.7293974779444636,-1.0370523798918119,-1.0891220893538227,1639571400000
1,1639574220000,1639575840000,1768.16,1767.6303950167555,1769.2192099664892,1769.2192099664892,target,0.5296049832445533,1.7889048572277246,2.0,1.920395386497841,1639573800000
1,1639663200000,1639663320000,1786.25,1785.8386802213672,1787.0726395572656,1785.8086802213672,stop,0.41131977863278735,1.3132908232081852,-1.0729359528970177,-1.1754328475032898,1639662600000
1,1640631300000,1640631360000,1811.475,1811.067531344945,1812.2899373101095,1811.0375313449451,stop,0.40746865505479946,1.2549600664598333,-1.0736252951676444,-1.1770909224668293,1640630700000
1,1640969460000,1640969760000,1824.8049999999998,1822.525549299418,1829.3639014011637,1822.495549299418,stop,2.279450700581947,2.6991495450898024,-1.0131610655112275,-1.0316563108741725,1640968800000
-1,1641570300000,1641576120000,1791.06,1796.5644344906732,1780.0511310186535,1793.29,time,5.504434490673248,2.5669538857245526,-0.4051279025626603,-0.4127869999815567,1641569700000
1,1642585260000,1642585440000,1813.45,1812.7217362185597,1814.9065275628807,1812.6917362185598,stop,0.7282637814403188,1.9032718514198421,-1.041193865141337,-1.0990836038245109,1642584900000
1,1643032080000,1643033400000,1838.275,1837.0764705495164,1840.6720589009674,1840.6720589009674,target,1.1985294504836475,2.7533760182392784,2.0,1.964824393774398,1643031000000
-1,1643051880000,1643052360000,1835.275,1836.4316833810349,1832.9616332379305,1836.4616833810348,stop,1.1566833810347816,2.238018020240456,-1.02593622463317,-1.062384401110197,1643051400000
-1,1643122620000,1643122740000,1839.7350000000001,1840.133761713005,1838.9374765739904,1840.163761713005,stop,0.3987617130048875,1.1811062813819602,-1.0752328998035101,-1.1809576938974788,1643121900000
1,1643750100000,1643751180000,1801.33,1800.5894027490833,1802.8111945018331,1800.5594027490833,stop,0.7405972509166077,2.420469907370346,-1.0405078468261162,-1.0974335239709092,1643748900000
-1,1644332040000,1644332820000,1818.3,1819.1309217332735,1816.638156533453,1819.1609217332734,stop,0.8309217332734988,2.6871770929586196,-1.0361044834894193,-1.0868421141371465,1644331500000
-1,1645536900000,1645537980000,1896.29,1898.3557526172692,1892.1584947654615,1892.1584947654615,target,2.065752617269254,2.726971940684141,2.0,1.9795914575406757,1645535700000
-1,1645735440000,1645735800000,1924.685,1927.0910591857162,1919.8728816285675,1919.8728816285675,target,2.406059185716231,2.38084165102483,2.0,1.9824779871375233,1645734900000
-1,1646234760000,1646235060000,1928.24,1930.7911368436446,1923.1377263127108,1930.8211368436446,stop,2.551136843644599,1.807562630538569,-1.0117594632662332,-1.0282850369942855,1646234100000
-1,1647290400000,1647291960000,1960.2150000000001,1962.0948468234271,1956.4553063531462,1956.4553063531462,target,1.8798468234269876,2.2155771394782207,2.0,1.9775731727316253,1647289500000
-1,1647982020000,1647984720000,1922.415,1923.5865734193078,1920.0718531613843,1923.6165734193078,stop,1.1715734193078333,2.0708902407569143,-1.0256065898266082,-1.061591530509974,1647981600000
-1,1648117260000,1648118220000,1942.1950000000002,1943.3647637370364,1939.8554725259278,1943.3947637370363,stop,1.1697637370361917,1.806201727338909,-1.025646204485688,-1.061686815649458,1648116900000
1,1648238820000,1648240140000,1955.79,1954.716976150107,1957.9360476997858,1954.686976150107,stop,1.0730238498929339,1.46941561074304,-1.0279583720370857,-1.067248272260838,1648238400000
1,1650491820000,1650492660000,1951.47,1950.965546947371,1952.4789061052581,1952.4789061052581,target,0.50445305262906,1.4641752011367017,2.0,1.9164263160262787,1650491400000
-1,1650891480000,1650892560000,1917.71,1919.402319880759,1914.325360238482,1914.325360238482,target,1.692319880758987,2.0557851458974485,2.0,1.975088043058921,1650890700000
-1,1650975780000,1650976440000,1903.605,1904.3094781501084,1902.1960436997833,1904.3394781501083,stop,0.7044781501083435,1.1844318440030834,-1.042584713231147,-1.1024290107349324,1650975600000
1,1651096140000,1651096860000,1887.1799999999998,1886.2784285233054,1888.9831429533888,1886.2484285233054,stop,0.9015714766944711,2.1687261275740664,-1.0332752319427463,-1.08003691539193,1651095600000
1,1651158480000,1651159080000,1886.325,1884.8886727343015,1889.1976545313971,1884.8586727343015,stop,1.4363272656985373,1.4175131005437713,-1.0208866048263607,-1.0502385505888725,1651158300000
1,1651241340000,1651242960000,1914.775,1914.089421214553,1916.146157570894,1916.146157570894,target,0.6855787854469781,1.1317143128385467,2.0,1.9385059735001666,1651241100000
-1,1651695840000,1651698060000,1868.615,1869.90624992781,1866.03250014438,1866.03250014438,target,1.2912499278099858,2.2955583732818905,2.0,1.9673502401882002,1651694700000
1,1651844220000,1651845240000,1882.11,1881.295301432139,1883.7393971357217,1883.7393971357217,target,0.8146985678608871,1.4894330870465582,2.0,1.9482520263774432,1651843200000
-1,1652708700000,1652709180000,1803.825,1804.8127365556575,1801.8495268886852,1804.8427365556574,stop,0.9877365556574205,2.31122171747146,-1.0303724711089641,-1.0730549047584301,1652708100000
-1,1652954760000,1652955600000,1813.965,1815.020300987986,1811.8543980240277,1815.050300987986,stop,1.0553009879861293,2.097972684499678,-1.0284279085696895,-1.0683776484827106,1652954100000
1,1652992140000,1652992380000,1842.26,1841.2359338192136,1844.3081323615727,1841.2059338192137,stop,1.024066180786349,2.3239276980903014,-1.029294981674853,-1.0704632194225612,1652991300000
-1,1654262580000,1654262760000,1866.2350000000001,1866.664206746831,1865.3765865063383,1865.3765865063383,target,0.4292067468309142,1.2547429574328728,2.0,1.901774610228556,1654262100000
1,1654510020000,1654510260000,1854.255,1853.2862198677242,1856.192560264552,1853.2562198677242,stop,0.9687801322759242,2.2128305281793996,-1.0309667787359498,-1.0744843928936196,1654509600000
-1,1655127540000,1655127960000,1855.9650000000001,1857.545182975935,1852.8046340481305,1857.575182975935,stop,1.5801829759348038,2.4242264997403304,-1.0189851431491503,-1.0456649648166758,1655126700000
1,1656017160000,1656017760000,1827.98,1826.451428806434,1831.037142387132,1826.421428806434,stop,1.5285711935659947,2.2291739636911316,-1.0196261712416455,-1.0472068296875552,1656016500000
1,1656620760000,1656620880000,1809.1100000000001,1808.2638659084855,1810.8022681830294,1808.2338659084855,stop,0.8461340915146138,1.8340755474677293,-1.0354553732095484,-1.0852808091809718,1656620100000
1,1656715080000,1656716100000,1806.935,1805.654210784258,1809.4965784314836,1805.6242107842581,stop,1.2807892157418337,2.79714163037356,-1.0234230579327581,-1.056339481245693,1656714300000
1,1656961320000,1656961980000,1805.935,1805.5574618640208,1806.6900762719583,1805.5274618640208,stop,0.3775381359791936,1.1602942965819134,-1.0794621712112973,-1.1911303604146348,1656960900000
-1,1657540140000,1657540440000,1738.1999999999998,1739.0005943441345,1736.5988113117305,1739.0305943441344,stop,0.8005943441346517,1.5823791331454904,-1.0374721608012347,-1.090131788375258,1657539600000
1,1657630260000,1657632420000,1734.64,1733.6028619636904,1736.7142760726194,1733.5728619636905,stop,1.0371380363096705,2.2002147681719086,-1.0289257542869783,-1.069575116786506,1657629600000
1,1657906860000,1657912680000,1702.44,1698.924510488183,1709.4709790236343,1704.22,time,3.5154895118171225,2.8014209800589063,0.5063306245166147,0.49433826901156064,1657905600000
1,1658763780000,1658763960000,1725.48,1724.5519843008944,1727.3360313982112,1724.5219843008945,stop,0.9280156991055719,1.1895243005495746,-1.0323270393258293,-1.0777562276904584,1658763000000
1,1659005040000,1659005760000,1740.3400000000001,1739.4630430512427,1742.093913897515,1742.093913897515,target,0.8769569487574245,1.1395422543626346,2.0,1.951925804271537,1659004500000
1,1659091380000,1659093060000,1765.165,1764.0517771377893,1767.3914457244214,1764.0217771377893,stop,1.113222862210705,1.6317445884560733,-1.026948781792351,-1.0648199048451763,1659090600000
-1,1659394200000,1659394740000,1770.94,1771.7706242206664,1769.2787515586674,1771.8006242206664,stop,0.8306242206663228,2.712311375082083,-1.0361174153769641,-1.086873219206258,1659393600000
-1,1659525240000,1659526320000,1767.725,1768.487046850863,1766.2009062982738,1766.2009062982738,target,0.7620468508630438,1.3358263240337154,2.0,1.944676629852543,1659525000000
-1,1659712800000,1659713040000,1788.07,1789.0122031860196,1786.1855936279605,1789.0422031860196,stop,0.9422031860196967,1.5147185318113063,-1.031840265926829,-1.0765853916338426,1659712500000
-1,1660685520000,1660686000000,1776.77,1777.3773722140886,1775.5552555718227,1775.5552555718227,target,0.6073722140886275,2.218937102123615,2.0,1.930587868489736,1660684800000
-1,1660819320000,1660820640000,1762.505,1763.5235224877733,1760.4679550244537,1763.5535224877733,stop,1.0185224877732253,2.3402212049033952,-1.0294544306680564,-1.0708467420859136,1660818900000
-1,1660911480000,1660914180000,1753.865,1754.7730226826366,1752.048954634727,1752.048954634727,target,0.9080226826365561,2.1105673263317937,2.0,1.953570543108476,1660911000000
-1,1660937520000,1660937820000,1750.07,1750.757790331073,1748.6944193378538,1750.787790331073,stop,0.6877903310730744,1.8200166855894635,-1.0436179437898865,-1.1049142401978695,1660936500000
1,1661360640000,1661361300000,1744.24,1742.8885726419724,1746.9428547160553,1746.9428547160553,target,1.3514273580276495,1.892030442321533,2.0,1.9688040946118412,1661359500000
1,1662149760000,1662150120000,1713.4450000000002,1712.653374698223,1715.0282506035546,1712.623374698223,stop,0.7916253017772306,1.6978448859403323,-1.037896716960185,-1.0911529733043814,1662149400000
-1,1662662940000,1662668760000,1707.83,1709.3389748323084,1704.812050335383,1709.3689748323084,stop,1.5089748323084677,2.5586759185932357,-1.0198810472896211,-1.047819883045751,1662661800000
1,1663069080000,1663069680000,1722.8200000000002,1721.8740177237096,1724.7119645525813,1724.7119645525813,target,0.9459822762905787,2.0572758736780283,2.0,1.955433625918114,1663068600000
1,1664545560000,1664546760000,1665.92,1664.7127485883607,1668.3345028232789,1664.6827485883607,stop,1.2072514116393904,1.5627564416253072,-1.0248498363395857,-1.0597713113476375,1664545200000
1,1664577120000,1664577360000,1661.995,1661.1508563843217,1663.6832872313562,1661.1208563843218,stop,0.8441436156781492,1.7177075883170723,-1.035538976357562,-1.0854818998328895,1664576700000
1,1664881740000,1664882580000,1708.57,1707.0452474468807,1711.6195051062384,1707.0152474468807,stop,1.5247525531192423,2.0397330786682932,-1.0196753236704543,-1.047325056024569,1664881200000
-1,1664996340000,1664998200000,1708.865,1710.4189736729784,1705.7570526540433,1710.4489736729784,stop,1.5539736729783726,1.9677110287134403,-1.0193053463656654,-1.0464351496133597,1664995200000
-1,1665156780000,1665156960000,1708.2649999999999,1711.049547526652,1702.6959049466955,1711.079547526652,stop,2.7845475266522044,1.7452777771494543,-1.0107737432070485,-1.0259140845359274,1665156600000
1,1665599220000,1665600420000,1669.4699999999998,1668.293256106554,1671.8234877868913,1668.263256106554,stop,1.176743893445746,1.5333387981901836,-1.0254940774853962,-1.0613209045756562,1665598500000
1,1665602640000,1665602760000,1667.9450000000002,1667.6574641109785,1668.5200717780435,1668.5200717780435,target,0.28753588902168303,0.5473132640884052,2.0,1.8533783029887414,1665602400000
-1,1666976700000,1666977540000,1647.475,1649.4327277636023,1643.559544472795,1643.559544472795,target,1.9577277636024064,1.5951792048834255,2.0,1.9784653408998893,1666976100000
1,1667304060000,1667304960000,1647.04,1646.0194138415839,1649.0811723168322,1645.9894138415839,stop,1.0205861584161084,1.6845203345071413,-1.0293948724981055,-1.0707034868197305,1667303400000
1,1667400240000,1667401440000,1655.2,1654.426109667095,1656.74778066581,1656.74778066581,target,0.7738903329050117,1.7632364160432,2.0,1.9455232890146792,1667399400000
-1,1667422800000,1667422860000,1649.9,1650.69041583435,1648.3191683313003,1650.72041583435,stop,0.7904158343499148,1.9557083184350395,-1.0379547052275926,-1.091292452483977,1667422500000
1,1667857380000,1667859780000,1675.815,1675.125459948049,1677.1940801039023,1675.095459948049,stop,0.6895400519510986,1.9963492033092332,-1.0435072624354245,-1.1046480183359824,1667856900000
-1,1668614340000,1668616620000,1779.415,1781.6806344615131,1774.8837310769736,1774.8837310769736,target,2.265634461513173,1.8780988724902463,2.0,1.9813919673644782,1668613800000
-1,1669036560000,1669042380000,1741.33,1742.3589673737526,1739.2720652524945,1740.9099999999999,time,1.028967373752721,2.6405869183905732,0.4081762072477588,0.3672040626731034,1669035600000
-1,1669043040000,1669043160000,1740.3899999999999,1741.3150068719337,1738.5399862561321,1741.3450068719337,stop,0.9250068719338742,2.0552569689727846,-1.0324321914898351,-1.0780091501905418,1669042500000
-1,1669994340000,1669994820000,1800.045,1801.1167037197163,1797.9015925605677,1797.9015925605677,target,1.0717037197161972,1.89000602619731,2.0,1.9606617022742403,1669993500000
-1,1669999500000,1670004600000,1784.8200000000002,1787.2336274253332,1779.992745149334,1787.2636274253332,stop,2.413627425333061,1.8062365710580413,-1.0124294245603516,-1.0298964948950293,1669998600000
1,1671208680000,1671209160000,1783.77,1782.0998750461538,1787.1102499076924,1787.1102499076924,target,1.670124953846198,2.0844005190347032,2.0,1.9747569785704295,1671207900000
-1,1671468660000,1671469200000,1791.0,1792.450628951702,1788.0987420965962,1792.4806289517019,stop,1.4506289517019013,2.053872975240237,-1.0206806847228413,-1.0497432509638764,1671467700000
-1,1671530400000,1671530580000,1794.575,1795.8069474210029,1792.1111051579944,1795.8369474210028,stop,1.2319474210028147,2.1633067824777523,-1.024351688626088,-1.0585731166523606,1671529800000
-1,1671809940000,1671810000000,1797.7649999999999,1800.0612786891625,1793.1724426216747,1800.0912786891624,stop,2.296278689162591,2.063538586265946,-1.0130646163035695,-1.0314243215949923,1671809400000
1,1672247880000,1672248360000,1803.5149999999999,1802.3845424238602,1805.7759151522791,1802.3545424238603,stop,1.1304575761396336,1.07195482536089,-1.0265379264407417,-1.06383167446795,1672247400000
1,1672400280000,1672403460000,1815.5900000000001,1814.6976089448572,1817.374782110286,1814.6676089448572,stop,0.8923910551429799,2.1051399927106487,-1.0336175489737132,-1.0808602905465154,1672399800000
-1,1672762500000,1672763280000,1839.27,1841.284019966167,1835.2419600676658,1841.314019966167,stop,2.0140199661670977,2.3970730506598548,-1.0148955822206003,-1.035828343915229,1672761300000
-1,1672866060000,1672866240000,1852.35,1854.1507758561024,1848.7484482877949,1848.7484482877949,target,1.8007758561025184,2.5443363814606728,2.0,1.9765884244520882,1672865400000
1,1673344440000,1673346240000,1871.595,1870.4825236389718,1873.8199527220565,1873.8199527220565,target,1.112476361028257,1.9355372210874513,2.0,1.9621034644178574,1673343300000
-1,1674592080000,1674592260000,1934.285,1935.0336810241063,1932.7876379517877,1935.0636810241062,stop,0.7486810241061903,1.713973148349616,-1.0400704693107297,-1.0963814998331491,1674591300000
-1,1675256520000,1675256640000,1926.71,1927.3703741563609,1925.3892516872784,1927.4003741563608,stop,0.660374156360831,1.6356358024130062,-1.0454287917099843,-1.1092698727000831,1675256100000
1,1675336140000,1675336500000,1955.98,1954.6922281239995,1958.555543752001,1954.6622281239995,stop,1.2877718760005337,1.9001567493749036,-1.0232960515438063,-1.0560339927783473,1675335300000
-1,1675700280000,1675700520000,1872.3049999999998,1874.0418773513536,1868.8312452972923,1874.0718773513536,stop,1.736877351353769,2.416445957784075,-1.0172723767608518,-1.041545247822899,1675699800000
-1,1675788480000,1675788960000,1869.9650000000001,1871.2088540308619,1867.4772919382767,1871.2388540308618,stop,1.243854030861712,1.2582734563442022,-1.0241185856665105,-1.0580124341036887,1675788000000
1,1676912400000,1676913480000,1845.33,1844.4875246392128,1847.0149507215742,1844.4575246392128,stop,0.842475360787148,1.9834448611506175,-1.0356093500134447,-1.0856511695873843,1676911800000
1,1677148080000,1677149220000,1827.7649999999999,1826.6773255959622,1829.9403488080752,1826.6473255959622,stop,1.0876744040376707,2.064901205632185,-1.0275817835637269,-1.0663424640058676,1677147300000
-1,1677187920000,1677188220000,1823.6599999999999,1824.1733483737587,1822.6333032524822,1824.2033483737587,stop,0.5133483737588449,1.1842390596112875,-1.0584398461814661,-1.1405653620203555,1677187200000
-1,1677274320000,1677276120000,1811.005,1811.5927867819541,1809.829426436092,1811.6227867819541,stop,0.587786781954037,1.3737578642529693,-1.051038915676601,-1.1227639038769937,1677274200000
1,1677672840000,1677675480000,1831.8200000000002,1830.7027339928397,1834.054532014321,1834.054532014321,target,1.1172660071604241,1.9510108397035233,2.0,1.9622659243816531,1677672600000
-1,1677749340000,1677754260000,1832.475,1833.9936044393876,1829.4377911212246,1834.0236044393876,stop,1.5186044393876728,2.8329825975863536,-1.0197549797839847,-1.0475166528744435,1677748200000
-1,1679408940000,1679411160000,1968.085,1969.4992699416912,1965.2564601166177,1965.2564601166177,target,1.4142699416911455,2.0416791282873294,2.0,1.9701902736124144,1679408700000
1,1679493660000,1679496240000,1941.6950000000002,1940.1439782579441,1944.7970434841122,1940.1139782579442,stop,1.5510217420560366,2.0402344120373277,-1.0193420886287543,-1.0465235257787675,1679492700000
-1,1680009300000,1680009480000,1955.31,1956.2114739132612,1953.5070521734774,1956.2414739132612,stop,0.9014739132612704,1.4664332648377505,-1.033278833207099,-1.080045577513078,1680009000000
1,1680180900000,1680182820000,1967.52,1966.8569236571293,1968.8461526857413,1968.8461526857413,target,0.6630763428706814,1.5393051003892213,2.0,1.9364190858966865,1680180300000
1,1680212160000,1680215520000,1980.435,1979.4222926007094,1982.460414798581,1982.460414798581,target,1.012707399290548,2.6856994073899267,2.0,1.9583700089191265,1680210900000
-1,1680521640000,1680522780000,1963.9850000000001,1965.3085836946498,1961.3378326107008,1965.3385836946497,stop,1.323583694649642,2.2593038943082293,-1.0226657370601062,-1.0545178973507026,1680520800000
1,1680616800000,1680616980000,1982.01,1981.2620538205495,1983.505892358901,1981.2320538205495,stop,0.7479461794505369,1.5599703417947781,-1.0401098378789924,-1.0964761930503915,1680616200000
1,1681330320000,1681331220000,2007.505,2006.2809480260123,2009.9531039479757,2009.9531039479757,target,1.2240519739877982,1.7726531238715424,2.0,1.965557835046292,1681329900000
1,1681389720000,1681390020000,2026.9850000000001,2026.0344957306756,2028.886008538649,2026.0044957306757,stop,0.9505042693244832,2.0888243750257547,-1.0315621938461081,-1.0759165448580843,1681388700000
1,1681831980000,1681832160000,2004.0149999999999,2002.5895636658256,2006.8658726683484,2002.5595636658256,stop,1.4254363341742646,2.0237230555524044,-1.021046187248588,-1.0506223941890562,1681831500000
1,1682009040000,1682009340000,2003.95,2002.821942516324,2006.206114967352,2006.206114967352,target,1.1280574836760024,1.150404274499488,2.0,1.962626904559317,1682007900000
1,1682597760000,1682598600000,1998.475,1997.45492819424,2000.5151436115198,1997.42492819424,stop,1.020071805759926,2.263214860285176,-1.0294096943279631,-1.0707391377670872,1682597100000
-1,1682605080000,1682605620000,2000.71,2001.3408116173252,1999.4483767653496,1999.4483767653496,target,0.6308116173252074,1.5456667945789415,2.0,1.9331670520293136,1682604600000
-1,1682939100000,1682940780000,1980.5949999999998,1981.5330448136087,1978.718910372782,1978.718910372782,target,0.9380448136089399,2.1792284249092453,2.0,1.9550565182085473,1682938500000
-1,1683030840000,1683031260000,1982.13,1983.322883803682,1979.7442323926361,1983.352883803682,stop,1.1928838036819798,2.255669450050557,-1.0251491385056735,-1.0604912228477286,1683029700000
1,1683041880000,1683042000000,1986.235,1985.5301438718052,1987.6447122563893,1985.5001438718052,stop,0.7048561281947059,1.00901115823481,-1.042561877239841,-1.1023740833250442,1683041700000
1,1683059100000,1683059220000,2015.27,2014.4305148615313,2016.9489702769374,2014.4005148615313,stop,0.8394851384687172,1.2081506304358287,-1.035736189510984,-1.0859562566308156,1683058500000
-1,1683115440000,1683115560000,2016.385,2016.8743867621017,2015.4062264757965,2016.9043867621017,stop,0.4893867621017307,1.1025511637465844,-1.0613012086210385,-1.1474477970962622,1683114600000
1,1683148080000,1683148260000,2025.9650000000001,2022.0891554939094,2033.7166890121816,2022.0591554939094,stop,3.8758445060907434,2.2686386555713423,-1.0077402485968745,-1.018617619950072,1683147600000
-1,1684855740000,1684856040000,1961.185,1962.8104121289514,1957.934175742097,1957.934175742097,target,1.6254121289514387,2.30842633670702,2.0,1.9740625781922787,1684854900000
-1,1684937520000,1684938600000,1977.415,1978.8533339015,1974.5383321969998,1978.8833339015,stop,1.438333901500073,2.6968473354735627,-1.020857465689076,-1.0501684622219614,1684937100000
-1,1685960820000,1685961840000,1942.87,1944.1348522060077,1940.3402955879842,1940.3402955879842,target,1.2648522060078449,2.305927688352985,2.0,1.9666688330859912,1685960100000
1,1686252300000,1686254880000,1966.665,1965.3752249412812,1969.2445501174375,1965.3452249412812,stop,1.2897750587187602,2.354675812106891,-1.023259869848758,-1.0559469649472477,1686251400000
-1,1686605220000,1686605760000,1956.3600000000001,1956.9201873348695,1955.2396253302613,1956.9501873348695,stop,0.5601873348693971,1.8557031857667918,-1.053553513499135,-1.1288122660195379,1686604200000
-1,1687375560000,1687375860000,1932.165,1933.624250094399,1929.2464998112018,1933.654250094399,stop,1.4592500943990672,2.2712030356518356,-1.0205585047519403,-1.0494493714798685,1687374600000
-1,1688986920000,1688991960000,1924.595,1925.805462383268,1922.1740752334642,1925.835462383268,stop,1.2104623832678953,2.6625581332508546,-1.024783917629048,-1.059612757073181,1688986500000
-1,1689785400000,1689785520000,1978.365,1979.6255501321382,1975.8438997357237,1979.6555501321382,stop,1.260550132138178,1.6684949403296332,-1.0237991328032992,-1.0572440541318058,1689785100000
-1,1689945000000,1689950340000,1963.605,1964.723306481842,1961.368387036316,1964.753306481842,stop,1.1183064818419552,2.0978808640137134,-1.0268262774892978,-1.0645252452450424,1689944400000
-1,1690891320000,1690893180000,1956.47,1957.3262190324037,1954.7575619351926,1957.3562190324037,stop,0.8562190324037147,1.8525247887539866,-1.0350377635448629,-1.0842763326545037,1690890600000
1,1690974480000,1690975560000,1948.73,1947.6671747486434,1950.8556505027132,1950.8556505027132,target,1.0628252513565712,2.0119643997158536,2.0,1.9603330839701176,1690973700000
-1,1692111120000,1692111480000,1903.5749999999998,1904.1735782196035,1902.3778435607924,1904.2035782196035,stop,0.5985782196037235,1.7826383491070086,-1.050118763124782,-1.120550660944102,1692110700000
-1,1692115500000,1692115800000,1904.215,1906.0343805873479,1900.576238825304,1906.0643805873478,stop,1.8193805873479505,1.4627528508581213,-1.0164891283377397,-1.0396613003907866,1692114600000
1,1692199200000,1692199260000,1903.2649999999999,1902.6160762590805,1904.5628474818386,1902.5860762590805,stop,0.648923740919372,1.4773872337211502,-1.0462303936630055,-1.111197965877686,1692198300000
-1,1692201300000,1692203820000,1902.38,1904.3446747228984,1898.4506505542035,1904.3746747228984,stop,1.9646747228982804,2.6309769178130797,-1.0152697032492568,-1.036728217225457,1692200400000
1,1692215220000,1692215640000,1899.935,1899.1210538008627,1901.5628923982745,1899.0910538008627,stop,0.8139461991372627,2.0899246066703467,-1.0368574729285192,-1.0886532796350143,1692214800000
1,1692287280000,1692291480000,1898.75,1896.1514544536105,1903.947091092779,1896.1214544536106,stop,2.5985455463894596,2.192022919064904,-1.0115449198270379,-1.027768995659989,1692286500000
-1,1692376980000,1692377400000,1893.895,1895.2572037124316,1891.1705925751367,1895.2872037124316,stop,1.3622037124316648,1.7644277321966955,-1.0220231377481859,-1.0529722532257397,1692375900000
1,1692616620000,1692620460000,1888.295,1887.493926183615,1889.8971476327702,1889.8971476327702,target,0.8010738163850419,2.220651698829963,2.0,1.9473718911569866,1692615900000
-1,1692803880000,1692804360000,1903.845,1905.03083070306,1901.47333859388,1905.06083070306,stop,1.1858307030599917,2.9042622688099855,-1.0252987209072584,-1.060851013398261,1692803400000
-1,1694089800000,1694089980000,1919.665,1920.1254053179211,1918.7441893641576,1920.1554053179211,stop,0.460405317921186,1.8122399386960146,-1.0651599771597517,-1.1567292930624342,1694089500000
-1,1694446320000,1694447940000,1925.7350000000001,1926.8890008644423,1923.4269982711157,1926.9190008644423,stop,1.154000864442196,2.355062257728995,-1.025996514321914,-1.062529415898533,1694445600000
-1,1695852300000,1695852720000,1876.835,1877.6257434586255,1875.2535130827491,1877.6557434586255,stop,0.7907434586254567,1.7286481660689363,-1.0379389796687304,-1.0912546277972457,1695851400000
1,1695915540000,1695915960000,1876.41,1874.0732987378653,1881.0834025242696,1874.0432987378654,stop,2.3367012621347385,2.6951179309313145,-1.0128386116300403,-1.030880712553752,1695914700000
-1,1695939240000,1695939960000,1865.3200000000002,1866.0485075817132,1863.862984836574,1866.0785075817132,stop,0.7285075817130746,2.5554871298536788,-1.041180079319735,-1.0990504447878113,1695938400000
1,1696265220000,1696266060000,1833.9450000000002,1832.1640690535728,1837.5068618928549,1832.1340690535728,stop,1.780930946427361,1.856471777620841,-1.0168451225243484,-1.0405175732078369,1696264800000
-1,1696935360000,1696935780000,1856.825,1858.1169687947079,1854.2410624105844,1858.1469687947078,stop,1.2919687947078273,2.750696079682519,-1.0232203750762858,-1.0558519681710201,1696934700000
-1,1696936380000,1696936440000,1857.57,1858.267816352022,1856.1743672959558,1858.297816352022,stop,0.6978163520220733,1.4593676065013896,-1.0429912539496118,-1.1034068631250564,1696935900000
-1,1697817600000,1697820360000,1978.9299999999998,1980.2953967398314,1976.1992065203367,1980.3253967398314,stop,1.3653967398315672,1.8109493101195677,-1.0219716358804793,-1.052848375783345,1697817000000
1,1698855240000,1698856140000,1985.595,1984.1938102041258,1988.3973795917484,1984.1638102041259,stop,1.4011897958741883,1.8390780284931216,-1.0214103757309023,-1.0514983767455668,1698854700000
1,1698938160000,1698938400000,1987.965,1987.2947042157573,1989.3055915684852,1987.2647042157573,stop,0.6702957842426258,1.212200520211383,-1.04475636085623,-1.1076524747675476,1698937800000
1,1699021920000,1699024080000,1987.65,1986.9635433541791,1989.022913291642,1986.9335433541792,stop,0.6864566458209538,2.59464729758415,-1.0437026870999184,-1.1051180732814898,1699021500000
1,1699025340000,1699025400000,1987.955,1986.8415616691889,1990.181876661622,1986.811561669189,stop,1.11343833081105,2.2986719652856435,-1.0269435667605589,-1.0648073611292066,1699024200000
1,1699524540000,1699524660000,1948.775,1948.1828989005714,1949.9592021988574,1948.1528989005715,stop,0.5921010994286462,1.5959125431576013,-1.05066702296098,-1.12186939032811,1699524300000
1,1699907160000,1699912980000,1945.94,1944.7390321935504,1948.3419356128993,1946.06,time,1.2009678064496256,2.93149160409598,0.09991941445511532,0.06481522617164,1699906200000
1,1699971300000,1699971420000,1945.65,1945.1728561541715,1946.6042876916572,1945.1428561541716,stop,0.4771438458285502,1.7578343497959288,-1.0628741212157486,-1.1512311237603206,1699970100000
-1,1700578080000,1700578680000,1988.39,1989.2508281437372,1986.668343712526,1989.2808281437372,stop,0.8608281437370806,1.693605314772325,-1.0348501616939878,-1.0838250939225937,1700577600000
1,1700651880000,1700652180000,2000.48,1999.2303624699036,2002.9792750601928,1999.2003624699037,stop,1.2496375300963791,2.51752560547205,-1.0240069614407779,-1.057743944353534,1700650800000
-1,1700820900000,1700824980000,1993.3249999999998,1994.439526976831,1991.0959460463373,1994.469526976831,stop,1.1145269768312573,2.819661573382711,-1.0269172488630707,-1.0647440586903782,1700820300000
-1,1701105180000,1701110340000,2012.23,2015.082833284341,2006.5243334313182,2006.5243334313182,target,2.8528332843409316,2.528361467982988,2.0,1.985222059686625,1701104700000
-1,1701181920000,1701183360000,2015.54,2016.087856421648,2014.444287156704,2014.444287156704,target,0.5478564216480208,1.4471954764828807,2.0,1.9230473563252568,1701181200000
1,1701250500000,1701250620000,2043.2649999999999,2042.9107586316206,2043.9734827367583,2042.8807586316207,stop,0.3542413683792347,0.9027243009304473,-1.0846880197454976,-1.2037000938939537,1701250200000
1,1701359400000,1701359700000,2038.185,2036.289937505106,2041.9751249897877,2036.259937505106,stop,1.895062494893864,1.5783967312746991,-1.0158306124894594,-1.0380773722209167,1701359100000
-1,1701963120000,1701963360000,2033.13,2034.827440775374,2029.7351184492522,2034.857440775374,stop,1.6974407753739342,1.5798850757188683,-1.0176736652230849,-1.042510466961109,1701962700000
1,1702544700000,1702544880000,2035.085,2034.020429268757,2037.2141414624862,2033.990429268757,stop,1.064570731243066,1.7870701081363638,-1.0281803727263314,-1.067782250518681,1702544100000
1,1702654320000,1702654440000,2040.75,2039.8841947674803,2042.4816104650395,2039.8541947674803,stop,0.8658052325197332,1.0090354714910446,-1.0346498252414857,-1.08334322465339,1702653900000
1,1703669400000,1703671560000,2065.4300000000003,2064.6937066784703,2066.90258664306,2066.90258664306,target,0.7362933215299563,2.0287295031013755,2.0,1.9427415694707142,1703668500000
-1,1703879700000,1703880060000,2066.955,2068.314676590614,2064.235646818772,2064.235646818772,target,1.3596765906140718,2.4867618396491964,2.0,1.9689933618839761,1703879400000
-1,1704208920000,1704209520000,2067.23,2068.9848664175934,2063.7202671648133,2069.0148664175936,stop,1.7548664175933482,2.705354299965175,-1.01709531830995,-1.0411193691307628,1704207900000
-1,1707383580000,1707384000000,2033.5700000000002,2034.3197968592908,2032.0704062814189,2034.3497968592908,stop,0.7497968592906545,2.5163620500167543,-1.0400108371064054,-1.096238066492088,1707382200000
-1,1707406380000,1707409620000,2024.505,2026.6490706786976,2020.216858642605,2026.6790706786976,stop,2.144070678697517,2.4071565525789174,-1.0139920760532937,-1.0336551405310053,1707405600000
-1,1707743280000,1707744180000,2020.85,2021.4885892797554,2019.572821440489,2021.5185892797554,stop,0.6385892797554789,2.2336669031733485,-1.0469785524922373,-1.1129975123096383,1707743100000
-1,1707916080000,1707920640000,1992.5949999999998,1993.5174569540425,1990.7500860919145,1990.7500860919145,target,0.9224569540426728,2.462712138836565,2.0,1.9542970543880254,1707915600000
-1,1707988020000,1707989340000,1992.9250000000002,1993.5415840474639,1991.6918319050728,1993.5715840474638,stop,0.6165840474636752,1.9522008639650965,-1.0486551673261384,-1.1170302739696227,1707987600000
1,1709754780000,1709755740000,2143.365,2141.808834472293,2146.4773310554137,2146.4773310554137,target,1.5561655277069804,1.9172739605994225,2.0,1.9729084090031725,1709754000000
1,1710159120000,1710159240000,2177.9700000000003,2176.367864602663,2181.174270794675,2176.3378646026626,stop,1.6021353973374062,2.5784584407545372,-1.0187250091659277,-1.0450392645466304,1710158400000
-1,1710851580000,1710851940000,2152.765,2153.7920249863555,2150.7109500272886,2153.8220249863557,stop,1.0270249863556273,1.974099482380136,-1.0292105843565251,-1.070260218552476,1710850800000
-1,1711148400000,1711149240000,2164.335,2165.312380167754,2162.3802396644924,2165.342380167754,stop,0.9773801677538358,2.306220620533241,-1.0306942999151953,-1.0738289995857315,1711147800000
1,1711644720000,1711644900000,2207.5950000000003,2205.252158771867,2212.2806824562667,2205.222158771867,stop,2.3428412281332385,1.584700869789397,-1.0128049650313282,-1.0307997823897337,1711644300000
-1,1712247180000,1712247480000,2287.29,2289.303984510641,2283.262030978718,2289.333984510641,stop,2.0139845106409666,1.9368120292348596,-1.014895844452474,-1.0358289746613965,1712246400000
1,1712616600000,1712616780000,2338.7349999999997,2337.311709477774,2341.581581044451,2337.281709477774,stop,1.4232905222256704,2.441718598275848,-1.0210779173554023,-1.0506987146147517,1712616300000
-1,1713281400000,1713282240000,2373.425,2375.5892247040924,2369.0965505918157,2375.6192247040926,stop,2.1642247040922484,2.1811349541247775,-1.0138617768956588,-1.0333417319669982,1713280800000
1,1713993900000,1713994080000,2322.685,2321.660142531859,2324.7347149362818,2321.630142531859,stop,1.0248574681409082,1.7121630766786025,-1.0292723631654068,-1.0704088151214788,1713993600000
-1,1714747140000,1714747320000,2299.01,2299.9435476689746,2297.1429046620515,2299.973547668975,stop,0.93354766897437,1.743395533085732,-1.0321354773807738,-1.0772954637436745,1714746600000
-1,1714765320000,1714765860000,2298.395,2299.393417081339,2296.398165837322,2299.4234170813393,stop,0.9984170813390847,1.19689764411388,-1.0300475628481474,-1.0722734029183676,1714765200000
1,1714991160000,1714991280000,2313.705,2312.3202458611513,2316.474508277697,2316.474508277697,target,1.3847541388486206,1.985192795301828,2.0,1.969554884280719,1714990800000
1,1715009400000,1715009760000,2316.23,2314.4597332637995,2319.770533472401,2319.770533472401,target,1.7702667362004831,1.765557355591935,2.0,1.9761849448233515,1715008500000
1,1715356140000,1715356380000,2366.87,2364.503286252311,2371.603427495377,2364.473286252311,stop,2.3667137476886637,1.867763988404715,-1.012675804173402,-1.0304891117781652,1715355600000
-1,1716482040000,1716482760000,2367.0299999999997,2370.0905687075715,2360.9088625848563,2360.9088625848563,target,3.060568707571747,2.0326724967887806,2.0,1.9862251091126626,1716481500000
-1,1717005000000,1717006020000,2344.3199999999997,2346.643975121465,2339.6720497570695,2339.6720497570695,target,2.3239751214650823,2.0390196488441186,2.0,1.9818591001209076,1717004700000
1,1717106400000,1717106580000,2342.05,2341.193873727171,2343.762252545658,2341.163873727171,stop,0.8561262728289876,1.8560491024598225,-1.0350415598169507,-1.0842854638273833,1717105800000
-1,1718023200000,1718025420000,2296.495,2297.617090822432,2294.2508183551354,2297.6470908224323,stop,1.1220908224322557,1.965448691450935,-1.0267358037339365,-1.0643076287209867,1718022900000
1,1718035740000,1718036940000,2305.725,2304.6214456709095,2307.932108658181,2304.5914456709093,stop,1.103554329090457,1.4048294242607662,-1.0271848872406,-1.0653878092795606,1718035200000
1,1719243720000,1719245580000,2324.9049999999997,2323.2578005647238,2328.1993988705517,2328.1993988705517,target,1.6471994352759793,2.003906024096052,2.0,1.9744056493117141,1719243000000
-1,1720446480000,1720447200000,2372.93,2374.038988246518,2370.7120235069638,2374.068988246518,stop,1.108988246518038,2.2637843265365594,-1.0270516843567936,-1.0650674163831424,1720445700000
-1,1720801860000,1720803660000,2403.6549999999997,2405.9305165580217,2399.1039668839558,2405.960516558022,stop,2.275516558021991,1.41762107664397,-1.013183819688958,-1.0317110414977269,1720801200000
1,1721072340000,1721072520000,2432.37,2430.7262178636156,2435.6575642727685,2435.6575642727685,target,1.6437821363842886,2.2278863379838763,2.0,1.974352440590008,1721071500000
-1,1721212200000,1721212440000,2466.4,2468.194197855879,2462.8116042882425,2468.224197855879,stop,1.7941978558787923,1.9047119906720555,-1.0167205639567027,-1.0402179724849,1721211900000
1,1721751000000,1721751540000,2405.585,2403.4945613267964,2409.7658773464073,2403.4645613267962,stop,2.0904386732036073,2.1903475845030047,-1.0143510548215342,-1.0345185921621014,1721750700000
-1,1722290160000,1722291600000,2379.865,2380.90840748324,2377.7781850335195,2380.93840748324,stop,1.0434074832401166,2.1554673232423864,-1.028751950203616,-1.069157065824488,1722289500000
1,1722422640000,1722422940000,2416.8450000000003,2415.785961591412,2418.9630768171764,2418.9630768171764,target,1.0590384085880942,1.2601837973664216,2.0,1.9601912455127988,1722422100000
-1,1723543500000,1723543800000,2463.795,2464.858624069356,2461.667751861288,2464.8886240693564,stop,1.0636240693561376,1.5499285882279876,-1.0282054542244052,-1.0678425790456973,1723542900000
1,1723548840000,1723549020000,2461.6549999999997,2460.3055140053048,2464.3539719893897,2460.2755140053046,stop,1.3494859946949873,2.0926807457568035,-1.0222306864377504,-1.053471470088513,1723548000000
-1,1724778240000,1724778780000,2512.6099999999997,2515.180099427085,2507.4698011458286,2515.2100994270854,stop,2.5700994270855517,1.7122646481650305,-1.0116727001625068,-1.028076345700768,1724778000000
1,1725619860000,1725620100000,2518.49,2517.744186523967,2519.981626952065,2517.714186523967,stop,0.7458134760327084,1.3362605754749413,-1.0402245346380472,-1.0967520731645182,1725619200000
-1,1726080540000,1726081260000,2513.395,2515.004943626565,2510.17511274687,2515.034943626565,stop,1.6099436265649274,1.6956837281381107,-1.0186341928407827,-1.0448208240397603,1726080000000
1,1726223880000,1726224360000,2565.645,2563.7843933677505,2569.366213264499,2569.366213264499,target,1.860606632249528,2.173437481835611,2.0,1.977341261033221,1726223100000
-1,1727099400000,1727100720000,2622.545,2623.818998217517,2619.997003564966,2623.9000000000005,stop,1.2739982175171463,2.1593842511325807,-1.063580765945802,-1.0966726489801146,1727098800000
-1,1727180340000,1727182140000,2629.02,2630.1819809513604,2626.696038097279,2630.2119809513606,stop,1.1619809513604196,1.6142895160358157,-1.0258179791717557,-1.0620999853015818,1727180100000
-1,1729006860000,1729007160000,2656.2650000000003,2657.5951091904417,2653.6047816191176,2653.6047816191176,target,1.3301091904413624,1.2654546998761496,2.0,1.9683041059313255,1729006500000
1,1729178640000,1729179060000,2679.255,2677.230118953647,2683.3047620927064,2677.200118953647,stop,2.02488104635313,2.027292584816282,-1.0148156851259145,-1.035636167433223,1729178400000
1,1729599420000,1729599780000,2734.855,2733.9891224858707,2736.5867550282587,2733.9591224858705,stop,0.8658775141293518,1.4223273182407428,-1.034646932748179,-1.0833362673388705,1729598700000
-1,1730376180000,1730379960000,2779.23,2780.4186725957024,2776.852654808595,2776.852654808595,target,1.1886725957024282,1.7309271384614813,2.0,1.9645327063546152,1730376000000
-1,1730475000000,1730475060000,2752.835,2755.299904115439,2747.905191769122,2755.329904115439,stop,2.4649041154389124,2.7417033173695504,-1.0121708588225786,-1.0292745667258343,1730474100000
1,1730739000000,1730743200000,2741.185,2737.7183263703578,2748.1183472592843,2737.6883263703576,stop,3.466673629642173,2.632777450624405,-1.0086538287722506,-1.0208150543458134,1730738400000
-1,1731096240000,1731096480000,2688.085,2688.8374656564442,2686.5800686871116,2688.8674656564444,stop,0.7524656564442012,0.9713538760039319,-1.0398689292239143,-1.0958967354619076,1731096000000
-1,1731598440000,1731598560000,2555.07,2557.2915499291894,2550.6269001416217,2557.3215499291896,stop,2.221549929189223,1.5694461607364865,-1.013504085416234,-1.0324813766515413,1731597900000
1,1732892160000,1732892460000,2659.7349999999997,2658.7578249751127,2661.6893500497736,2658.7278249751125,stop,0.9771750248869466,1.353896346296325,-1.0307007437113642,-1.0738444988486566,1732891800000
1,1732894500000,1732895760000,2658.985,2656.189045020823,2664.5769099583545,2656.1590450208228,stop,2.795954979177168,2.5199004135838896,-1.0107297865035827,-1.0258083554769668,1732893600000
-1,1733436180000,1733436900000,2631.065,2631.9265606535246,2629.341878692951,2629.341878692951,target,0.8615606535245206,1.5232508817228025,2.0,1.9510667068795056,1733435400000
-1,1733497200000,1733498040000,2639.705,2641.7266548788048,2635.6616902423903,2635.6616902423903,target,2.0216548788048385,2.3329960259503575,2.0,1.9791462922569043,1733496300000
-1,1734513480000,1734514380000,2646.59,2647.589086817234,2644.591826365532,2644.591826365532,target,0.9990868172340015,1.6908793940856002,2.0,1.957802465939128,1734512700000
-1,1735051200000,1735054320000,2615.315,2616.6815445098277,2612.5819109803447,2612.5819109803447,target,1.3665445098276905,2.220416595480223,2.0,1.9691491936802588,1735050300000
-1,1735325100000,1735325340000,2618.415,2619.6720056697013,2615.9009886605972,2619.7020056697015,stop,1.257005669701357,1.532827759689087,-1.0238662408001131,-1.0574054689962886,1735324200000
-1,1736163600000,1736167020000,2634.3500000000004,2635.956577240219,2631.1368455195634,2631.1368455195634,target,1.6065772402184848,2.0979826847072727,2.0,1.9737584979143197,1736162700000
1,1736281500000,1736281920000,2650.96,2649.5102003892566,2653.859599221487,2649.4802003892564,stop,1.449799610743412,1.816800354327188,-1.0206925148674975,-1.0497717060105978,1736280900000
1,1737565140000,1737570960000,2753.76,2750.3192098862346,2760.6415802275314,2757.9199999999996,time,3.4407901137656154,2.6307723226985633,1.209024631684575,1.1967719226828448,1737564000000
-1,1737651060000,1737654060000,2744.3500000000004,2747.622647922283,2737.8047041554355,2747.652647922283,stop,3.272647922282431,2.2942135222929894,-1.0091668889268348,-1.0220491179356301,1737650100000
1,1737709620000,1737709800000,2774.2,2773.191299164548,2776.217401670903,2773.161299164548,stop,1.008700835451691,1.2816901239525338,-1.0297412264824448,-1.071536572057946,1737708900000
1,1737737340000,1737739560000,2777.615,2773.6285721775844,2785.5878556448306,2785.5878556448306,target,3.9864278224154077,2.8187012670684277,2.0,1.9894243664056972,1737736500000
1,1738338600000,1738342560000,2805.2,2803.0384632634245,2809.5230734731504,2809.5230734731504,target,2.161536736575272,1.7785048352331125,2.0,1.9804958207340966,1738337700000
1,1738351560000,1738352640000,2806.965,2802.628980312339,2815.6370393753223,2815.6370393753223,target,4.336019687661064,2.1570124489361837,2.0,1.9902770275421093,1738350900000
1,1738576020000,1738577580000,2787.38,2785.1929018038063,2791.7541963923877,2791.7541963923877,target,2.1870981961938014,2.0421428874775738,2.0,1.9807237735949081,1738575600000
-1,1738924380000,1738925760000,2865.275,2866.621737326763,2862.581525346474,2866.6517373267634,stop,1.3467373267631046,1.8773174127524945,-1.022276058889899,-1.0535806044476654,1738923600000
-1,1740141600000,1740142560000,2930.2200000000003,2930.9471901839247,2928.7656196321514,2930.977190183925,stop,0.7271901839244492,1.2715297172067492,-1.0412546822872364,-1.099229887305103,1740140700000
-1,1740143220000,1740143340000,2930.535,2931.225733007713,2929.153533984573,2931.2557330077134,stop,0.6907330077133338,1.2393607236669821,-1.0434321216232518,-1.1044672821400008,1740142800000
-1,1742554080000,1742554920000,3032.0,3033.627757986505,3028.74448402699,3033.657757986505,stop,1.627757986505003,1.8548260407212451,-1.018430258213393,-1.0443303000805018,1742553300000
-1,1742566200000,1742567940000,3031.6400000000003,3033.6016489946155,3027.71670201077,3033.6316489946157,stop,1.9616489946151887,2.73785976362009,-1.0152932558691954,-1.0367848683420324,1742565300000
1,1743502800000,1743503340000,3133.26,3130.880273396151,3138.0194532076985,3130.850273396151,stop,2.3797266038491216,1.7031306410508147,-1.012606490153817,-1.0303223907668575,1743502200000
-1,1743707580000,1743708240000,3110.385,3114.569002584078,3102.0169948318444,3102.0169948318444,target,4.184002584077916,1.9104809204382565,2.0,1.989923763393351,1743707100000
-1,1744023900000,1744024560000,3022.685,3029.3668875909448,3009.3212248181103,3029.396887590945,stop,6.681887590944825,2.2506456297763413,-1.0044897492799574,-1.0107991939430392,1744023300000
-1,1744061700000,1744061880000,2971.945,2974.438670853491,2966.957658293018,2974.4686708534914,stop,2.4936708534910395,1.3956785926572244,-1.0120304570100747,-1.0289368582462197,1744061100000
-1,1744239420000,1744243140000,3092.5950000000003,3099.9130203273444,3077.958959345312,3083.0,time,7.318020327344129,2.5856871822627463,1.31114694559512,1.3053859613242138,1744238700000
1,1744390980000,1744392060000,3225.125,3219.1194550217765,3237.136089956447,3237.136089956447,target,6.005544978223497,1.5377345281803896,2.0,1.992979987635948,1744390800000
1,1744906200000,1744907100000,3326.51,3321.818853607,3335.8922927860003,3321.788853607,stop,4.691146393000054,2.0295131289391617,-1.0063950253279166,-1.015381954421178,1744905600000
1,1744908480000,1744908720000,3323.91,3319.660625881239,3332.4087482375216,3319.6306258812388,stop,4.2493741187608975,1.7752019895685365,-1.007059863208502,-1.0169810889753432,1744907700000
-1,1745334900000,1745335080000,3458.23,3461.7037053090853,3451.2825893818294,3461.7337053090855,stop,3.4737053090852896,1.552804143670824,-1.0086363111809562,-1.020772919283473,1745333700000
1,1746456780000,1746457500000,3312.895,3311.1986433296215,3316.287713340757,3316.287713340757,target,1.6963566703784636,1.2914126595126731,2.0,1.9751473255971612,1746456600000
1,1747074660000,1747077060000,3237.3500000000004,3232.4854406424024,3247.0791187151963,3232.455440642402,stop,4.864559357597955,2.378067380896787,-1.0061670539497771,-1.0148336148653412,1747074300000
-1,1747173480000,1747174680000,3249.715,3251.0956349314124,3246.9537301371756,3246.9537301371756,target,1.38063493141226,1.825393248372509,2.0,1.9694640494450801,1747172700000
1,1747680960000,1747681200000,3232.725,3230.077629970163,3238.019740059674,3230.0476299701627,stop,2.6473700298370204,1.7374611218930547,-1.0113320010659965,-1.0272568621639349,1747680300000
1,1747839360000,1747840860000,3308.645,3306.470302707996,3312.994394584008,3306.4403027079957,stop,2.1746972920041117,1.8168308201387116,-1.013795023385785,-1.0331811697496993,1747838700000
-1,1747941300000,1747941780000,3294.83,3296.979862811798,3290.530274376404,3297.009862811798,stop,2.1498628117979024,1.344817339076695,-1.0139543787796912,-1.0335644672786606,1747940700000
1,1748010840000,1748011200000,3328.21,3325.265102010843,3334.0997959783144,3325.2351020108426,stop,2.944897989157198,1.9011854222106546,-1.0101871100834925,-1.024503055883729,1748010000000
-1,1748608680000,1748610360000,3296.11,3299.5156381499173,3289.2987237001657,3299.5456381499175,stop,3.405638149917195,2.9450818370514034,-1.0088089217584462,-1.021188099505508,1748607900000
1,1748614320000,1748614800000,3294.6,3292.391049611173,3299.0179007776537,3292.361049611173,stop,2.2089503888269064,2.027482795254529,-1.0135811108080757,-1.032666645826537,1748613300000
1,1749137820000,1749138600000,3394.1000000000004,3389.225286523722,3403.849426952557,3389.1952865237217,stop,4.87471347627843,2.5035316350263828,-1.0061542078618955,-1.0148027161701592,1749137100000
1,1749567780000,1749567960000,3333.87,3332.1178347136342,3337.374330572731,3332.087834713634,stop,1.7521652863656527,1.4342579127770125,-1.0171216723865282,-1.041182758591156,1749567600000
-1,1750157820000,1750160700000,3389.06,3392.0488434222652,3383.0823131554694,3383.0823131554694,target,2.9888434222652904,2.15267196205594,2.0,1.985894543793784,1750157400000
-1,1751307480000,1751307660000,3287.69,3290.4258878230658,3282.2182243538687,3290.455887823066,stop,2.7358878230656956,2.3608069861767436,-1.010965361864356,-1.0263749848922323,1751306700000
-1,1752273840000,1752274680000,3358.84,3359.9604273347322,3356.599145330536,3356.599145330536,target,1.120427334732085,1.5908983905074243,2.0,1.962372392485336,1752273300000
-1,1753726200000,1753727220000,3310.71,3314.99835656759,3302.1332868648205,3315.02835656759,stop,4.288356567589744,2.708038342112902,-1.0069956869321297,-1.0168267257777859,1753725000000
1,1754338140000,1754339520000,3371.63,3370.3186712409306,3374.252657518139,3374.252657518139,target,1.3113287590695109,1.612380139657378,2.0,1.9678501674668412,1754337300000
-1,1755774120000,1755779940000,3340.1949999999997,3341.671654623745,3337.2416907525094,3339.3,time,1.476654623745162,2.060794609705481,0.6060997511588629,0.5775494054503489,1755773700000
1,1755870120000,1755872160000,3329.925,3328.772436757265,3332.2301264854705,3328.742436757265,stop,1.152563242735141,2.0022555852968096,-1.026028940441487,-1.0626074104436647,1755869100000
1,1756473120000,1756473660000,3407.3500000000004,3406.0775787902417,3409.8948424195178,3406.0475787902415,stop,1.2724212097587042,1.7569731491719176,-1.0235770983461436,-1.0567099946517584,1756472700000
-1,1756737960000,1756738140000,3472.3149999999996,3473.864851296943,3469.2152974061128,3469.2152974061128,target,1.549851296943416,1.4781422282081342,2.0,1.9727980354740193,1756737600000
1,1757113200000,1757113260000,3593.77,3592.5490778248814,3596.2118443502372,3592.519077824881,stop,1.2209221751186305,1.5087609463374088,-1.024571590730003,-1.059102047182646,1757112000000
-1,1758646620000,1758647880000,3783.7749999999996,3788.9626459011997,3773.3997081975995,3773.3997081975995,target,5.187645901200085,2.559955997375451,2.0,1.9918731924262125,1758645900000
-1,1758656340000,1758657180000,3774.115,3780.3616127461282,3761.621774507743,3780.3916127461284,stop,6.246612746128449,2.951907605009483,-1.0048026028216321,-1.0115517005668269,1758655500000
-1,1759358220000,1759358520000,3865.525,3866.9060284997977,3862.762943000405,3866.936028499798,stop,1.3810284997975941,1.1902493802851537,-1.0217229405508987,-1.0522501889068734,1759357200000
1,1759762920000,1759764120000,3934.9449999999997,3930.8676793377454,3943.0996413245084,3930.837679337745,stop,4.077320662254351,2.1200637593785605,-1.007357773029216,-1.0176976514671041,1759762500000
1,1759787580000,1759788180000,3957.31,3955.7669785447297,3960.3960429105405,3960.3960429105405,target,1.5430214552702637,1.8585815561169539,2.0,1.9726776320212505,1759787100000
-1,1759947840000,1759950720000,4044.49,4050.996951477486,4031.476097045027,4051.0269514774864,stop,6.506951477486382,2.532365854112002,-1.0046104539282332,-1.011089524833536,1759946700000
-1,1760464920000,1760465580000,4132.76,4138.012092469458,4122.255815061084,4138.042092469458,stop,5.252092469458148,1.630616350105398,-1.0057120091038383,-1.0137390954975303,1760463600000
-1,1762251720000,1762252020000,3996.02,3999.7587615349694,3988.542476930061,3999.7887615349696,stop,3.738761534969399,1.7909245280827248,-1.0080240474605304,-1.0193002413567387,1762251000000
1,1762518540000,1762521300000,4006.09,4002.8569739855957,4012.556052028809,4002.8269739855955,stop,3.2330260144044587,2.1127296734390604,-1.0092792324795834,-1.022319337883055,1762518000000
1,1763475120000,1763475900000,4040.5200000000004,4036.797546979979,4047.9649060400434,4036.7675469799788,stop,3.722453020021476,1.7521299624970266,-1.008059201778731,-1.0193847980383064,1763474400000
-1,1765230720000,1765231740000,4187.455,4189.156463084445,4184.05207383111,4189.186463084445,stop,1.7014630844450949,1.4609462668350277,-1.0176318841554703,-1.0424099709593635,1765230000000
1,1765361340000,1765361460000,4203.515,4201.697781525014,4207.149436949973,4201.667781525014,stop,1.8172184749864755,1.6193576638840523,-1.0165087469738434,-1.0397084890963826,1765360800000
-1,1765379760000,1765381500000,4197.280000000001,4200.425692350147,4190.988615299708,4200.455692350147,stop,3.145692350146419,1.8985139310082895,-1.0095368512430496,-1.0229389882950208,1765379400000
-1,1765469160000,1765469280000,4221.0,4223.5612735099985,4215.877452980003,4223.591273509998,stop,2.5612735099985002,1.4129331472731825,-1.0117129232323818,-1.0281730942509875,1765468500000
-1,1766070960000,1766071860000,4320.29,4324.514818142793,4311.840363714414,4324.544818142793,stop,4.224818142793083,2.2859325815928235,-1.0071008973607352,-1.017079788421861,1766070300000
1,1766075640000,1766075760000,4335.23,4330.422383043692,4344.845233912614,4330.3923830436925,stop,4.807616956307356,1.8661880899449355,-1.0062400978015495,-1.0150093072421413,1766075100000
1,1766160540000,1766160720000,4329.71,4325.793280050535,4337.54343989893,4325.763280050535,stop,3.916719949465005,1.991013092536122,-1.007659470267677,-1.0184233238349354,1766160000000
1,1766413380000,1766415540000,4409.200000000001,4406.0760664834725,4415.447867033057,4415.447867033057,target,3.1239335165282682,2.1704003291834293,2.0,1.9865045143320295,1766412900000
1,1767199140000,1767201000000,4339.505,4332.530910601521,4353.453178796958,4332.500910601521,stop,6.974089398479009,1.9977946706102037,-1.0043016368568902,-1.0103467271319295,1767198600000
-1,1767886680000,1767887940000,4431.895,4436.61279043917,4422.459419121662,4422.459419121662,target,4.717790439169221,1.5581041634249388,2.0,1.991063825207246,1767886200000
1,1768399080000,1768399260000,4628.395,4625.795314906431,4633.59437018714,4633.59437018714,target,2.5996850935698603,1.5785794799140944,2.0,1.9837830358360413,1768398900000
1,1768405800000,1768408740000,4630.35,4623.435665530576,4644.178668938848,4623.405665530577,stop,6.91433446942392,2.1996742775659444,-1.004338812380629,-1.0104361454191784,1768404900000
-1,1769447040000,1769447640000,5092.84,5097.4850285938355,5083.549942812329,5097.515028593835,stop,4.645028593835377,1.1758714853371983,-1.0064585178312055,-1.0155346729394756,1769446800000
-1,1769617800000,1769617980000,5264.865,5271.208379341038,5252.178241317923,5252.178241317923,target,6.343379341038599,1.5533056410039054,2.0,1.9933538579779941,1769617500000
-1,1769720640000,1769721300000,5343.7,5363.224497922173,5304.651004155653,5304.651004155653,target,19.524497922173396,2.339670046311397,2.0,1.9978407127206013,1769720100000
-1,1769781180000,1769781480000,5114.795,5138.776810351538,5066.831379296924,5138.806810351538,stop,23.981810351538115,2.766673276221285,-1.0012509480960774,-1.0030089054555098,1769780700000
-1,1770030300000,1770030780000,4634.42,4652.410881577665,4598.4382368446695,4652.440881577665,stop,17.990881577665277,1.5235127652036486,-1.0016675113929374,-1.0040108651534525,1770029700000
1,1770403440000,1770405060000,4934.07,4920.908161213324,4960.393677573351,4960.393677573351,target,13.161838786675617,2.4291060570673384,2.0,1.9967968761292927,1770402600000
-1,1771265520000,1771266360000,4979.764999999999,4983.672270990584,4971.9504580188295,4983.702270990584,stop,3.907270990584948,1.8406994661974494,-1.0076779931752966,-1.0184678769846323,1771264500000
-1,1771274220000,1771274760000,4995.1849999999995,4997.768176775276,4990.018646449447,4997.798176775275,stop,2.5831767752761152,2.0153235792789803,-1.011613607046517,-1.0279342090291255,1771273500000
-1,1771417320000,1771417860000,4922.36,4924.848415195504,4917.383169608992,4917.383169608992,target,2.488415195503876,1.32070833716386,2.0,1.9830578915945483,1771416600000
1,1771619640000,1771625400000,5062.57,5053.815972880793,5080.078054238413,5080.078054238413,target,8.754027119206512,2.166692952785831,2.0,1.9951840450770932,1771619400000
-1,1773344340000,1773346620000,5132.094999999999,5138.680423293403,5118.9241534131925,5118.9241534131925,target,6.585423293403437,2.1920481660437163,2.0,1.9935981336169795,1773343500000
1,1773700980000,1773701580000,5010.39,5007.801558929056,5015.5668821418885,5015.5668821418885,target,2.5884410709441,1.1849608041905761,2.0,1.9837125903798833,1773700500000
1,1773770040000,1773772080000,5009.0599999999995,5002.5582787692565,5022.0634424614855,5002.528278769257,stop,6.501721230742987,2.154876942115194,-1.0046141627632221,-1.0110984456944334,1773768900000
1,1775156760000,1775156940000,4659.97,4652.063666279282,4675.782667441436,4652.033666279282,stop,7.906333720718067,1.5929471222050957,-1.003794426223261,-1.009126733394855,1775156100000
-1,1775659320000,1775659860000,4788.17,4797.747642853548,4769.014714292904,4797.777642853548,stop,9.577642853548241,2.4707389200820358,-1.0031322947053336,-1.0075341084547762,1775658600000
-1,1776266640000,1776268860000,4813.674999999999,4816.579016493661,4807.8669670126765,4816.60901649366,stop,2.904016493661402,1.2680381431198038,-1.010330519838722,-1.0248479993682014,1776266400000
1,1778164080000,1778165760000,4731.565,4726.9837666076355,4740.727466784728,4740.727466784728,target,4.581233392364084,2.2213829389313418,2.0,1.9907974564076414,1778163600000
-1,1778499180000,1778500440000,4675.325000000001,4679.09951774274,4667.775964514522,4667.775964514522,target,3.77451774273959,1.575882312335019,2.0,1.9888306260896258,1778498700000
-1,1778598780000,1778599860000,4704.605,4709.65111051313,4694.512778973738,4694.512778973738,target,5.04611051313077,2.3902696451684298,2.0,1.9916452483768845,1778598000000
-1,1778601600000,1778601900000,4707.77,4712.0957260002415,4699.118547999518,4699.118547999518,target,4.325726000241048,1.2512006609915534,2.0,1.9902538903301663,1778601000000
-1,1778620440000,1778620860000,4681.65,4683.979872595302,4676.990254809394,4684.009872595302,stop,2.3298725953027315,1.1656788624637413,-1.0128762405550538,-1.0309712214072242,1778619900000
1,1779312300000,1779312900000,4532.255,4529.249016788741,4538.266966422519,4538.266966422519,target,3.005983211259263,2.132156860665432,2.0,1.9859749715693393,1779311100000
1,1780327800000,1780329840000,4502.174999999999,4497.031527418223,4512.461945163552,4497.001527418223,stop,5.143472581776223,2.070036277239027,-1.0058326353495182,-1.0140292378062656,1780327500000
-1,1781038620000,1781039940000,4263.28,4268.55924156394,4252.721516872119,4268.58924156394,stop,5.279241563940559,1.7071578272578292,-1.005682634453528,-1.0136684406511385,1781037900000
-1,1781204760000,1781205120000,4091.58,4095.9968039033874,4082.746392193225,4096.026803903387,stop,4.4168039033875175,1.4396178974988318,-1.0067922417784354,-1.0163373791497516,1781204100000
1,1781261340000,1781261820000,4175.4,4169.846715092793,4186.5065698144135,4186.5065698144135,target,5.553284907206944,2.192505257591709,2.0,1.992408277136063,1781260500000
-1,1781635740000,1781635980000,4325.56,4329.153024490372,4318.373951019256,4329.183024490372,stop,3.593024490372045,1.5419085284244456,-1.0083495116941545,-1.0200830804780496,1781635200000
-1,1781648400000,1781650500000,4340.225,4343.249174485518,4334.176651028965,4334.176651028965,target,3.0241744855175057,2.17293742763627,2.0,1.9860593361256451,1781647800000
-1,1781712780000,1781713380000,4332.29,4335.785441660145,4325.29911667971,4335.815441660145,stop,3.495441660144934,1.788483406023906,-1.008582606410459,-1.0206437431991793,1781711700000
-1,1782391140000,1782395880000,3992.59,3998.1833645362935,3981.4032709274134,3981.4032709274134,target,5.593364536293393,2.2076351403111207,2.0,1.9924626761359028,1782390900000
1,1783459560000,1783459860000,4141.95,4140.107311462819,4145.635377074362,4140.077311462819,stop,1.8426885371809476,1.3887322720824933,-1.0162805592993165,-1.0391596292828404,1783459200000
-1,1783705200000,1783709340000,4098.425,4109.748059621098,4075.7788807578045,4109.778059621098,stop,11.323059621097855,2.228687175856944,-1.0026494605701668,-1.0063727475094535,1783704300000
-1,1783940040000,1783940340000,4061.025,4063.2898251145857,4056.495349770829,4063.319825114586,stop,2.2648251145856193,1.2594598478657717,-1.0132460558685075,-1.031860738180397,1783939200000
-1,1784122560000,1784126520000,4032.08,4036.4252568413435,4023.3894863173127,4036.4552568413437,stop,4.345256841343598,2.11698514548557,-1.006904079803698,-1.0166063831517695,1784121300000
1,1784145360000,1784147400000,4031.855,4026.385396860336,4042.7942062793277,4042.7942062793277,target,5.469603139663832,1.7385723313230437,2.0,1.9922921281629602,1784144400000
1,1784725500000,1784729880000,4116.025,4113.002688738487,4122.069622523024,4122.069622523024,target,3.0223112615121863,1.7045230154707354,2.0,1.9860507418488373,1784724900000
-1,1785840480000,1785841380000,4065.0299999999997,4067.1907030408834,4060.7085939182325,4067.2207030408836,stop,2.160703040883618,1.1330197100543928,-1.0138843697780568,-1.03339607462703,1785839700000
1,1785961860000,1785962460000,4241.27,4236.46591027101,4250.878179457981,4250.878179457981,target,4.8040897289902205,1.8907059911785817,2.0,1.9912243520878488,1785961200000
1,1787353020000,1787353260000,4618.77,4615.652803352577,4625.0043932948465,4615.622803352578,stop,3.117196647423043,2.1177089981370423,-1.0096240319084604,-1.0231486839495347,1787352000000
-1,1787758440000,1787761020000,4624.37,4634.064453171813,4604.9810936563745,4604.9810936563745,target,9.694453171812711,2.7350448360291706,2.0,1.9956512245453326,1787758200000
1,1787863440000,1787863740000,4610.91,4608.288001093899,4616.153997812202,4608.258001093899,stop,2.6219989061009983,1.725011694726492,-1.011441652370617,-1.0275206064471811,1787863200000
1,1787864940000,1787866140000,4604.860000000001,4602.09169268652,4610.396614626961,4602.0616926865205,stop,2.7683073134803635,1.644793239364351,-1.0108369471314327,-1.0260661089353644,1787864700000
-1,1787934300000,1787934960000,4601.15,4605.7718404552825,4591.906319089434,4605.801840455282,stop,4.621840455282836,1.7002033234853868,-1.0064909207251962,-1.0156126116203916,1787933400000
-1,1788870720000,1788871260000,4397.085,4399.6298202183525,4391.995359563295,4399.659820218352,stop,2.54482021835247,1.8200659735448474,-1.0117886520169066,-1.0283552446964057,1788870000000
-1,1788879480000,1788880380000,4403.8150000000005,4408.15878907993,4395.127421840141,4395.127421840141,target,4.343789079929593,2.5735012488707816,2.0,1.9902944182546076,1788878400000
-1,1789140780000,1789141200000,4330.22,4349.204821507723,4292.250356984555,4349.234821507723,stop,18.9848215077227,2.3885641396558968,-1.0015802097474311,-1.0038008785055152,1789140600000
1,1789422180000,1789422660000,4309.395,4306.232691810483,4315.719616379036,4306.202691810483,stop,3.1623081895177165,2.3030732548685293,-1.009486741393261,-1.0228184590733234,1789421400000
-1,1789484640000,1789485000000,4284.4,4287.0494811233975,4279.101037753204,4279.101037753204,target,2.6494811233978908,1.899526659147796,2.0,1.9840878277532576,1789484400000
1,1789579200000,1789580940000,4332.195,4323.953654080851,4348.677691838297,4348.677691838297,target,8.241345919148443,2.9822571451552102,2.0,1.99488445207693,1789578600000
1,1789651020000,1789651740000,4308.375,4304.968578079796,4315.187843840407,4315.187843840407,target,3.406421920203684,2.1102598184307304,2.0,1.9876236705294925,1789650300000
1,1790097420000,1790097540000,4330.625,4327.235317275726,4337.404365448549,4327.205317275726,stop,3.38968272427428,1.0128048083828325,-1.0088503858443472,-1.0212878330715138,1790097000000
-1,1790334540000,1790334840000,4279.049999999999,4282.332036006761,4272.485927986476,4282.362036006761,stop,3.2820360067617003,1.6244807345863124,-1.009140667542324,-1.021986047639661,1790334000000
1,1790350200000,1790351040000,4301.775,4297.246276949786,4310.832446100427,4297.216276949786,stop,4.528723050213557,1.8581431039187084,-1.0066243838863873,-1.0159336305620064,1790349300000
